Clabel,conductor,ainvs,rank,torsion
5077a1,5077,"[0,0,1,-7,6]",3,1
11197a1,11197,"[1,-1,1,-6,0]",3,1
11642a1,11642,"[1,-1,0,-16,28]",3,1
12279a1,12279,"[0,-1,1,-10,12]",3,1
13766a1,13766,"[1,0,1,-23,42]",3,1
16811a1,16811,"[0,0,1,-1,6]",3,1
18097b1,18097,"[1,1,1,-10,6]",3,1
18562c1,18562,"[1,0,1,-20,30]",3,1
18745a1,18745,"[0,1,1,-146,636]",3,1
20888a1,20888,"[0,0,0,-52,100]",3,1
21443a1,21443,"[1,1,1,-5,6]",3,1
21858a1,21858,"[1,1,0,-32,60]",3,1
22481a1,22481,"[1,-1,1,6,2]",3,1
22696a1,22696,"[0,1,0,-105,379]",3,1
24301a1,24301,"[1,0,0,-44,109]",3,1
24546a1,24546,"[1,1,0,-39,81]",3,1
24646b1,24646,"[1,0,1,-13,12]",3,1
25071a1,25071,"[0,-1,1,-24,-16]",3,1
25383a1,25383,"[0,-1,1,-32,80]",3,1
25451a1,25451,"[1,1,1,-54,136]",3,1
25751a1,25751,"[1,0,0,-39,94]",3,1
26171a1,26171,"[0,0,1,-49,132]",3,1
26198a1,26198,"[1,-1,0,-16,16]",3,1
26284a1,26284,"[0,1,0,-9,16]",3,1
26743a1,26743,"[1,0,0,6,-5]",3,1
27262c1,27262,"[1,-1,1,-237,1365]",3,1
27382a1,27382,"[1,0,1,-10,0]",3,1
27448d1,27448,"[0,0,0,-79,274]",3,1
27584bd1,27584,"[0,0,0,-4,64]",3,1
27746a1,27746,"[1,0,1,-12,26]",3,1
27747c1,27747,"[0,0,1,-327,2286]",3,1
27773a1,27773,"[1,-1,1,-21,42]",3,1
27808a1,27808,"[0,0,0,-364,2656]",3,1
28042b1,28042,"[1,-1,0,-19,49]",3,1
28498a1,28498,"[1,-1,0,-13,25]",3,1
28571a1,28571,"[0,-1,1,-4,10]",3,1
29157b1,29157,"[0,1,1,-240,1190]",3,1
30064c1,30064,"[0,1,0,-152,676]",3,1
30148b1,30148,"[0,0,0,-37,85]",3,1
30376a1,30376,"[0,1,0,-25,-21]",3,1
30446a1,30446,"[1,1,0,-39,-59]",3,1
30487a1,30487,"[0,0,1,-28,-15]",3,1
30767d1,30767,"[0,0,1,-31,60]",3,1
30815a1,30815,"[0,1,1,-16,26]",3,1
31478b1,31478,"[1,0,1,-5,12]",3,1
31737a1,31737,"[0,-1,1,-34,90]",3,1
31814a1,31814,"[1,0,1,2,12]",3,1
32192e1,32192,"[0,0,0,-52,160]",3,1
32244c1,32244,"[0,-1,0,-30,81]",3,1
32276b1,32276,"[0,1,0,-17,16]",3,1
32336b1,32336,"[0,1,0,-32,4]",3,1
33424o1,33424,"[0,-1,0,-312,2224]",3,1
33428a1,33428,"[0,1,0,-45,79]",3,1
33509a1,33509,"[0,1,1,-22,32]",3,1
33609a1,33609,"[1,1,1,-232,1262]",3,1
33709a1,33709,"[1,-1,1,-48,-42]",3,1
33914a1,33914,"[1,0,1,-28,282]",3,1
34415a1,34415,"[1,0,0,9,100]",3,1
34862a1,34862,"[1,-1,1,-57,345]",3,1
35003a1,35003,"[0,1,1,18,-18]",3,1
35083c1,35083,"[0,1,1,-4,8]",3,1
35234a1,35234,"[1,1,0,-181,749]",3,1
35243b1,35243,"[1,0,0,-22,21]",3,1
35882b1,35882,"[1,-1,0,-64,244]",3,1
36094c1,36094,"[1,-1,1,-162,1185]",3,1
36739a1,36739,"[1,1,1,-14,-24]",3,1
37229a1,37229,"[1,0,0,-9,4]",3,1
37544c1,37544,"[0,1,0,-177,1171]",3,1
38439b1,38439,"[0,0,1,-57,76]",3,1
38600m1,38600,"[0,0,0,-175,850]",3,1
38601a1,38601,"[0,0,1,3,16]",3,1
39023a1,39023,"[1,-1,1,-6,12]",3,1
39077c1,39077,"[0,1,1,-90,300]",3,1
39289a1,39289,"[0,1,1,-257,1500]",3,1
39883a1,39883,"[0,1,1,-14,18]",3,1
40331c1,40331,"[0,-1,1,8,-8]",3,1
40929a1,40929,"[0,-1,1,-42,110]",3,1
41001a1,41001,"[0,-1,1,-134,644]",3,1
41107a1,41107,"[0,1,1,-82,182]",3,1
41406b1,41406,"[1,1,0,-69,189]",3,1
41775k1,41775,"[0,-1,1,-58,168]",3,1
41785a1,41785,"[0,1,1,-286,1766]",3,1
41933a1,41933,"[1,0,0,-95,346]",3,1
42093a1,42093,"[0,0,1,-21,22]",3,1
42153a1,42153,"[0,-1,1,-6,20]",3,1
42190a1,42190,"[1,0,1,-19,42]",3,1
42264a1,42264,"[0,0,0,-252,1620]",3,1
42384a1,42384,"[0,-1,0,-80,336]",3,1
42526b1,42526,"[1,0,1,-78,272]",3,1
42528c1,42528,"[0,-1,0,-65,81]",3,1
42584c1,42584,"[0,1,0,-44,112]",3,1
43556b1,43556,"[0,1,0,-14,1]",3,1
43669a1,43669,"[0,0,1,-19,30]",3,1
43730e1,43730,"[1,-1,0,-184,940]",3,1
43976f1,43976,"[0,0,0,-31,34]",3,1
44012b1,44012,"[0,-1,0,-65,226]",3,1
44233a1,44233,"[1,1,1,-137,600]",3,1
44409b1,44409,"[1,1,1,-45,96]",3,1
44755a1,44755,"[0,1,1,9,0]",3,1
44755b1,44755,"[0,1,1,-410,3306]",3,1
44794c1,44794,"[1,0,0,-155,721]",3,1
44860b1,44860,"[0,0,0,-28,73]",3,1
44869b1,44869,"[1,1,1,-222,-410]",3,1
45123h1,45123,"[0,-1,1,-30,2]",3,1
45352a1,45352,"[0,1,0,-137,571]",3,1
45985a1,45985,"[0,1,1,-76,230]",3,1
46024a1,46024,"[0,1,0,-65,259]",3,1
46222a1,46222,"[1,-1,0,-61,193]",3,1
46307a1,46307,"[1,0,0,-9,-2]",3,1
46462d1,46462,"[1,0,1,-53,132]",3,1
46672g1,46672,"[0,0,0,-67,130]",3,1
46896d1,46896,"[0,-1,0,-72,144]",3,1
47087a1,47087,"[1,-1,1,-31,72]",3,1
47440a1,47440,"[0,1,0,-576,5140]",3,1
47453a1,47453,"[0,0,1,-19,42]",3,1
47696h1,47696,"[0,1,0,-472,3684]",3,1
47976d1,47976,"[0,-1,0,-52,196]",3,1
48272b1,48272,"[0,0,0,-19,226]",3,1
48434c1,48434,"[1,0,1,-227,1374]",3,1
48444a1,48444,"[0,-1,0,-170,921]",3,1
48734b1,48734,"[1,0,1,45,110]",3,1
48734b2,48734,"[1,0,1,-1135,14742]",3,1
48746a1,48746,"[1,0,0,-15,121]",3,1
48856a1,48856,"[0,1,0,-1465,21099]",3,1
49183a1,49183,"[1,0,0,-1611,24754]",3,1
49259a1,49259,"[1,-1,1,159,-450]",3,1
49411a1,49411,"[0,1,1,-9,12]",3,1
49626a1,49626,"[1,-1,0,-9,49]",3,1
49648d1,49648,"[0,0,0,-2011,34714]",3,1
49831a1,49831,"[1,0,0,-79,264]",3,1
50029c1,50029,"[0,1,1,-30,60]",3,1
50121a1,50121,"[0,0,1,-147,706]",3,1
50360a1,50360,"[0,0,0,-28,148]",3,1
50382f1,50382,"[1,-1,0,-51,161]",3,1
50744c1,50744,"[0,1,0,-20,64]",3,1
50862a1,50862,"[1,1,0,-172,820]",3,1
51034a1,51034,"[1,-1,0,-91,-167]",3,1
51052a1,51052,"[0,1,0,-169,792]",3,1
51065c1,51065,"[0,1,1,-56,156]",3,1
51094a1,51094,"[1,-1,0,-1169,15709]",3,1
51317a1,51317,"[1,-1,1,-9,204]",3,1
51536b1,51536,"[0,1,0,-72,196]",3,1
51822d1,51822,"[1,-1,0,-279,1849]",3,1
51962a1,51962,"[1,-1,0,-31,73]",3,1
52013a1,52013,"[1,-1,1,-33,90]",3,1
52158a1,52158,"[1,1,0,-7,25]",3,1
52277b1,52277,"[0,1,1,-15,15]",3,1
52396b1,52396,"[0,-1,0,-532,4904]",3,1
53022b1,53022,"[1,1,0,-17,-15]",3,1
53083a1,53083,"[0,1,1,-20,30]",3,1
53122a1,53122,"[1,-1,0,47,-35]",3,1
53237b1,53237,"[0,1,1,-10,-10]",3,1
53238e1,53238,"[1,1,0,-22,40]",3,1
53461b1,53461,"[0,-1,1,-16,28]",3,1
53486d1,53486,"[1,-1,0,-344,2544]",3,1
53916a1,53916,"[0,-1,0,-45,126]",3,1
53926e1,53926,"[1,0,0,-92,784]",3,1
53957b1,53957,"[0,1,1,-50,120]",3,1
54489b1,54489,"[1,1,1,-205,56]",3,1
54512b1,54512,"[0,0,0,-91,346]",3,1
55064b1,55064,"[0,1,0,-19,30]",3,1
55783e1,55783,"[1,1,1,-475,3786]",3,1
55846a1,55846,"[1,-1,0,-154,784]",3,1
55935g1,55935,"[0,0,1,-273,2178]",3,1
56052g1,56052,"[0,0,0,-72,225]",3,1
56441b1,56441,"[1,1,1,-55,-144]",3,1
56982a1,56982,"[1,1,0,-11,81]",3,1
56982b1,56982,"[1,1,0,-382,2740]",3,1
58397c1,58397,"[1,0,0,-35,76]",3,1
58739a1,58739,"[0,0,1,-104,382]",3,1
58774b1,58774,"[1,-1,0,2,16]",3,1
58939a1,58939,"[0,1,1,9,9]",3,1
59111a1,59111,"[0,-1,1,0,42]",3,1
59450i1,59450,"[1,0,1,-131,558]",3,2
59450i2,59450,"[1,0,1,-231,-442]",3,2
59614a1,59614,"[1,0,1,-28,42]",3,1
59704d1,59704,"[0,-1,0,-4,68]",3,1
59936b1,59936,"[0,1,0,-145,639]",3,1
60055b1,60055,"[0,-1,1,-30,3306]",3,1
60128a1,60128,"[0,1,0,-2,16]",3,1
60215b1,60215,"[0,1,1,20,134]",3,1
60296a1,60296,"[0,-1,0,-24,-35]",3,1
60803a1,60803,"[0,1,1,-65,195]",3,1
60892b1,60892,"[0,0,0,-1039,12886]",3,1
61025b1,61025,"[0,0,1,-175,-594]",3,1
61075a1,61075,"[0,0,1,-475,3906]",3,1
61229a1,61229,"[0,0,1,53,1536]",3,1
61376c1,61376,"[0,1,0,-145,399]",3,2
61376c2,61376,"[0,1,0,415,3199]",3,2
61504cg1,61504,"[0,0,0,-124,496]",3,1
61598c1,61598,"[1,0,1,35,-120]",3,1
61651a1,61651,"[1,0,0,-12,19]",3,1
61672b1,61672,"[0,1,0,-92,304]",3,1
61805c1,61805,"[1,0,0,-71,226]",3,1
61826a1,61826,"[1,1,0,-161,709]",3,1
61839b1,61839,"[1,-1,1,-17,20]",3,1
61886d1,61886,"[1,1,0,-1591,27029]",3,1
61995a1,61995,"[0,-1,1,-26,32]",3,1
62078c1,62078,"[1,-1,1,-69,189]",3,1
62168c1,62168,"[0,1,0,-172,816]",3,1
62246b1,62246,"[1,0,0,-372,2704]",3,1
62282a1,62282,"[1,0,1,-30,-28]",3,1
62319c1,62319,"[1,0,0,-187,-166]",3,1
62546a1,62546,"[1,1,0,-71,229]",3,1
62576b1,62576,"[0,-1,0,-104,-272]",3,1
62592c1,62592,"[0,-1,0,-57,9]",3,1
62823b1,62823,"[0,-1,1,-22,42]",3,1
63002h1,63002,"[1,-1,0,-394,3124]",3,1
63213b1,63213,"[0,1,1,-90,20]",3,1
63298c1,63298,"[1,-1,1,-129,657]",3,1
63422h1,63422,"[1,-1,1,-279,1839]",3,1
63437a1,63437,"[1,-1,1,-93,30]",3,1
63447a1,63447,"[1,1,1,-2,20]",3,1
63472g1,63472,"[0,1,0,56,372]",3,1
63574d1,63574,"[1,-1,0,-91,361]",3,1
63789c1,63789,"[1,1,1,-1934,40592]",3,1
63936o1,63936,"[0,0,0,-84,416]",3,1
64018h1,64018,"[1,0,0,-362,1444]",3,1
64432d1,64432,"[0,1,0,-24,100]",3,1
64522c1,64522,"[1,0,0,55,1561]",3,1
64672h1,64672,"[0,1,0,-102,364]",3,1
64763a1,64763,"[0,0,1,-1,12]",3,1
64776a1,64776,"[0,-1,0,-97,421]",3,1
65122e1,65122,"[1,-1,1,-339,2547]",3,1
65283c1,65283,"[1,0,0,-370,2711]",3,1
65424a1,65424,"[0,-1,0,-120,576]",3,1
65428d1,65428,"[0,0,0,-16,1]",3,1
65481c1,65481,"[1,1,1,-234,1230]",3,2
65481c2,65481,"[1,1,1,111,4956]",3,2
65509a1,65509,"[0,-1,1,-347,2607]",3,1
65515a1,65515,"[1,0,0,-220,1275]",3,1
65563a1,65563,"[0,1,1,-85,275]",3,1
65710b1,65710,"[1,-1,0,-40,100]",3,1
66170b1,66170,"[1,-1,0,-100,436]",3,1
66387a1,66387,"[1,1,1,-112,410]",3,1
66531a1,66531,"[1,1,1,-604,5462]",3,1
66848j1,66848,"[0,0,0,-13,4]",3,1
66993d1,66993,"[0,1,1,-202,1042]",3,1
67037b1,67037,"[1,0,0,-65,196]",3,1
67042a1,67042,"[1,0,0,6,100]",3,1
67064a1,67064,"[0,-1,0,-3004,64388]",3,1
67119a1,67119,"[0,1,1,-510,4430]",3,1
67194e1,67194,"[1,-1,0,-81,81]",3,1
67244a1,67244,"[0,-1,0,-669,6889]",3,1
67302f1,67302,"[1,-1,0,-261,1381]",3,1
67418a1,67418,"[1,1,0,-124,464]",3,1
67484b1,67484,"[0,0,0,-1,25]",3,1
67520z1,67520,"[0,0,0,-532,5344]",3,1
67926b1,67926,"[1,1,0,-59,141]",3,1
68309a1,68309,"[0,0,1,-11,6]",3,1
68499j1,68499,"[0,0,1,-459,3800]",3,1
68594b1,68594,"[1,0,1,-13,72]",3,1
68672c1,68672,"[0,0,0,-988,12016]",3,1
68751d1,68751,"[1,-1,1,-104,-196]",3,1
68773a1,68773,"[0,-1,1,-296,2058]",3,1
68802d1,68802,"[1,0,1,-173,812]",3,1
68811b1,68811,"[0,1,1,-102,380]",3,1
68890d1,68890,"[1,0,1,22,156]",3,1
68890d2,68890,"[1,0,1,-1638,25388]",3,1
69158c1,69158,"[1,0,0,-582,5476]",3,1
69232a1,69232,"[0,0,0,29,130]",3,1
69309c1,69309,"[0,0,1,-57,-54]",3,1
69321a1,69321,"[0,-1,1,-182,992]",3,1
69359a1,69359,"[0,0,1,-377,2816]",3,1
69402e1,69402,"[1,1,0,-71,201]",3,1
69477a1,69477,"[1,1,1,-7,20]",3,1
69668b1,69668,"[0,1,0,-30,49]",3,1
69850m1,69850,"[1,-1,0,-142,616]",3,1
69966t1,69966,"[1,-1,0,-324,-896]",3,2
69966t2,69966,"[1,-1,0,-2664,52924]",3,2
70022b1,70022,"[1,-1,0,-517,-2603]",3,1
70363a1,70363,"[0,0,1,-1459,21450]",3,1
70397b1,70397,"[0,-1,1,-3418,78052]",3,1
70436b1,70436,"[0,1,0,-22,-39]",3,1
70449a1,70449,"[0,-1,1,82,1472]",3,1
70449b1,70449,"[0,-1,1,-40,132]",3,1
70535a1,70535,"[1,-1,1,-18,6]",3,1
70802b1,70802,"[1,1,0,-21,25]",3,1
71145a1,71145,"[0,0,1,-2793,56848]",3,1
71215a1,71215,"[1,1,1,10,30]",3,1
71234a1,71234,"[1,0,1,-301,1980]",3,1
71288i1,71288,"[0,0,0,-2119,34186]",3,1
71374d1,71374,"[1,1,0,-57,145]",3,1
71642b1,71642,"[1,-1,0,-58,-140]",3,1
71688a1,71688,"[0,-1,0,-65,261]",3,1
72091a1,72091,"[0,1,1,-2,12]",3,1
72098a1,72098,"[1,1,0,-329,2209]",3,1
72266a1,72266,"[1,-1,0,-13,1]",3,1
72379a1,72379,"[0,1,1,-6,12]",3,1
72382a1,72382,"[1,1,0,-64,176]",3,1
72410a1,72410,"[1,-1,0,-130,676]",3,1
72471b1,72471,"[0,-1,1,-212,1070]",3,1
72578a1,72578,"[1,-1,0,-286,1936]",3,1
72683a1,72683,"[1,1,1,19,42]",3,1
72701a1,72701,"[1,1,1,-2,12]",3,1
72751b1,72751,"[0,1,1,-420,3180]",3,1
73132a1,73132,"[0,1,0,-421,3111]",3,1
73136b1,73136,"[0,1,0,-112,564]",3,1
73334a1,73334,"[1,0,1,-18,32]",3,1
73397c1,73397,"[0,1,1,-24,36]",3,1
73401a1,73401,"[0,-1,1,-4,24]",3,1
73434b1,73434,"[1,1,0,-19,1]",3,1
73931a1,73931,"[0,-1,1,-2042,36222]",3,1
74015a1,74015,"[0,-1,1,84,72]",3,1
74174a1,74174,"[1,0,1,-83,282]",3,1
74179b1,74179,"[0,0,1,-97,276]",3,1
74216a1,74216,"[0,0,0,-76,244]",3,1
74350c1,74350,"[1,0,1,-51,98]",3,1
74434a1,74434,"[1,1,0,8,20]",3,1
74451a1,74451,"[0,-1,1,-92,362]",3,1
74560p1,74560,"[0,0,0,-508,4432]",3,1
74639b1,74639,"[1,1,1,-121,462]",3,1
74864b1,74864,"[0,1,0,-400,2964]",3,1
74921g1,74921,"[0,-1,1,-604,-596]",3,1
74999a1,74999,"[0,-1,1,15,72]",3,1
75159h1,75159,"[1,-1,1,-149,474]",3,1
75692a1,75692,"[0,0,0,8,25]",3,1
75729a1,75729,"[0,-1,1,-270,1802]",3,1
75765c1,75765,"[0,-1,1,-66,236]",3,1
75772a1,75772,"[0,0,0,-14872,698020]",3,1
75781a1,75781,"[0,0,1,-13,12]",3,1
76074b1,76074,"[1,0,1,-163,602]",3,1
76119a1,76119,"[0,-1,1,-50,152]",3,1
76136c1,76136,"[0,-1,0,-44,100]",3,1
76338h1,76338,"[1,-1,0,-51,233]",3,1
76358e1,76358,"[1,-1,1,-159,519]",3,1
76599a1,76599,"[1,-1,1,-104,434]",3,1
76626e1,76626,"[1,-1,0,-429,3509]",3,1
76644c1,76644,"[0,0,0,-192,1105]",3,1
76784h1,76784,"[0,-1,0,64,64]",3,1
76784i1,76784,"[0,0,0,-1579,24154]",3,1
76962e1,76962,"[1,0,1,-628,6062]",3,1
77063a1,77063,"[0,0,1,-104,-175]",3,1
77336d1,77336,"[0,1,0,-140,784]",3,1
77346a1,77346,"[1,-1,0,-276,1836]",3,1
77346d1,77346,"[1,-1,0,99,1093]",3,1
77496f1,77496,"[0,1,0,-660,6624]",3,1
77555d1,77555,"[1,1,1,-100,342]",3,1
77709a1,77709,"[1,1,1,-20,-34]",3,1
77725c1,77725,"[1,0,0,-838,9417]",3,1
77790a1,77790,"[1,1,0,-18,72]",3,1
78185b1,78185,"[1,0,0,-1,30]",3,1
78242a1,78242,"[1,-1,0,-3016,64516]",3,1
78287b1,78287,"[1,1,1,-74,210]",3,1
78344a1,78344,"[0,1,0,-12,49]",3,1
78361a1,78361,"[1,-1,1,-27,90]",3,1
78830a1,78830,"[1,0,1,-274,1716]",3,1
78923b1,78923,"[0,0,1,-676,7140]",3,1
79077f1,79077,"[0,1,1,-214,436]",3,1
79110c1,79110,"[1,-1,0,-135,625]",3,1
79198d1,79198,"[1,0,1,-60,110]",3,1
79317b1,79317,"[0,0,1,-129,1120]",3,1
79555a1,79555,"[1,0,0,-361,2610]",3,1
79675b1,79675,"[1,0,0,12,67]",3,1
79934b1,79934,"[1,1,0,-59,169]",3,1
80212b1,80212,"[0,-1,0,-30,121]",3,1
80222a1,80222,"[1,-1,0,-16,-12]",3,1
80256a1,80256,"[0,-1,0,-835,9571]",3,2
80256a2,80256,"[0,-1,0,-825,9801]",3,2
80351d1,80351,"[1,-1,1,51,204]",3,1
80559b1,80559,"[1,-1,1,-86,240]",3,1
80615d1,80615,"[0,1,1,-2620,50624]",3,1
80674a1,80674,"[1,1,0,-10697,420565]",3,1
80721b1,80721,"[1,-1,1,-113,618]",3,1
80913a1,80913,"[0,-1,1,-140,512]",3,1
80965a1,80965,"[0,0,1,-13,-12]",3,1
81063c1,81063,"[0,0,1,-111,396]",3,1
81162c1,81162,"[1,-1,0,-96,368]",3,1
81234h1,81234,"[1,-1,0,-198,1080]",3,1
81328c1,81328,"[0,1,0,96,196]",3,2
81328c2,81328,"[0,1,0,-424,1236]",3,2
81494a1,81494,"[1,1,0,-254,-716]",3,1
81524c1,81524,"[0,-1,0,-517,4694]",3,1
81939e1,81939,"[0,-1,1,-280,2172]",3,1
82093a1,82093,"[1,1,1,-45,106]",3,1
82146a1,82146,"[1,1,0,-2169,37989]",3,1
82174c1,82174,"[1,0,0,-1705,26841]",3,1
82288q1,82288,"[0,0,0,-419,6306]",3,1
82296i1,82296,"[0,0,0,-207,1170]",3,1
82480a1,82480,"[0,1,0,-136,660]",3,1
82538a1,82538,"[1,1,0,-18,16]",3,1
82539e1,82539,"[1,-1,1,-11,46]",3,1
82547b1,82547,"[0,0,1,-1267,17346]",3,1
82701f1,82701,"[0,0,1,-1809,29612]",3,1
82763a1,82763,"[0,-1,1,-10,22]",3,1
82808c1,82808,"[0,1,0,28,64]",3,1
83016f1,83016,"[0,0,0,-39,1226]",3,1
83105a1,83105,"[1,0,0,-3031,64086]",3,1
83111c1,83111,"[1,1,1,-42,670]",3,1
83262a1,83262,"[1,1,0,-21,9]",3,1
83350a1,83350,"[1,1,0,-400,2000]",3,1
83582g1,83582,"[1,-1,0,430,1992]",3,1
83718d1,83718,"[1,-1,0,-216,1156]",3,1
83798c1,83798,"[1,-1,1,-972,12495]",3,1
83806a1,83806,"[1,0,1,-52,114]",3,1
83876a1,83876,"[0,1,0,-125,319]",3,1
83928b1,83928,"[0,-1,0,-577,5509]",3,1
84176a1,84176,"[0,0,0,-59,-134]",3,1
84341a1,84341,"[1,1,1,-58,132]",3,1
84470b1,84470,"[1,0,1,-48,506]",3,1
84534a1,84534,"[1,1,0,-301,1885]",3,2
84534a2,84534,"[1,1,0,-421,85]",3,2
84650g1,84650,"[1,-1,0,-67,-59]",3,1
84746a1,84746,"[1,0,0,-1260,17296]",3,1
85174a1,85174,"[1,0,1,-56,6]",3,1
85222a1,85222,"[1,0,1,-40,90]",3,1
85295a1,85295,"[1,0,0,-81,286]",3,1
85318e1,85318,"[1,-1,1,-282,345]",3,1
85863a1,85863,"[0,-1,1,-232,1440]",3,1
85970a1,85970,"[1,0,1,-164,786]",3,1
86007a1,86007,"[1,1,1,-82,242]",3,1
86321a1,86321,"[1,0,0,-36,79]",3,1
86487a1,86487,"[0,-1,1,-198,2774]",3,1
86534e1,86534,"[1,0,1,-110,480]",3,1
86611a1,86611,"[0,0,1,-157,756]",3,1
86786a1,86786,"[1,0,1,-45,152]",3,1
86802i1,86802,"[1,1,0,-1334,19044]",3,1
86895f1,86895,"[0,0,1,-63,344]",3,1
86903b1,86903,"[0,1,1,115,-390]",3,1
87116c1,87116,"[0,1,0,-174,841]",3,1
87130a1,87130,"[1,-1,0,-25,25]",3,1
87194a1,87194,"[1,0,1,-37,84]",3,1
87228c1,87228,"[0,0,0,-57,785]",3,1
87289b1,87289,"[1,1,1,-132,-20]",3,1
87336g1,87336,"[0,0,0,-399,3314]",3,1
87398b1,87398,"[1,0,1,3,20]",3,1
87634a1,87634,"[1,0,1,-4358,110352]",3,1
87763b1,87763,"[1,-1,1,-588,-4872]",3,1
87837a1,87837,"[0,-1,1,-7172,236912]",3,1
87855a1,87855,"[1,1,1,-141,588]",3,1
87866a1,87866,"[1,-1,0,22,4]",3,1
87914e1,87914,"[1,0,0,5,81]",3,1
88022a1,88022,"[1,1,0,-534,4564]",3,1
88024a1,88024,"[0,0,0,14,1]",3,1
88208c1,88208,"[0,1,0,-17448,881332]",3,1
88264h1,88264,"[0,0,0,-199,1546]",3,1
88337a1,88337,"[1,0,0,-15,16]",3,1
88362e1,88362,"[1,-1,0,-108,324]",3,1
88460a1,88460,"[0,1,0,-310,2025]",3,1
88492a1,88492,"[0,1,0,-49,120]",3,1
88502f1,88502,"[1,0,1,-838,9252]",3,2
88502f2,88502,"[1,0,1,-1028,4692]",3,2
88582e1,88582,"[1,1,0,-766,7904]",3,1
88705c1,88705,"[1,-1,1,-597,20946]",3,1
88754a1,88754,"[1,-1,0,-10,11412]",3,1
88765d1,88765,"[1,-1,1,18,6]",3,1
88883a1,88883,"[1,-1,1,0,14]",3,1
88975c1,88975,"[0,-1,1,-3,33]",3,1
89098a1,89098,"[1,1,0,-83,301]",3,1
89294a1,89294,"[1,-1,1,-84,567]",3,1
89421b1,89421,"[1,1,1,-1198,15164]",3,1
89428b1,89428,"[0,1,0,47,240]",3,1
89475a1,89475,"[1,1,1,37,1406]",3,1
89574a1,89574,"[1,1,0,-31,85]",3,1
89576d1,89576,"[0,-1,0,-15,16]",3,1
89687a1,89687,"[1,0,0,-14,13]",3,1
89738b1,89738,"[1,-1,0,-31,61]",3,1
89992a1,89992,"[0,0,0,-31,226]",3,1
90297b1,90297,"[0,0,1,-114,412]",3,1
90312i1,90312,"[0,1,0,-620,6864]",3,1
90459o1,90459,"[0,0,1,-1587,72076]",3,1
90568e1,90568,"[0,1,0,-36,-32]",3,1
90644b1,90644,"[0,0,0,56,1]",3,1
90704c1,90704,"[0,1,0,-77,-281]",3,1
90840a1,90840,"[0,-1,0,-121,445]",3,1
90935a1,90935,"[0,1,1,34,426]",3,1
90953a1,90953,"[1,-1,1,-261,-5418]",3,1
91031c1,91031,"[0,1,1,-9210,271050]",3,1
91055a1,91055,"[0,1,1,-46,110]",3,1
91248s1,91248,"[0,-1,0,-112,256]",3,1
91270c1,91270,"[1,0,1,-173,1428]",3,1
91341d1,91341,"[0,0,1,-129,562]",3,1
91388b1,91388,"[0,1,0,54,793]",3,1
91506a1,91506,"[1,1,0,-481,3865]",3,1
91607a1,91607,"[1,0,0,-19,-30]",3,1
91744d1,91744,"[0,1,0,-1281,17263]",3,1
91775c1,91775,"[0,1,1,-38,84]",3,1
91958a1,91958,"[1,1,0,-69,-179]",3,1
91963a1,91963,"[0,0,1,-11,20]",3,1
91985b1,91985,"[0,0,1,-367,2580]",3,1
92096d1,92096,"[0,-1,0,-41,169]",3,1
92144a1,92144,"[0,1,0,-1056,12916]",3,1
92437a1,92437,"[0,-1,1,-24,-36]",3,1
92437b1,92437,"[0,-1,1,-2158,38530]",3,1
92480bb1,92480,"[0,1,0,-521,4279]",3,2
92480bb2,92480,"[0,1,0,159,15295]",3,2
92553b1,92553,"[1,1,1,-22,-40]",3,1
92601a1,92601,"[0,0,1,33,216]",3,1
92651a1,92651,"[0,-1,1,-14,30]",3,1
92869d1,92869,"[0,-1,1,-574,5440]",3,1
93087a1,93087,"[0,0,1,-18,-15]",3,1
93376c1,93376,"[0,1,0,-129,415]",3,1
93508b1,93508,"[0,0,0,-61,181]",3,1
93545e1,93545,"[0,0,1,-67,132]",3,1
93783a1,93783,"[1,0,0,-6002,180009]",3,1
93814a1,93814,"[1,1,0,-196,980]",3,1
93904a1,93904,"[0,1,0,-104,340]",3,1
94064a1,94064,"[0,0,0,-187,970]",3,1
94259d1,94259,"[0,-1,1,-46262,3848910]",3,1
94281b1,94281,"[0,-1,1,-154,3234]",3,1
94659a1,94659,"[0,-1,1,-63,380]",3,1
94715b1,94715,"[0,0,1,-268,-1527]",3,1
94739a1,94739,"[1,0,1,-4530,116957]",3,1
95134d1,95134,"[1,0,0,-4145,105961]",3,1
95227g1,95227,"[1,1,1,-184,870]",3,1
95323b1,95323,"[1,-1,1,-532,4600]",3,1
95887b1,95887,"[0,1,1,-100,350]",3,1
95954c1,95954,"[1,1,0,-190,932]",3,1
96153a1,96153,"[1,1,1,-172,800]",3,1
96163a1,96163,"[0,-1,1,-274,1666]",3,1
96266d1,96266,"[1,0,0,-145,681]",3,1
96376b1,96376,"[0,0,0,-367,2770]",3,1
96466b1,96466,"[1,0,1,-12,20]",3,1
96544a1,96544,"[0,-1,0,-362,2776]",3,1
96873a1,96873,"[1,1,1,-1422,20040]",3,1
96937a1,96937,"[1,1,1,-170,996]",3,1
97111a1,97111,"[1,-1,1,-541,4982]",3,1
97345d1,97345,"[1,-1,1,-927,10926]",3,1
97389a1,97389,"[0,0,1,-93,342]",3,1
97408a1,97408,"[0,0,0,-52,-80]",3,1
97423a1,97423,"[1,0,0,-4,15]",3,1
97506a1,97506,"[1,-1,0,-51,133]",3,1
97543a1,97543,"[1,1,1,-23,30]",3,1
97668f1,97668,"[0,0,0,-117,405]",3,1
97782a1,97782,"[1,1,0,2,484]",3,1
97811a1,97811,"[1,-1,1,-963,11748]",3,1
97834c1,97834,"[1,1,0,-4912,130880]",3,1
97877a1,97877,"[1,-1,1,-54,174]",3,1
98081a1,98081,"[1,-1,1,-129,594]",3,1
98231a1,98231,"[1,-1,1,1080,420]",3,1
98597a1,98597,"[0,1,1,-255,1485]",3,1
98730d1,98730,"[1,-1,0,-240,1556]",3,1
98841c1,98841,"[0,1,1,-114,488]",3,1
98891a1,98891,"[1,-1,1,6,12]",3,1
99153b1,99153,"[1,-1,1,67,-120]",3,1
99248d1,99248,"[0,0,0,8,60]",3,1
99326a1,99326,"[1,-1,1,-174,957]",3,1
99378d1,99378,"[1,-1,0,-153,841]",3,1
99572b1,99572,"[0,1,0,-2606,50353]",3,1
99776q1,99776,"[0,-1,0,-121,569]",3,1
99966a1,99966,"[1,1,0,-186,900]",3,1
99968j1,99968,"[0,0,0,-196,976]",3,1
100134e1,100134,"[1,-1,0,-21,1]",3,1
100143b1,100143,"[1,-1,1,-110,190]",3,1
100209a1,100209,"[0,1,1,-520,4450]",3,1
100269c1,100269,"[0,0,1,-69,240]",3,1
100336a1,100336,"[0,-1,0,-184,1040]",3,1
100480f1,100480,"[0,1,0,-91,309]",3,1
100494a1,100494,"[1,-1,0,-234,1444]",3,1
100496a1,100496,"[0,0,0,-67,610]",3,1
100528l1,100528,"[0,1,0,0,244]",3,1
100720d1,100720,"[0,-1,0,-4741,127241]",3,1
100794a1,100794,"[1,1,0,-6,84]",3,1
100794i1,100794,"[1,0,1,-1343,18902]",3,1
100886a1,100886,"[1,-1,0,-58,184]",3,1
100910a1,100910,"[1,-1,0,-10,100]",3,1
100912t1,100912,"[0,1,0,-560,-2156]",3,2
100912t2,100912,"[0,1,0,-4800,125044]",3,2
100915a1,100915,"[1,1,1,-51,118]",3,1
100955d1,100955,"[0,0,1,-247,1542]",3,1
100972a1,100972,"[0,1,0,-29,127]",3,1
100990a1,100990,"[1,1,0,-138,568]",3,1
100990f1,100990,"[1,-1,1,-948,11031]",3,1
101066e1,101066,"[1,0,0,-322,2244]",3,1
101106b1,101106,"[1,-1,0,-1101,14373]",3,1
101144b1,101144,"[0,1,0,31,67]",3,1
101235c1,101235,"[0,-1,1,-786,8192]",3,1
101403l1,101403,"[0,0,1,-117,506]",3,1
101482a1,101482,"[1,1,0,-16,14]",3,1
101507e1,101507,"[0,1,1,-22,-10]",3,1
101536d1,101536,"[0,1,0,-670,6444]",3,1
101540a1,101540,"[0,-1,0,-261,961]",3,1
101559d1,101559,"[0,1,1,-224,1196]",3,1
101646j1,101646,"[1,-1,1,-1427,19635]",3,1
101655f1,101655,"[0,0,1,-63,218]",3,1
101682h1,101682,"[1,-1,0,-684,7164]",3,1
101726b1,101726,"[1,-1,0,-73,-131]",3,1
102104a1,102104,"[0,1,0,1,22]",3,1
102126a1,102126,"[1,1,0,16,36]",3,1
102272b1,102272,"[0,1,0,-255,289]",3,2
102272b2,102272,"[0,1,0,-3145,66759]",3,2
102289b1,102289,"[0,1,1,-550,4790]",3,1
102307a1,102307,"[0,0,1,-83,-150]",3,1
102311a1,102311,"[0,-1,1,-219,1395]",3,1
102385a1,102385,"[0,1,1,-26,30]",3,1
102454a1,102454,"[1,0,1,-147,674]",3,1
102512a1,102512,"[0,1,0,-2240,40084]",3,1
102743c1,102743,"[1,-1,1,-15,30]",3,1
102914a1,102914,"[1,0,1,-25,72]",3,1
102926c1,102926,"[1,0,0,-157,561]",3,1
102948b1,102948,"[0,-1,0,-17,66]",3,1
102969b1,102969,"[0,0,1,-3864,92497]",3,1
103156e1,103156,"[0,-1,0,-7770,231361]",3,1
103370c1,103370,"[1,-1,0,-79,385]",3,1
103525c1,103525,"[1,0,0,-433,3432]",3,2
103525c2,103525,"[1,0,0,-458,3007]",3,2
103779b1,103779,"[0,0,1,-129,702]",3,1
103794a1,103794,"[1,1,0,-38,36]",3,1
103844b1,103844,"[0,1,0,-122,289]",3,1
103865a1,103865,"[1,0,0,-6050,180625]",3,1
104014a1,104014,"[1,0,1,8,30]",3,1
104014b1,104014,"[1,0,0,-2819,57409]",3,1
104019a1,104019,"[0,1,1,-64,442]",3,1
104081c1,104081,"[0,-1,1,-3074,59136]",3,1
104216b1,104216,"[0,0,0,-964,-1724]",3,1
104219a1,104219,"[1,1,0,-1808,28849]",3,1
104384d1,104384,"[0,1,0,-329,2167]",3,2
104384d2,104384,"[0,1,0,-609,-2369]",3,2
104386b1,104386,"[1,-1,0,-988,12204]",3,1
104434c1,104434,"[1,0,1,-8158,407892]",3,1
104484c1,104484,"[0,1,0,-65,504]",3,1
104491a1,104491,"[1,-1,1,-724,7674]",3,1
104646c1,104646,"[1,1,0,80,256]",3,1
104646d1,104646,"[1,0,1,-218,1352]",3,1
104684a1,104684,"[0,-1,0,43,49]",3,1
104734f1,104734,"[1,-1,1,-4062,98925]",3,1
104865a1,104865,"[0,-1,1,-360,2756]",3,1
104890e1,104890,"[1,-1,0,-8305,293725]",3,1
104907f1,104907,"[0,-1,1,-62,230]",3,1
105136b1,105136,"[0,1,0,-364,2556]",3,1
105184c1,105184,"[0,1,0,-65,79]",3,1
105190a1,105190,"[1,0,1,156,1442]",3,1
105314e1,105314,"[1,0,0,153,6601]",3,1
105376b1,105376,"[0,-1,0,-97,1169]",3,1
105536c1,105536,"[0,1,0,-2209,39231]",3,2
105536c2,105536,"[0,1,0,-2369,33055]",3,2
105558f1,105558,"[1,0,1,-313,1832]",3,2
105558f2,105558,"[1,0,1,497,9932]",3,2
105643b1,105643,"[0,0,1,-41,102]",3,1
105883a1,105883,"[0,1,1,-539,4641]",3,1
105915a1,105915,"[1,1,1,-911,10208]",3,1
105965b1,105965,"[0,1,1,-190,944]",3,1
106037b1,106037,"[0,1,1,-98,342]",3,1
106110c1,106110,"[1,-1,0,-60,116]",3,1
106164e1,106164,"[0,0,0,-84,281]",3,1
106244a1,106244,"[0,-1,0,-44,184]",3,1
106276b1,106276,"[0,-1,0,-54,169]",3,1
106309a1,106309,"[0,0,1,-19,-28]",3,1
106361a1,106361,"[1,1,1,-47,132]",3,1
106449b1,106449,"[1,1,1,-21,72]",3,1
106497b1,106497,"[1,-1,1,-29,72]",3,1
106509a1,106509,"[0,-1,1,168,-340]",3,1
106749b1,106749,"[0,0,1,-27,156]",3,1
106757a1,106757,"[0,1,1,-680,-7038]",3,1
106894h1,106894,"[1,0,0,-6400,197376]",3,1
107080c1,107080,"[0,0,0,-247,1114]",3,1
107199f1,107199,"[1,-1,1,-2516,37442]",3,1
107349b1,107349,"[1,1,1,-90,96]",3,1
107350i1,107350,"[1,-1,0,-592,5716]",3,1
107521b1,107521,"[1,0,0,-122,589]",3,1
107732b1,107732,"[0,-1,0,-212,1096]",3,1
107776k1,107776,"[0,1,0,-219,1177]",3,1
107776l1,107776,"[0,1,0,-15,-11]",3,1
107854a1,107854,"[1,0,1,-81,-220]",3,1
108071b1,108071,"[0,1,1,-54,-102]",3,1
108258h1,108258,"[1,1,1,-302,875]",3,1
108302a1,108302,"[1,-1,0,-88,340]",3,1
108320b1,108320,"[0,-1,0,-1,401]",3,1
108341a1,108341,"[0,0,1,-31,12]",3,1
108343a1,108343,"[1,0,0,-5,16]",3,1
108546e1,108546,"[1,1,1,-335,2261]",3,1
108694b1,108694,"[1,0,1,-618,5852]",3,1
108701a1,108701,"[0,1,1,-30,138]",3,1
108708b1,108708,"[0,-1,0,3,54]",3,1
108737b1,108737,"[0,-1,1,11,64]",3,1
108762b1,108762,"[1,1,0,34,36]",3,1
108779b1,108779,"[0,0,1,-3146,67911]",3,1
108813d1,108813,"[0,-1,1,1518,1190]",3,1
108914a1,108914,"[1,-1,0,-2446,48016]",3,1
108977b1,108977,"[1,-1,1,-27,0]",3,1
109024a1,109024,"[0,-1,0,10,16]",3,1
109115c1,109115,"[0,-1,1,-41,117]",3,1
109172b1,109172,"[0,-1,0,-37,134]",3,1
109304a1,109304,"[0,1,0,-81,403]",3,1
109330k1,109330,"[1,0,1,-4948,133506]",3,2
109330k2,109330,"[1,0,1,-5528,100098]",3,2
109366a1,109366,"[1,-1,1,-597,5805]",3,1
109439a1,109439,"[1,0,0,-12,1]",3,1
109470g1,109470,"[1,1,0,-767,7569]",3,2
109470g2,109470,"[1,1,0,-2017,-25181]",3,2
109495d1,109495,"[1,-1,1,-4842,130866]",3,1
109528a1,109528,"[0,0,0,-196,1060]",3,1
109542e1,109542,"[1,0,1,-103,182]",3,1
109600c1,109600,"[0,1,0,-33,10063]",3,1
109600i1,109600,"[0,1,0,-1073,13183]",3,1
109612b1,109612,"[0,1,0,-65,184]",3,1
109687b1,109687,"[1,0,0,930,35161]",3,1
109840h1,109840,"[0,1,0,-296,1780]",3,1
109926b1,109926,"[1,-1,0,-483,4229]",3,1
109968r1,109968,"[0,-1,0,24,432]",3,1
109975a1,109975,"[0,1,1,-118,434]",3,1
110085a1,110085,"[0,-1,1,-16,72]",3,1
110095a1,110095,"[0,0,1,-43,114]",3,1
110104a1,110104,"[0,0,0,-316,2164]",3,1
110118c1,110118,"[1,0,1,-53,272]",3,1
110120d1,110120,"[0,0,0,-487,3466]",3,1
110121c1,110121,"[0,-1,1,-10521,391610]",3,1
110162h1,110162,"[1,-1,0,-1438,-9644]",3,1
110210a1,110210,"[1,-1,0,755,-2075]",3,1
110228a1,110228,"[0,1,0,-116,676]",3,1
110318b1,110318,"[1,0,1,32,42]",3,1
110343c1,110343,"[1,0,0,-45,1296]",3,1
110383e1,110383,"[0,-1,1,-2730,55812]",3,1
110482a1,110482,"[1,-1,0,-25,109]",3,1
110499a1,110499,"[0,1,1,-112,592]",3,1
110517a1,110517,"[0,-1,1,-110,272]",3,1
110528a1,110528,"[0,-1,0,-49,305]",3,1
110528u1,110528,"[0,0,0,-11452,472720]",3,1
110606a1,110606,"[1,0,1,-122,444]",3,1
110666c1,110666,"[1,0,0,-109,465]",3,1
110725c1,110725,"[0,-1,1,-108,-132]",3,1
110976h1,110976,"[0,-1,0,-79,583]",3,2
110976h2,110976,"[0,-1,0,-1609,25369]",3,2
110988b1,110988,"[0,0,0,-336,4196]",3,1
111201a1,111201,"[1,1,1,-10,26]",3,1
111226b1,111226,"[1,0,1,-232,1266]",3,1
111272b1,111272,"[0,1,0,-705,6979]",3,1
111433c1,111433,"[1,0,0,-182,931]",3,1
111472b1,111472,"[0,1,0,-120,484]",3,1
111488f1,111488,"[0,-1,0,-2137,41129]",3,1
111566a1,111566,"[1,-1,0,-1783,-851]",3,1
111708c1,111708,"[0,0,0,-2109,37181]",3,1
111715a1,111715,"[1,0,0,-110,397]",3,1
111879b1,111879,"[0,0,1,-27,46]",3,1
111879d1,111879,"[0,0,1,-1326,-16880]",3,1
111941a1,111941,"[0,1,1,-16,14]",3,1
111941d1,111941,"[0,0,1,-15809,677310]",3,1
111989a1,111989,"[0,1,1,-12,0]",3,1
112028e1,112028,"[0,1,0,-42,49]",3,1
112405a1,112405,"[1,-1,1,-24543,1486032]",3,1
112576d1,112576,"[0,1,0,-41,151]",3,1
112607a1,112607,"[0,1,1,166,546]",3,1
112654c1,112654,"[1,1,0,-149,289]",3,1
112771a1,112771,"[1,-1,1,-33,78]",3,1
112776d1,112776,"[0,-1,0,-412,3364]",3,1
112966a1,112966,"[1,0,1,-484,4050]",3,1
113032d1,113032,"[0,1,0,-52,96]",3,1
113072b1,113072,"[0,0,0,-659,6514]",3,1
113106b1,113106,"[1,1,0,-129,441]",3,1
113114a1,113114,"[1,0,1,-285,1820]",3,1
113131a1,113131,"[0,0,1,-29,62]",3,1
113386h1,113386,"[1,-1,0,-3586,83656]",3,1
113592a1,113592,"[0,1,0,-345,1899]",3,1
113594f1,113594,"[1,0,0,-1270,13476]",3,2
113594f2,113594,"[1,0,0,2890,84196]",3,2
113631e1,113631,"[0,-1,1,-72,272]",3,1
113632f1,113632,"[0,-1,0,911,78593]",3,1
113706i1,113706,"[1,-1,1,-902,12565]",3,1
113749a1,113749,"[0,-1,1,-12,0]",3,1
113839e1,113839,"[0,0,1,-11911,500346]",3,1
113946b1,113946,"[1,1,0,-42,0]",3,2
113946b2,113946,"[1,1,0,168,210]",3,2
114235d1,114235,"[0,0,1,-313,1668]",3,1
114236a1,114236,"[0,0,0,-71,190]",3,1
114336n1,114336,"[0,0,0,-444,2176]",3,1
114368e1,114368,"[0,1,0,-593,5359]",3,1
114399c1,114399,"[0,0,1,-129,522]",3,1
114433a1,114433,"[0,-1,1,22,30]",3,1
114477b1,114477,"[1,1,1,-67,1022]",3,1
114501a1,114501,"[1,1,1,-60,156]",3,1
114537c1,114537,"[0,-1,1,-62,212]",3,1
114560s1,114560,"[0,1,0,-41,295]",3,1
114801a1,114801,"[0,-1,1,-426,3548]",3,1
114829a1,114829,"[0,-1,1,213,-1233]",3,1
114865a1,114865,"[0,0,1,-23,-22]",3,1
114928h1,114928,"[0,1,0,-1336,18516]",3,1
114950d1,114950,"[1,0,1,-476,1098]",3,2
114950d2,114950,"[1,0,1,-5976,177098]",3,2
115021a1,115021,"[1,0,0,-52,141]",3,1
115082a1,115082,"[1,-1,0,-208,1180]",3,1
115134b1,115134,"[1,1,0,-26,120]",3,1
115184d1,115184,"[0,-1,0,48,16]",3,1
115370f1,115370,"[1,0,0,-166,996]",3,1
115461c1,115461,"[0,0,1,-174,765]",3,1
115497d1,115497,"[0,0,1,294,-1224]",3,1
115497g1,115497,"[1,-1,1,40,420]",3,1
115640m1,115640,"[0,0,0,-343,2842]",3,1
115702b1,115702,"[1,0,1,-192,-550]",3,2
115702b2,115702,"[1,0,1,638,-3870]",3,2
115729b1,115729,"[0,1,1,3,72]",3,1
115736a1,115736,"[0,0,0,-292,580]",3,1
115774b1,115774,"[1,0,1,-38,72]",3,1
115775d1,115775,"[1,0,0,-1188,15367]",3,2
115775d2,115775,"[1,0,0,-2563,-27258]",3,2
115908b1,115908,"[0,-1,0,10,201]",3,1
115958a1,115958,"[1,-1,0,-139,-251]",3,1
116053c1,116053,"[0,0,1,-76,-228]",3,1
116098c1,116098,"[1,0,1,-63,-190]",3,1
116121b1,116121,"[0,1,1,-80,350]",3,1
116197b1,116197,"[0,-1,1,-30,72]",3,1
116206d1,116206,"[1,-1,1,-534,4389]",3,1
116210a1,116210,"[1,0,1,-673,6756]",3,1
116217b1,116217,"[0,0,1,-9,30]",3,1
116217d1,116217,"[0,0,1,2106,-11348]",3,1
116332b1,116332,"[0,-1,0,-101,-98]",3,1
116406d1,116406,"[1,-1,0,-276,1888]",3,1
116529d1,116529,"[0,-1,1,-602,6602]",3,1
116628a1,116628,"[0,-1,0,-309,2193]",3,1
116697a1,116697,"[0,-1,1,-2219,40976]",3,1
116794b1,116794,"[1,0,0,-254,1348]",3,1
116973d1,116973,"[0,0,1,-111,72]",3,1
116984f1,116984,"[0,0,0,-559,4786]",3,1
117051a1,117051,"[0,-1,1,-1545,23897]",3,1
117158a1,117158,"[1,-1,0,-25,49]",3,1
117242a1,117242,"[1,-1,0,-1141,-13439]",3,1
117438i1,117438,"[1,1,0,-804,18756]",3,1
117516a1,117516,"[0,-1,0,-1062,13689]",3,1
117616b1,117616,"[0,1,0,-776,8068]",3,1
117648bh1,117648,"[0,0,0,-2307,42050]",3,2
117648bh2,117648,"[0,0,0,-147,117650]",3,2
117818b1,117818,"[1,0,0,-144,640]",3,1
117848a1,117848,"[0,1,0,-9,91]",3,1
118023b1,118023,"[0,1,1,-82,100]",3,1
118158e1,118158,"[1,1,1,-332,4205]",3,1
118197b1,118197,"[1,-1,1,-842,9690]",3,1
118336bj1,118336,"[0,-1,0,-57,121]",3,1
118439a1,118439,"[1,-1,1,-7,70]",3,1
118502a1,118502,"[1,0,1,-15,50]",3,1
118547b1,118547,"[1,0,0,-2444,34645]",3,1
118622b1,118622,"[1,-1,0,-1426,18196]",3,1
118728f1,118728,"[0,0,0,-3684,86276]",3,1
118761b1,118761,"[0,-1,1,-70,252]",3,1
118764f1,118764,"[0,0,0,-144,729]",3,1
118848w1,118848,"[0,-1,0,-449,3873]",3,1
118866k1,118866,"[1,1,1,-435,1521]",3,1
119252d1,119252,"[0,1,0,-1629,22060]",3,1
119416d1,119416,"[0,-1,0,-3052,193316]",3,1
119481a1,119481,"[0,1,1,-270,1640]",3,1
119555b1,119555,"[1,1,1,-26,24]",3,1
119689b1,119689,"[1,1,1,-27,40]",3,1
119740b1,119740,"[0,0,0,-148,697]",3,1
119744i1,119744,"[0,1,0,-7489,246975]",3,1
119744j1,119744,"[0,1,0,95,159]",3,1
119822a1,119822,"[1,0,1,-144,650]",3,1
119859b1,119859,"[0,1,1,-212,1202]",3,1
119888a1,119888,"[0,0,0,-8699,252426]",3,1
120038a1,120038,"[1,1,0,-118,434]",3,1
120058a1,120058,"[1,1,0,16,4]",3,1
120058b1,120058,"[1,-1,0,-1291,18181]",3,1
120249a1,120249,"[0,0,1,-921,10660]",3,1
120321a1,120321,"[1,-1,1,-1388,20260]",3,1
120481a1,120481,"[0,0,1,-86,391]",3,1
120642a1,120642,"[1,1,0,-81,261]",3,1
120774c1,120774,"[1,1,0,-1924,31696]",3,1
121040g1,121040,"[0,1,0,-256,900]",3,2
121040g2,121040,"[0,1,0,-3656,83860]",3,2
121137a1,121137,"[1,1,1,3,30]",3,1
121168c1,121168,"[0,0,0,-331,2314]",3,1
121383b1,121383,"[0,0,1,-84,-140]",3,1
121504c1,121504,"[0,1,0,-589,5307]",3,1
121569e1,121569,"[0,1,1,-632,5870]",3,1
121580c1,121580,"[0,1,0,-86,289]",3,1
121666a1,121666,"[1,1,0,-230,1252]",3,1
121733a1,121733,"[0,1,1,-514,4406]",3,1
121763a1,121763,"[0,-1,1,-179,984]",3,1
121808b1,121808,"[0,1,0,-1436,20476]",3,1
121902f1,121902,"[1,0,1,-1183,10982]",3,1
121907a1,121907,"[0,-1,1,-55,-53]",3,1
121958a1,121958,"[1,-1,0,-20,64]",3,1
121982d1,121982,"[1,-1,1,-4842,127785]",3,1
122138a1,122138,"[1,-1,0,-536,4928]",3,1
122178b1,122178,"[1,1,0,-542,5040]",3,1
122383b1,122383,"[1,-1,1,-9,72]",3,1
122446b1,122446,"[1,-1,0,-109,469]",3,1
122491a1,122491,"[0,0,1,-149,700]",3,1
122518c1,122518,"[1,0,0,-2492,46096]",3,1
122549e1,122549,"[0,0,1,-151508,7289350]",3,1
122577a1,122577,"[0,-1,1,-120,542]",3,1
123098a1,123098,"[1,0,1,-90,332]",3,1
123274c1,123274,"[1,-1,1,-489,4137]",3,1
123405d1,123405,"[0,1,1,-2566,63226]",3,1
123594e1,123594,"[1,0,1,-425,3512]",3,1
123718c1,123718,"[1,-1,0,-124,724]",3,1
123744b1,123744,"[0,-1,0,-97,529]",3,1
123772a1,123772,"[0,0,0,-31,454]",3,1
123814a1,123814,"[1,1,0,3,25]",3,1
123920a1,123920,"[0,0,0,-43,442]",3,1
123952e1,123952,"[0,1,0,-1032,4084]",3,1
124026k1,124026,"[1,0,1,-318,3652]",3,1
124047l1,124047,"[0,0,1,-2379,44842]",3,1
124066b1,124066,"[1,0,0,-1335,18601]",3,2
124066b2,124066,"[1,0,0,-1975,-1239]",3,2
124076a1,124076,"[0,1,0,-52,36]",3,1
124091a1,124091,"[0,1,1,-462,3660]",3,1
124232c1,124232,"[0,0,0,-19,-21]",3,1
124372b1,124372,"[0,-1,0,103,634]",3,1
124432c1,124432,"[0,0,0,-3547,84250]",3,1
124494e1,124494,"[1,1,1,-610,5231]",3,1
124594a1,124594,"[1,-1,1,-36,135]",3,1
124638b1,124638,"[1,1,0,-29,-51]",3,1
124675e1,124675,"[1,-1,1,-45,132]",3,1
124721a1,124721,"[1,1,1,-9,16]",3,1
124782a1,124782,"[1,1,0,-119,441]",3,1
124864g1,124864,"[0,1,0,-297,1879]",3,1
125002g1,125002,"[1,0,0,-117,289]",3,1
125152a1,125152,"[0,-1,0,-200,1156]",3,1
125184u1,125184,"[0,-1,0,-247,1579]",3,1
125200a1,125200,"[0,0,0,-475,6250]",3,1
125206b1,125206,"[1,-1,1,18,765]",3,1
125512e1,125512,"[0,1,0,-292,1824]",3,1
125526b1,125526,"[1,0,1,-238,1532]",3,1
125780d1,125780,"[0,-1,0,-46,-79]",3,1
125840s1,125840,"[0,0,0,-5203,137698]",3,1
125913e1,125913,"[0,1,1,-1582,23260]",3,1
125937b1,125937,"[0,0,1,-321,2212]",3,1
126078c1,126078,"[1,0,1,-1505,25220]",3,1
126158c1,126158,"[1,0,0,-507,4369]",3,1
126186e1,126186,"[1,0,1,-720,7282]",3,1
126288f1,126288,"[0,0,0,21,234]",3,1
126458b1,126458,"[1,-1,1,-1599,24807]",3,1
126529b1,126529,"[1,-1,1,-384,42]",3,1
126558b1,126558,"[1,-1,0,-18,56]",3,1
126592a1,126592,"[0,1,0,-185,919]",3,1
126944b1,126944,"[0,1,0,-10,24]",3,1
126966a1,126966,"[1,1,0,-72,180]",3,1
127168l1,127168,"[0,-1,0,-129,-95]",3,1
127293a1,127293,"[1,1,1,-34,56]",3,1
127300i1,127300,"[0,0,0,35,325]",3,1
127592a1,127592,"[0,-1,0,-97,389]",3,1
127903a1,127903,"[1,-1,1,-51,702]",3,1
127928b1,127928,"[0,1,0,-4,96]",3,1
127936r1,127936,"[0,1,0,39,-89]",3,1
128089a1,128089,"[1,0,0,12,-59]",3,1
128192n1,128192,"[0,1,0,-1377,19231]",3,1
128234b1,128234,"[1,0,1,-2,24]",3,1
128357a1,128357,"[1,-1,1,-22,40]",3,1
128481b1,128481,"[1,1,1,-58763,5458340]",3,1
128847d1,128847,"[0,1,1,-792,8282]",3,1
128891b1,128891,"[0,0,1,-13,122]",3,1
129164a1,129164,"[0,1,0,-212,-764]",3,1
129267c1,129267,"[0,0,1,-3927,94536]",3,1
129298c1,129298,"[1,1,0,-32,100]",3,1
129310c1,129310,"[1,0,0,-2906,59236]",3,1
129399a1,129399,"[0,-1,1,-80,302]",3,1
129400b1,129400,"[0,1,0,-1033,13563]",3,1
129855a1,129855,"[0,-1,1,-126,632]",3,1
130046a1,130046,"[1,-1,1,-867,8355]",3,1
130225a1,130225,"[0,1,1,-258,-1356]",3,1
130243a1,130243,"[1,1,1,-78,232]",3,1
130318a1,130318,"[1,0,0,-385,3081]",3,1
130376a1,130376,"[0,1,0,-1212,15856]",3,1
130422e1,130422,"[1,1,0,-82,100]",3,1
130543a1,130543,"[1,0,0,-420,3871]",3,1
130948b1,130948,"[0,0,0,-445,3613]",3,1
130985b1,130985,"[0,-1,1,-1836,62496]",3,1
131030b1,131030,"[1,-1,0,25,-19]",3,1
131202a1,131202,"[1,-1,1,-2957,57525]",3,1
131248a1,131248,"[0,1,0,-8424,349492]",3,1
131800b1,131800,"[0,0,0,-100,2500]",3,1
131886e1,131886,"[1,-1,0,-414,4644]",3,1
132346c1,132346,"[1,1,0,-42,100]",3,1
132458a1,132458,"[1,0,1,-361,2652]",3,1
132544a1,132544,"[0,1,0,-57,199]",3,1
132561b1,132561,"[1,-1,1,463,158240]",3,2
132561b2,132561,"[1,-1,1,-41252,3161720]",3,2
132688a1,132688,"[0,1,0,-192,-716]",3,1
132805b1,132805,"[1,-1,1,-423,3456]",3,1
132845a1,132845,"[0,1,1,109,-210]",3,1
132866a1,132866,"[1,-1,1,-921,-5895]",3,1
132957a1,132957,"[0,0,1,-9849,335812]",3,1
132983a1,132983,"[1,-1,0,-6209,189874]",3,1
133005c1,133005,"[1,1,1,-26,74]",3,1
133062g1,133062,"[1,1,0,23,85]",3,1
133076b1,133076,"[0,-1,0,-765,-7514]",3,1
133088b1,133088,"[0,0,0,-76,160]",3,1
133163a1,133163,"[0,0,1,-16,30]",3,1
133186a1,133186,"[1,0,0,-304,2304]",3,1
133264a1,133264,"[0,0,0,-67,450]",3,1
133335a1,133335,"[0,0,1,-387,3422]",3,1
133551a1,133551,"[0,0,1,-819,4880]",3,1
133637a1,133637,"[0,-1,1,-754,7390]",3,1
133696a1,133696,"[0,0,0,-484,4096]",3,1
133696y1,133696,"[0,-1,0,-137,649]",3,1
133824bv1,133824,"[0,-1,0,-905,10761]",3,2
133824bv2,133824,"[0,-1,0,-545,19041]",3,2
133956a1,133956,"[0,0,0,-549,4941]",3,1
134036a1,134036,"[0,1,0,-757,3831]",3,1
134050l1,134050,"[1,0,1,-186,968]",3,1
134058d1,134058,"[1,1,0,-37,-35]",3,1
134272a1,134272,"[0,1,0,-345,2359]",3,1
134301a1,134301,"[0,1,1,-32,-58]",3,1
134336j1,134336,"[0,1,0,-81,-17]",3,1
134373a1,134373,"[1,0,0,-215,1206]",3,1
134433a1,134433,"[1,-1,1,-59,272]",3,1
134458a1,134458,"[1,-1,1,-27738,1784985]",3,1
134485a1,134485,"[0,1,1,-66,-174]",3,1
134568g1,134568,"[0,0,0,-327,2410]",3,1
134604a1,134604,"[0,0,0,-1119,13894]",3,1
134751a1,134751,"[1,0,0,33,144]",3,1
134832m1,134832,"[0,-1,0,-2632,53104]",3,1
134832m2,134832,"[0,-1,0,18568,-1317264]",3,1
134878b1,134878,"[1,0,1,-137,636]",3,1
134886b1,134886,"[1,1,0,-279,1701]",3,1
134950a1,134950,"[1,-1,1,-1155,25347]",3,1
134972a1,134972,"[0,-1,0,-10,41]",3,1
134980c1,134980,"[0,1,0,-101,199]",3,1
135033a1,135033,"[0,-1,1,133,1325]",3,1
135093f1,135093,"[1,1,1,391,2792]",3,1
135282j1,135282,"[1,1,0,-49,49]",3,1
135326a1,135326,"[1,0,0,-794,8548]",3,1
135419a1,135419,"[0,-1,1,-1102,14452]",3,1
135441b1,135441,"[1,-1,1,-167,20]",3,1
135453a1,135453,"[1,1,1,42,-360]",3,1
135454d1,135454,"[1,0,1,1888,42396]",3,1
135455a1,135455,"[1,1,1,-36,58]",3,1
135489a1,135489,"[0,-1,1,-19,90]",3,1
135539a1,135539,"[1,0,0,27,716]",3,1
135603b1,135603,"[1,-1,1,-707,8610]",3,2
135603b2,135603,"[1,-1,1,-11822,497670]",3,2
135687a1,135687,"[0,-1,1,-394,3150]",3,1
135751a1,135751,"[0,0,1,-157,1326]",3,1
135838a1,135838,"[1,1,1,-4222,201915]",3,1
135877d1,135877,"[0,0,1,-196,600]",3,1
136026j1,136026,"[1,-1,0,-18,256]",3,1
136187a1,136187,"[0,0,1,-143,662]",3,1
136277a1,136277,"[0,1,1,-14,6]",3,1
136310g1,136310,"[1,1,0,-93,247]",3,1
136653a1,136653,"[0,1,1,-2832,-24568]",3,1
136816a1,136816,"[0,-1,0,-280,3056]",3,1
136952a1,136952,"[0,1,0,-2980,30144]",3,2
136952a2,136952,"[0,1,0,-23120,-1339376]",3,2
137114a1,137114,"[1,1,0,-26,4]",3,1
137120e1,137120,"[0,1,0,95,975]",3,1
137311a1,137311,"[0,1,1,-115,458]",3,1
137317a1,137317,"[0,1,1,-156,-726]",3,1
137390i1,137390,"[1,-1,0,-40,256]",3,1
137392a1,137392,"[0,1,0,-120,724]",3,1
137502c1,137502,"[1,-1,0,-1071,13693]",3,1
137529a1,137529,"[1,-1,1,-32,8930]",3,2
137529a2,137529,"[1,-1,1,-6647,207380]",3,2
137640g1,137640,"[0,-1,0,-156,900]",3,1
137784b1,137784,"[0,-1,0,-92,324]",3,1
137801a1,137801,"[1,0,0,-7,114]",3,1
137814c1,137814,"[1,0,1,-1168,14702]",3,1
137836c1,137836,"[0,-1,0,-125,841]",3,1
137847a1,137847,"[1,0,0,-6715,-176974]",3,1
137943a1,137943,"[1,-1,1,-569,5644]",3,1
138412a1,138412,"[0,1,0,-13,36]",3,1
138425f1,138425,"[1,1,1,-43,6]",3,1
138438h1,138438,"[1,-1,0,-693,7209]",3,1
138519a1,138519,"[0,0,1,-21,20]",3,1
138602b1,138602,"[1,0,1,-56,342]",3,1
138693a1,138693,"[1,0,0,-2740,56501]",3,1
138744m1,138744,"[0,0,0,-3204,69796]",3,1
138766a1,138766,"[1,0,1,-162,776]",3,1
138842a1,138842,"[1,0,1,-40,42]",3,1
138877a1,138877,"[1,0,0,-141,604]",3,1
138914a1,138914,"[1,0,0,-484,4368]",3,1
138954h1,138954,"[1,1,0,-144374,21054804]",3,1
139073a1,139073,"[0,1,1,-34,86]",3,1
139139a1,139139,"[1,0,0,-20,1501]",3,1
139181a1,139181,"[1,0,0,-25,6]",3,1
139323a1,139323,"[0,1,1,146,1336]",3,1
139325b1,139325,"[0,1,1,-583,-5131]",3,1
139634i1,139634,"[1,0,1,-3633,83972]",3,1
139641a1,139641,"[1,0,0,-597,5544]",3,1
139669a1,139669,"[1,0,0,-12,79]",3,1
139811a1,139811,"[0,1,1,-40,-100]",3,1
139841b1,139841,"[0,0,1,2105,140730]",3,1
139971a1,139971,"[1,0,0,-729,0]",3,2
139971a2,139971,"[1,0,0,2916,729]",3,2
140024d1,140024,"[0,1,0,-132,529]",3,1
140050c1,140050,"[1,-1,0,-217,1441]",3,1
140056b1,140056,"[0,1,0,-217,1131]",3,1
140211a1,140211,"[0,0,1,27,2]",3,1
140234d1,140234,"[1,0,1,-1462,21384]",3,1
140234e1,140234,"[1,-1,0,16,4]",3,1
140267a1,140267,"[1,1,1,-149,702]",3,1
140434e1,140434,"[1,-1,0,-16,76]",3,1
140487a1,140487,"[0,1,1,-39,2]",3,1
140523a1,140523,"[0,1,1,-380,3080]",3,1
140767a1,140767,"[1,-1,1,-222,1310]",3,1
140787a1,140787,"[1,-1,1,-227,1360]",3,1
140824a1,140824,"[0,-1,0,-225,1381]",3,1
140872b1,140872,"[0,0,0,-119,499]",3,1
140886d1,140886,"[1,-1,0,-54,4]",3,1
140986b1,140986,"[1,-1,0,7,15]",3,1
140987a1,140987,"[1,-1,1,-334,-56]",3,1
141174r1,141174,"[1,-1,0,-594,26244]",3,2
141174r2,141174,"[1,-1,0,-17334,879984]",3,2
141246u1,141246,"[1,-1,0,-1629,23989]",3,2
141246u2,141246,"[1,-1,0,-25569,1580089]",3,2
141279a1,141279,"[1,1,1,-39,72]",3,1
141319a1,141319,"[1,-1,1,-13,28]",3,1
141410d1,141410,"[1,0,0,-1371,18001]",3,1
141474e1,141474,"[1,1,1,-3145,43511]",3,2
141474e2,141474,"[1,1,1,9015,311031]",3,2
141487a1,141487,"[1,1,1,-28,-66]",3,1
141507a1,141507,"[0,0,1,-2781,56450]",3,1
141552b1,141552,"[0,0,0,-651,-326]",3,1
141552p1,141552,"[0,0,0,-14547,675250]",3,1
141553a1,141553,"[1,0,0,-10,21]",3,1
141870i1,141870,"[1,1,0,-88,268]",3,2
141870i2,141870,"[1,1,0,62,1258]",3,2
141954l1,141954,"[1,1,0,-64,64]",3,1
141958b1,141958,"[1,1,0,-11,25]",3,1
141966j1,141966,"[1,-1,0,-279,-531]",3,1
142074e1,142074,"[1,-1,0,-159,809]",3,1
142076a1,142076,"[0,-1,0,-49,74]",3,1
142148a1,142148,"[0,1,0,-34,57]",3,1
142148b1,142148,"[0,0,0,-101,389]",3,1
142156b1,142156,"[0,-1,0,-1309,18473]",3,1
142161b1,142161,"[1,1,1,-1220,15896]",3,1
142241a1,142241,"[0,1,1,-52,140]",3,1
142320k1,142320,"[0,-1,0,104,4720]",3,1
142322d1,142322,"[1,1,0,-134,544]",3,1
142376e1,142376,"[0,-1,0,-345,-899]",3,1
142411a1,142411,"[0,1,1,-37,77]",3,1
142430a1,142430,"[1,-1,0,-2284,42688]",3,1
142448a1,142448,"[0,1,0,-520,5364]",3,1
142460a1,142460,"[0,0,0,-4732,125569]",3,1
142586b1,142586,"[1,1,0,-16,-4]",3,1
142760a1,142760,"[0,-1,0,-1036,15236]",3,1
142786b1,142786,"[1,0,0,-9850,192996]",3,2
142786b2,142786,"[1,0,0,-135290,19134436]",3,2
142792a1,142792,"[0,1,0,-380,2704]",3,1
142795c1,142795,"[1,0,0,-51,130]",3,1
142901a1,142901,"[1,-1,1,-111,476]",3,1
142959a1,142959,"[1,0,0,-444,3249]",3,1
143050g1,143050,"[1,1,0,75,625]",3,1
143392a1,143392,"[0,1,0,-22,24]",3,1
143496a1,143496,"[0,0,0,-471,4250]",3,1
143531a1,143531,"[0,0,1,-911,10660]",3,1
143568bi1,143568,"[0,0,0,-939,11306]",3,1
143600a1,143600,"[0,1,0,-248,1108]",3,1
143605a1,143605,"[0,0,1,-1417,18480]",3,1
143618a1,143618,"[1,1,1,-379,2697]",3,1
143658i1,143658,"[1,-1,0,-5796,171396]",3,1
143710g1,143710,"[1,0,1,-393,3056]",3,1
143722a1,143722,"[1,0,1,-17,0]",3,1
143884a1,143884,"[0,1,0,-94,345]",3,1
143931c1,143931,"[0,-1,1,3,17]",3,1
144044a1,144044,"[0,-1,0,-69,289]",3,1
144046d1,144046,"[1,1,0,-1262,18880]",3,1
144182a1,144182,"[1,1,1,-249,1351]",3,1
144256a1,144256,"[0,1,0,-1535,22609]",3,2
144256a2,144256,"[0,1,0,-2025,6439]",3,2
144376a1,144376,"[0,-1,0,-24,220]",3,1
144410d1,144410,"[1,-1,0,-460,4000]",3,1
144546e1,144546,"[1,0,1,-285,1372]",3,1
144576g1,144576,"[0,0,0,-156,4624]",3,1
144638b1,144638,"[1,0,0,-4577,118729]",3,1
144776a1,144776,"[0,0,0,-271,1714]",3,1
144832c1,144832,"[0,-1,0,-145,-559]",3,1
144872c1,144872,"[0,1,0,2151,26635]",3,1
144907a1,144907,"[1,1,1,-130,516]",3,1
144921b1,144921,"[1,1,1,-587,1172]",3,1
145146m1,145146,"[1,0,1,-14475,557062]",3,1
145182c1,145182,"[1,0,1,-30,700]",3,1
145197a1,145197,"[0,0,1,-381,3042]",3,1
145206b1,145206,"[1,-1,0,-63,-99]",3,1
145238a1,145238,"[1,0,0,-134,100]",3,1
145262a1,145262,"[1,-1,1,-1851,31275]",3,1
145272b1,145272,"[0,-1,0,-60,36]",3,1
145296a1,145296,"[0,0,0,-2667,53210]",3,1
145776d1,145776,"[0,-1,0,-184,1264]",3,1
145806b1,145806,"[1,1,0,-666,8100]",3,1
145959a1,145959,"[1,0,0,-2717,4356]",3,1
145983a1,145983,"[1,1,1,-17,92]",3,1
145986c1,145986,"[1,0,1,-4220,104330]",3,1
146058b1,146058,"[1,0,1,-580,4790]",3,1
146261a1,146261,"[0,-1,1,-208,34]",3,1
146535a1,146535,"[1,1,1,-361,2474]",3,1
146568d1,146568,"[0,-1,0,-44,228]",3,1
146586b1,146586,"[1,1,0,-99,369]",3,1
146687a1,146687,"[1,0,0,-15,-14]",3,1
146708a1,146708,"[0,1,0,-25,24]",3,1
146783a1,146783,"[0,0,1,-251,-910]",3,1
147033a1,147033,"[0,0,1,-651,6502]",3,1
147050v1,147050,"[1,-1,0,-142,16]",3,1
147084g1,147084,"[0,-1,0,-82,361]",3,1
147365c1,147365,"[0,0,1,-38,88]",3,1
147486h1,147486,"[1,1,0,-49,121]",3,1
147686m1,147686,"[1,0,1,-4093,88932]",3,2
147686m2,147686,"[1,0,1,-63383,6136512]",3,2
147788a1,147788,"[0,1,0,-100,324]",3,1
147792f1,147792,"[0,-1,0,-280,1936]",3,1
147908a1,147908,"[0,0,0,-1463,21486]",3,1
148278f1,148278,"[1,1,1,-2542,47147]",3,1
148352o1,148352,"[0,0,0,-52,22000]",3,1
148510a1,148510,"[1,0,1,-563,3906]",3,1
148863c1,148863,"[1,1,1,-152,650]",3,1
148872a1,148872,"[0,-1,0,-489,4365]",3,1
148884c1,148884,"[0,-1,0,-114,513]",3,1
148899a1,148899,"[1,0,0,-62,81]",3,1
148959a1,148959,"[1,-1,1,106,244]",3,1
148969a1,148969,"[1,-1,1,-21,36]",3,1
148985a1,148985,"[0,0,1,-127,510]",3,1
149043b1,149043,"[1,0,0,-2022,34731]",3,1
149074a1,149074,"[1,1,1,-15472,733137]",3,1
149120k1,149120,"[0,-1,0,9,55]",3,1
149147a1,149147,"[0,0,1,-211,0]",3,1
149253b1,149253,"[0,-1,1,-2319,24761]",3,1
149324a1,149324,"[0,1,0,-89,280]",3,1
149344d1,149344,"[0,1,0,-801,8431]",3,1
149397b1,149397,"[0,-1,1,-14,14]",3,1
149408a1,149408,"[0,1,0,-614,3976]",3,2
149408a2,149408,"[0,1,0,-9024,326920]",3,2
149482b1,149482,"[1,-1,0,-31,93]",3,1
149505a1,149505,"[0,1,1,-2326,42280]",3,1
149656a1,149656,"[0,0,0,-79,466]",3,1
149727a1,149727,"[1,1,1,-29,56]",3,1
149838o1,149838,"[1,1,0,-351,2385]",3,2
149838o2,149838,"[1,1,0,-221,4335]",3,2
149848a1,149848,"[0,-1,0,-9,109]",3,1
149894c1,149894,"[1,0,1,-413,3192]",3,1
149902a1,149902,"[1,0,0,-197,961]",3,1
149905a1,149905,"[1,1,1,14,114]",3,1
149959a1,149959,"[0,-1,1,18,90]",3,1
150011a1,150011,"[0,0,1,11,12]",3,1
150128b1,150128,"[0,1,0,208,4564]",3,1
150128e1,150128,"[0,1,0,-296,1876]",3,1
150147a1,150147,"[0,0,1,-27,506]",3,1
150249e1,150249,"[1,1,1,-1310,18776]",3,1
150274a1,150274,"[1,1,1,-1039,11541]",3,1
150425a1,150425,"[1,1,1,-1263,30406]",3,1
150464a1,150464,"[0,0,0,-28,304]",3,1
150506a1,150506,"[1,1,1,-67,1185]",3,1
150506b1,150506,"[1,-1,0,-226,1366]",3,1
150518c1,150518,"[1,-1,0,-133,405]",3,2
150518c2,150518,"[1,-1,0,-893,-9779]",3,2
150686a1,150686,"[1,1,1,-20092,1087197]",3,1
150720dk1,150720,"[0,-1,0,-401,4785]",3,1
150748c1,150748,"[0,0,0,-104,676]",3,1
150768a1,150768,"[0,0,0,-9531,358506]",3,1
150912ba1,150912,"[0,0,0,-84,-144]",3,1
150974d1,150974,"[1,1,0,-38,1336]",3,1
151003a1,151003,"[0,1,1,-34,68]",3,1
151003b1,151003,"[0,0,1,-302,22321]",3,1
151038h1,151038,"[1,-1,0,-36,36]",3,1
151098a1,151098,"[1,1,1,-192,1377]",3,1
151145a1,151145,"[0,1,1,-4256,105606]",3,1
151194d1,151194,"[1,1,1,-402,2847]",3,1
151210a1,151210,"[1,0,1,-93,308]",3,1
151361a1,151361,"[1,0,0,-344,-407]",3,1
151383a1,151383,"[0,1,1,-192,920]",3,1
151384c1,151384,"[0,-1,0,-139,680]",3,1
151437a1,151437,"[0,-1,1,-330,5222]",3,1
151449a1,151449,"[0,1,1,-6792,213302]",3,1
151751a1,151751,"[1,1,1,13,0]",3,1
151754b1,151754,"[1,1,0,-8,124]",3,1
151848e1,151848,"[0,0,0,-1839,30386]",3,1
151872co1,151872,"[0,-1,0,-1225,16201]",3,2
151872co2,151872,"[0,-1,0,735,61281]",3,2
152259d1,152259,"[1,1,1,-2519,47612]",3,1
152280d1,152280,"[0,0,0,-63,738]",3,1
152282d1,152282,"[1,0,1,-286,1872]",3,1
152302a1,152302,"[1,0,0,101,465]",3,1
152304be1,152304,"[0,-1,0,-160,16]",3,1
152341a1,152341,"[0,0,1,-49,12]",3,1
152367a1,152367,"[0,1,1,-772,-2660]",3,1
152433a1,152433,"[1,-1,1,-11,172]",3,1
152438l1,152438,"[1,0,1,-10820,432642]",3,1
152438l2,152438,"[1,0,1,12840,1946882]",3,1
152464a1,152464,"[0,0,0,-211,466]",3,1
152510e1,152510,"[1,0,1,-728,7398]",3,1
152510g1,152510,"[1,0,1,-224,1266]",3,1
152510h1,152510,"[1,-1,0,-95,-175]",3,1
152650r1,152650,"[1,0,1,-11651,483198]",3,1
152912a1,152912,"[0,0,0,-91,1354]",3,1
153018b1,153018,"[1,-1,0,-234,-536]",3,1
153026a1,153026,"[1,0,0,-985,11961]",3,1
153045e1,153045,"[1,-1,1,-698,11306]",3,1
153127a1,153127,"[0,1,1,-72,222]",3,1
153207a1,153207,"[0,0,1,99,830]",3,1
153356a1,153356,"[0,1,0,-225,1024]",3,1
153458b1,153458,"[1,-1,0,-121,541]",3,1
153462c1,153462,"[1,1,1,-582,5187]",3,1
153522c1,153522,"[1,-1,0,-63,225]",3,1
153523a1,153523,"[0,0,1,-20,39]",3,1
153560e1,153560,"[0,0,0,-268,1492]",3,1
153568a1,153568,"[0,-1,0,-22,56]",3,1
153669a1,153669,"[0,-1,1,-24,50]",3,1
153749a1,153749,"[0,1,1,-42,90]",3,1
153756b1,153756,"[0,0,0,-1296,17956]",3,1
153811a1,153811,"[1,0,0,-1,132]",3,1
153853a1,153853,"[0,0,1,-409,-2520]",3,1
153853b1,153853,"[0,-1,1,-616,6088]",3,1
153872g1,153872,"[0,-1,0,264,-1088]",3,1
153909c1,153909,"[1,-1,1,-671,2720]",3,1
153936s1,153936,"[0,0,0,-171,2106]",3,1
154037b1,154037,"[0,1,1,-538,3416]",3,1
154095b1,154095,"[1,0,0,-1,380]",3,1
154122d1,154122,"[1,0,1,22,992]",3,1
154334a1,154334,"[1,1,1,-22,147]",3,1
154395c1,154395,"[0,0,1,-183,688]",3,1
154395i1,154395,"[0,0,1,-144768,21199198]",3,1
154403a1,154403,"[1,-1,1,-120,534]",3,1
154404a1,154404,"[0,0,0,-1416,20644]",3,1
154437a1,154437,"[1,0,0,-4989,-55260]",3,1
154707a1,154707,"[0,1,1,-652,4750]",3,1
154788a1,154788,"[0,-1,0,-37,289]",3,1
154905b1,154905,"[0,1,1,-346,2086]",3,1
154926o1,154926,"[1,-1,0,-1068,13724]",3,1
154952a1,154952,"[0,1,0,20,69]",3,1
154995b1,154995,"[0,-1,1,-100,156]",3,1
155034o1,155034,"[1,-1,0,-5199,145709]",3,1
155170a1,155170,"[1,-1,1,-1053,12837]",3,1
155175c1,155175,"[0,-1,1,-308,2018]",3,1
155179a1,155179,"[1,1,1,-17,12]",3,1
155382s1,155382,"[1,1,0,4,204]",3,1
155447a1,155447,"[1,0,0,-5271,39754]",3,1
155474f1,155474,"[1,1,0,-333,1369]",3,1
155522a1,155522,"[1,-1,0,-95,397]",3,1
155749a1,155749,"[1,-1,1,-1429,21142]",3,1
155835c1,155835,"[0,0,1,-213,1194]",3,1
155890m1,155890,"[1,0,1,-13149,581372]",3,1
155917a1,155917,"[1,-1,1,-51,150]",3,1
155963b1,155963,"[0,0,1,-2416,46800]",3,1
155968j1,155968,"[0,1,0,-209,1135]",3,1
156165c1,156165,"[1,0,0,-16941,863550]",3,1
156182b1,156182,"[1,0,1,-59,198]",3,1
156308a1,156308,"[0,1,0,-69,-185]",3,1
156561b1,156561,"[0,-1,1,-672,6932]",3,1
156795a1,156795,"[1,1,1,59,-112]",3,1
156845a1,156845,"[1,0,0,279,2326]",3,1
156882h1,156882,"[1,1,0,-291,-999]",3,2
156882h2,156882,"[1,1,0,-3921,-96105]",3,2
157006a1,157006,"[1,1,1,-288534,59553811]",3,1
157059a1,157059,"[0,0,1,9,56]",3,1
157068c1,157068,"[0,0,0,-309,-1091]",3,1
157126a1,157126,"[1,0,1,-462,3776]",3,1
157168n1,157168,"[0,0,0,-65107,6394930]",3,1
157194o1,157194,"[1,-1,0,-54,144]",3,1
157353b1,157353,"[0,-1,1,-512,4640]",3,1
157376g1,157376,"[0,0,0,-188,944]",3,1
157394a1,157394,"[1,0,0,-139,753]",3,1
157609a1,157609,"[1,-1,1,-174,924]",3,1
157643a1,157643,"[0,0,1,-886,10157]",3,1
157649a1,157649,"[1,0,0,-19,24]",3,1
157660a1,157660,"[0,1,0,-116,-380]",3,1
158043a1,158043,"[0,-1,1,-174,944]",3,1
158058c1,158058,"[1,-1,0,12,5840]",3,1
158179a1,158179,"[1,0,0,-60,181]",3,1
158191a1,158191,"[1,0,0,-2,19]",3,1
158198a1,158198,"[1,-1,0,-271,1773]",3,1
158255a1,158255,"[0,1,1,-280,2006]",3,1
158291a1,158291,"[0,1,1,-35,-75]",3,1
158330c1,158330,"[1,1,0,-4403,-106643]",3,1
158352j1,158352,"[0,-1,0,-472,4144]",3,1
158442f1,158442,"[1,1,1,-1375,18821]",3,1
158572b1,158572,"[0,1,0,-269,1612]",3,1
158590a1,158590,"[1,-1,1,-228,1287]",3,1
158721a1,158721,"[1,1,1,-2559,48762]",3,1
158753a1,158753,"[1,0,0,-109,408]",3,1
158859b1,158859,"[0,0,1,-14169,649242]",3,1
158859d1,158859,"[0,0,1,-183,1822]",3,1
158946j1,158946,"[1,0,1,-397,2996]",3,1
158946n1,158946,"[1,1,0,-97,-395]",3,1
158962b1,158962,"[1,0,1,-65,192]",3,1
159011a1,159011,"[1,-1,1,-24,54]",3,1
159093a1,159093,"[0,0,1,-309,1840]",3,1
159110h1,159110,"[1,0,1,-199,-678]",3,1
159277b1,159277,"[1,1,1,-3189,57382]",3,1
159402q1,159402,"[1,1,0,-152,660]",3,1
159534e1,159534,"[1,-1,0,-189,729]",3,1
159537a1,159537,"[0,-1,1,86,600]",3,1
159594i1,159594,"[1,1,0,200,484]",3,1
159605a1,159605,"[0,1,1,-860,9414]",3,1
159650o1,159650,"[1,0,1,-2126,37548]",3,1
159654l1,159654,"[1,1,1,-442,2375]",3,1
159669b1,159669,"[1,-1,1,-20,0]",3,1
159686a1,159686,"[1,0,1,8,54]",3,1
159732a1,159732,"[0,0,0,-504,4329]",3,1
159898a1,159898,"[1,-1,1,-1581,46101]",3,1
159935a1,159935,"[0,1,1,1010,4244]",3,1
159990g1,159990,"[1,1,0,-58,112]",3,1
160016e1,160016,"[0,0,0,-251,1546]",3,1
160210c1,160210,"[1,0,1,-803,9198]",3,1
160503a1,160503,"[1,1,1,-125,416]",3,1
160523b1,160523,"[1,-1,1,-307,2260]",3,1
160640f1,160640,"[0,1,0,-1785,28183]",3,1
160744d1,160744,"[0,0,0,-206,1161]",3,1
160758bc1,160758,"[1,-1,0,-126,468]",3,1
160806a1,160806,"[1,1,1,-225,1311]",3,1
160960a1,160960,"[0,0,0,-1732,29056]",3,1
160960bd1,160960,"[0,-1,0,-681,7081]",3,1
160966a1,160966,"[1,-1,1,-7836,530655]",3,1
160992a1,160992,"[0,0,0,339,-1420]",3,2
160992a2,160992,"[0,0,0,-1596,-12256]",3,2
160992m1,160992,"[0,0,0,-1317,11320]",3,2
160992m2,160992,"[0,0,0,-18732,986560]",3,2
161018e1,161018,"[1,-1,0,-229,3889]",3,1
161062d1,161062,"[1,0,1,-105,272]",3,1
161131a1,161131,"[0,1,1,-160,728]",3,1
161135f1,161135,"[0,0,1,-3358,58188]",3,1
161324a1,161324,"[0,0,0,-424,3364]",3,1
161348a1,161348,"[0,0,0,-1951,-31706]",3,1
161376a1,161376,"[0,1,0,-1585,23039]",3,1
161442d1,161442,"[1,-1,0,414,2916]",3,1
161454b1,161454,"[1,1,0,-11254,455764]",3,1
161512a1,161512,"[0,1,0,-44,16]",3,1
161664c1,161664,"[0,-1,0,-329,2265]",3,1
161685a1,161685,"[0,0,1,-417,1980]",3,1
161712l1,161712,"[0,0,0,-819,9234]",3,1
161736d1,161736,"[0,-1,0,-19,64]",3,1
161747a1,161747,"[1,-1,1,0,84]",3,1
161782a1,161782,"[1,1,1,-1739,26745]",3,1
161871a1,161871,"[0,-1,1,-893,6815]",3,1
161915a1,161915,"[1,0,0,-1,156]",3,1
161961b1,161961,"[0,-1,1,-14,44]",3,1
161978b1,161978,"[1,1,0,-43,89]",3,1
162029a1,162029,"[1,-1,1,696,4422]",3,1
162039d1,162039,"[0,-1,1,-23,35]",3,1
162139a1,162139,"[1,1,1,-82,270]",3,1
162144k1,162144,"[0,0,0,-204,1184]",3,1
162173a1,162173,"[0,1,1,-1726,29234]",3,1
162211a1,162211,"[0,0,1,-31,42]",3,1
162270h1,162270,"[1,-1,0,-90,400]",3,1
162418c1,162418,"[1,-1,0,-88,-276]",3,2
162418c2,162418,"[1,-1,0,82,-1330]",3,2
162423a1,162423,"[0,0,1,-219,1210]",3,1
162468d1,162468,"[0,0,0,-24,81]",3,1
162510f1,162510,"[1,1,0,-107,1101]",3,1
162541a1,162541,"[0,0,1,-4222,-94269]",3,1
162626e1,162626,"[1,0,1,-20024,1193478]",3,1
162638b1,162638,"[1,0,1,-232,1890]",3,1
162688d1,162688,"[0,1,0,161,40161]",3,2
162688d2,162688,"[0,1,0,-16649,803335]",3,2
162712a1,162712,"[0,0,0,-559,5074]",3,1
162753a1,162753,"[1,0,0,-47,156]",3,1
162768l1,162768,"[0,-1,0,-160,736]",3,1
162827c1,162827,"[0,0,1,-5782,169356]",3,1
162828c1,162828,"[0,0,0,-156,1289]",3,1
162918g1,162918,"[1,-1,0,-189,949]",3,1
163048d1,163048,"[0,0,0,-394,-2999]",3,1
163060a1,163060,"[0,-1,0,-65,-38]",3,1
163143b1,163143,"[1,-1,1,-401,3192]",3,1
163157a1,163157,"[0,1,1,-64,176]",3,1
163174a1,163174,"[1,0,1,-413,5112]",3,1
163368b1,163368,"[0,0,0,-444,2036]",3,1
163467b1,163467,"[1,-1,1,-1118963,455866948]",3,1
163531a1,163531,"[0,1,1,8,20]",3,1
163641a1,163641,"[0,-1,1,-90,362]",3,1
163737a1,163737,"[0,0,1,-1209,16632]",3,1
164003a1,164003,"[1,-1,1,-69,242]",3,1
164004b1,164004,"[0,-1,0,75,81]",3,1
164238b1,164238,"[1,1,1,-155,1001]",3,1
164310h1,164310,"[1,1,0,-582,4464]",3,1
164448a1,164448,"[0,0,0,-1596,26624]",3,1
164686b1,164686,"[1,-1,0,-3116,67728]",3,1
164720c1,164720,"[0,-1,0,-616,-2320]",3,1
164800g1,164800,"[0,1,0,-433,3663]",3,1
164937a1,164937,"[0,-1,1,8,30]",3,1
164944f1,164944,"[0,-1,0,-4112,-94784]",3,1
164944f2,164944,"[0,-1,0,-58192,5399744]",3,1
164952a1,164952,"[0,0,0,-39,2986]",3,1
164990b1,164990,"[1,-1,1,-933,12381]",3,1
165015c1,165015,"[0,0,1,-903,10858]",3,1
165078c1,165078,"[1,-1,0,-13488,606320]",3,1
165192e1,165192,"[0,-1,0,25,-144]",3,1
165192f1,165192,"[0,-1,0,-1364,19860]",3,1
165207a1,165207,"[0,-1,1,-154,750]",3,1
165215a1,165215,"[1,0,0,-36,91]",3,1
165392e1,165392,"[0,1,0,-64,276]",3,1
165460a1,165460,"[0,1,0,-420,3268]",3,1
165464c1,165464,"[0,0,0,-22036,9124]",3,1
165489a1,165489,"[0,1,1,-30,110]",3,1
165518a1,165518,"[1,0,0,-549,4225]",3,1
165609a1,165609,"[1,-1,1,-419,3444]",3,1
165618a1,165618,"[1,-1,1,-1742,29405]",3,1
165624e1,165624,"[0,-1,0,-27,36]",3,1
165624s1,165624,"[0,-1,0,-4756,-123116]",3,1
165650g1,165650,"[1,0,1,-126,548]",3,1
165680w1,165680,"[0,0,0,-1747,14386]",3,1
165693a1,165693,"[0,-1,1,-1127,9767]",3,1
165729a1,165729,"[0,1,1,-44,908]",3,1
165810r1,165810,"[1,1,0,-207,1089]",3,1
166146b1,166146,"[1,1,1,-80,-79]",3,1
166180a1,166180,"[0,0,0,-208,1993]",3,1
166198b1,166198,"[1,-1,0,14,16]",3,1
166210d1,166210,"[1,0,1,-19,126]",3,1
166222i1,166222,"[1,-1,0,-166,868]",3,1
166276b1,166276,"[0,-1,0,-21,529]",3,1
166299a1,166299,"[0,1,1,-530,4310]",3,1
166318a1,166318,"[1,1,1,-264,1417]",3,1
166476b1,166476,"[0,-1,0,-380,3096]",3,1
166498c1,166498,"[1,-1,0,875,14449]",3,1
166543a1,166543,"[0,1,1,-182,1260]",3,1
166634j1,166634,"[1,0,1,-2253,40952]",3,2
166634j2,166634,"[1,0,1,-1993,50832]",3,2
166700a1,166700,"[0,0,0,-535,4750]",3,1
166723a1,166723,"[1,0,0,-3,-20]",3,1
166870q1,166870,"[1,0,1,-1808,1806]",3,2
166870q2,166870,"[1,0,1,7212,16238]",3,2
166897a1,166897,"[1,-1,1,-177,1470]",3,1
166949a1,166949,"[0,0,1,-104,-408]",3,1
166953b1,166953,"[0,-1,1,128,-1800]",3,1
167026d1,167026,"[1,-1,0,-38,96]",3,1
167072a1,167072,"[0,1,0,-177,-117761]",3,1
167072d1,167072,"[0,1,0,-97,399]",3,1
167109a1,167109,"[0,1,1,-312,-1510]",3,1
167175b1,167175,"[1,-1,1,-230,4522]",3,1
167243d1,167243,"[0,1,1,-59,-39]",3,1
167282a1,167282,"[1,0,0,-235,561]",3,1
167523a1,167523,"[1,1,1,19,20]",3,1
167653a1,167653,"[1,0,0,-146,517]",3,1
167690a1,167690,"[1,0,0,-456,3136]",3,2
167690a2,167690,"[1,0,0,-2056,-33024]",3,2
167736d1,167736,"[0,-1,0,-1124,-10716]",3,2
167736d2,167736,"[0,-1,0,-16784,-831300]",3,2
167790bx1,167790,"[1,1,0,-213,1593]",3,2
167790bx2,167790,"[1,1,0,-3783,87987]",3,2
167844b1,167844,"[0,-1,0,31,-30]",3,1
167866a1,167866,"[1,0,0,-54,100]",3,1
168283a1,168283,"[0,0,1,-79,282]",3,1
168283b1,168283,"[0,-1,1,11794,-83880]",3,1
168322f1,168322,"[1,-1,0,-1093,14209]",3,1
168351a1,168351,"[0,1,1,-492,1622]",3,1
168352a1,168352,"[0,1,0,-30,-68]",3,1
168384a1,168384,"[0,1,0,-1017,12231]",3,1
168568a1,168568,"[0,0,0,-31,130]",3,1
168568c1,168568,"[0,-1,0,-724,766724]",3,1
168620a1,168620,"[0,0,0,-232,1681]",3,1
168626a1,168626,"[1,0,0,-295,2121]",3,1
168642a1,168642,"[1,-1,1,-272,2035]",3,1
168649a1,168649,"[0,0,1,-127,546]",3,1
168725a1,168725,"[0,1,1,-358,2444]",3,1
168725b1,168725,"[0,1,1,-8813008,10067175644]",3,1
168725e1,168725,"[0,1,1,-1283,17094]",3,1
168790b1,168790,"[1,0,1,-124,516]",3,1
168911a1,168911,"[1,-1,1,-9,24]",3,1
168914a1,168914,"[1,0,0,-105,601]",3,1
168965a1,168965,"[0,1,1,-2910,59556]",3,1
168987a1,168987,"[0,-1,1,-112,600]",3,1
169035b1,169035,"[1,1,1,-315,2022]",3,1
169134d1,169134,"[1,1,0,-16,124]",3,1
169220a1,169220,"[0,1,0,-26,25]",3,1
169314e1,169314,"[1,0,1,-265,1640]",3,1
169364b1,169364,"[0,1,0,-2061,34708]",3,1
169392h1,169392,"[0,1,0,-1160,10644]",3,1
169536b1,169536,"[0,-1,0,11,133]",3,1
169570c1,169570,"[1,-1,0,-8735,316425]",3,1
169582a1,169582,"[1,-1,1,-2469,47709]",3,1
169610d1,169610,"[1,-1,0,-3004,54028]",3,1
169610f1,169610,"[1,1,0,-63,133]",3,1
169664c1,169664,"[0,1,0,-561,12463]",3,1
169670be1,169670,"[1,0,1,-84,146]",3,1
169694a1,169694,"[1,0,0,1085,25281]",3,2
169694a2,169694,"[1,0,0,-9155,281281]",3,2
169716a1,169716,"[0,1,0,-450,3969]",3,1
169778e1,169778,"[1,-1,0,167,181]",3,1
169794h1,169794,"[1,-1,0,-30,212]",3,1
169848a1,169848,"[0,0,0,-927,10530]",3,2
169848a2,169848,"[0,0,0,333,36990]",3,2
169870a1,169870,"[1,-1,1,-5502,156429]",3,1
169923a1,169923,"[1,1,1,-84,1602]",3,1
169970b1,169970,"[1,0,1,-3508,-34782]",3,1
169982a1,169982,"[1,0,0,-257,1801]",3,1
170015a1,170015,"[1,-1,1,-2007,35106]",3,1
170025a1,170025,"[0,-1,1,-8,518]",3,1
170025g1,170025,"[0,-1,1,-123,578]",3,1
170134a1,170134,"[1,0,0,-36,112]",3,1
170135a1,170135,"[1,0,0,-95,412]",3,1
170202c1,170202,"[1,1,1,-4447,112517]",3,1
170287b1,170287,"[1,0,0,-282,-1591]",3,1
170348a1,170348,"[0,1,0,-244,1380]",3,1
170364e1,170364,"[0,-1,0,-85,-194]",3,1
170364h1,170364,"[0,-1,0,-449,3810]",3,1
170469c1,170469,"[0,0,1,-168,-475]",3,1
170584a1,170584,"[0,0,0,44,4]",3,1
170595a1,170595,"[0,0,1,-3627,124760]",3,1
170603a1,170603,"[0,0,1,-55,158]",3,1
170631a1,170631,"[1,-1,1,-176,992]",3,1
170714a1,170714,"[1,-1,1,-6639,211959]",3,1
170764a1,170764,"[0,1,0,-77,484]",3,1
170835b1,170835,"[0,-1,1,44,156]",3,1
170841b1,170841,"[1,1,1,-93359,11178362]",3,1
171116a1,171116,"[0,0,0,-49,1]",3,1
171163a1,171163,"[0,1,1,-10,20]",3,1
171178a1,171178,"[1,0,0,-370,2436]",3,1
171192i1,171192,"[0,-1,0,-4425,114381]",3,1
171244a1,171244,"[0,1,0,-37,84]",3,1
171261a1,171261,"[0,0,1,-39,72]",3,1
171273a1,171273,"[0,1,1,-3904,92542]",3,1
171299a1,171299,"[1,0,0,-85,294]",3,1
171320a1,171320,"[0,0,0,-343,2458]",3,1
171479a1,171479,"[0,0,1,-2203,466872]",3,1
171544a1,171544,"[0,0,0,-106,421]",3,1
171544c1,171544,"[0,-1,0,17,-16]",3,1
171630bb1,171630,"[1,-1,0,-480,4176]",3,1
171648u1,171648,"[0,0,0,-804,4624]",3,1
171687c1,171687,"[1,1,0,-6604,203839]",3,1
171735d1,171735,"[1,1,1,-185,362]",3,1
171860a1,171860,"[0,1,0,-450,625]",3,1
171922a1,171922,"[1,-1,1,-66,321]",3,1
171931a1,171931,"[0,1,1,-24,42]",3,1
172014c1,172014,"[1,1,1,-1037,12035]",3,1
172014g1,172014,"[1,0,1,-540,2710]",3,1
172014j1,172014,"[1,1,0,-919,-11051]",3,1
172144j1,172144,"[0,1,0,-3984,104932]",3,2
172144j2,172144,"[0,1,0,-65464,6425076]",3,2
172208a1,172208,"[0,0,0,-619,3994]",3,1
172218e1,172218,"[1,1,1,-1050,12711]",3,1
172218f1,172218,"[1,1,1,41,18797]",3,1
172246a1,172246,"[1,-1,1,-144,-141]",3,1
172246e1,172246,"[1,0,1,-299,1960]",3,1
172254e1,172254,"[1,0,1,-5007,139174]",3,1
172295a1,172295,"[0,0,1,-3718,87264]",3,1
172362j1,172362,"[1,0,1,-775,7910]",3,1
172366a1,172366,"[1,0,1,-21,20]",3,1
172432a1,172432,"[0,0,0,-9179,145546]",3,1
172466j1,172466,"[1,0,1,-94,348]",3,1
172579a1,172579,"[1,-1,1,27,30]",3,1
172662g1,172662,"[1,0,1,-3683,74522]",3,1
172712a1,172712,"[0,-1,0,-44,4]",3,1
172722f1,172722,"[1,1,0,-106,376]",3,1
172842b1,172842,"[1,1,1,-337,1967]",3,1
173197a1,173197,"[0,0,1,-367,-2334]",3,1
173385a1,173385,"[0,0,1,-723,7384]",3,1
173495a1,173495,"[0,1,1,-3130,67256]",3,1
173520bs1,173520,"[0,0,0,-603,4698]",3,2
173520bs2,173520,"[0,0,0,1197,27378]",3,2
173562e1,173562,"[1,1,1,-292,1445]",3,1
173592a1,173592,"[0,0,0,-84,3076]",3,1
173701b1,173701,"[0,-1,1,-126,588]",3,1
173701c1,173701,"[0,-1,1,-2421,38100]",3,1
173727a1,173727,"[1,-1,1,-239,-1006]",3,1
173746a1,173746,"[1,1,1,41,1197]",3,1
173775b1,173775,"[0,-1,1,-3458,78968]",3,1
173806k1,173806,"[1,0,1,-18314,952380]",3,1
173808bd1,173808,"[0,0,0,-819,9586]",3,1
173896b1,173896,"[0,1,0,-124,480]",3,1
174095a1,174095,"[1,-1,1,-738,7896]",3,1
174235a1,174235,"[1,1,1,-56,144]",3,1
174249c1,174249,"[1,-1,1,-146,182]",3,1
174339a1,174339,"[1,-1,1,-299,2134]",3,1
174344f1,174344,"[0,-1,0,-385,1061]",3,1
174410f1,174410,"[1,-1,0,1445,-80475]",3,1
174456b1,174456,"[0,0,0,-291,2059]",3,1
174518a1,174518,"[1,0,0,-652,6336]",3,1
174528be1,174528,"[0,0,0,108,4320]",3,1
174537a1,174537,"[0,0,1,-147,1926]",3,1
174578a1,174578,"[1,1,1,-597,4027]",3,1
174578e1,174578,"[1,-1,0,-5926,177076]",3,1
174578f1,174578,"[1,-1,0,-55,169]",3,1
174602a1,174602,"[1,-1,1,-222,2925]",3,1
174608s1,174608,"[0,0,0,-619,6634]",3,1
174676a1,174676,"[0,-1,0,-237,-1319]",3,1
174774b1,174774,"[1,1,1,-220,4541]",3,1
174839a1,174839,"[1,1,1,-1154,14832]",3,1
174845b1,174845,"[0,1,1,-436,3416]",3,1
174915e1,174915,"[1,-1,1,13657,41006]",3,2
174915e2,174915,"[1,-1,1,-54788,369542]",3,4
174915e3,174915,"[1,-1,1,-625163,189962192]",3,2
174915e4,174915,"[1,-1,1,-579533,-169018144]",3,2
175054b1,175054,"[1,0,1,-227,1134]",3,1
175138a1,175138,"[1,-1,0,-103,445]",3,1
175147a1,175147,"[0,1,1,-574,5108]",3,1
175182q1,175182,"[1,1,0,-136,4816]",3,1
175248h1,175248,"[0,0,0,-219,1674]",3,1
175589c1,175589,"[0,0,1,-14,0]",3,1
175591c1,175591,"[1,-1,0,-25,-38]",3,1
175627a1,175627,"[0,1,1,-18,30]",3,1
175732a1,175732,"[0,1,0,-164,772]",3,1
175737a1,175737,"[0,-1,1,16,20]",3,1
175743b1,175743,"[1,-1,1,-14,294]",3,1
175802f1,175802,"[1,-1,0,-53,1069]",3,1
175822a1,175822,"[1,0,0,-689,6889]",3,1
175832b1,175832,"[0,-1,0,-177,709]",3,1
175836d1,175836,"[0,-1,0,-49,130]",3,1
175842c1,175842,"[1,-1,0,-198,1444]",3,1
175931a1,175931,"[0,-1,1,-12,30]",3,1
175931b1,175931,"[0,-1,1,-30066,2036628]",3,1
176018a1,176018,"[1,-1,1,-2892,252495]",3,1
176044a1,176044,"[0,0,0,41,526]",3,1
176046j1,176046,"[1,0,1,-7623,253882]",3,2
176046j2,176046,"[1,0,1,-2763,574642]",3,2
176080k1,176080,"[0,1,0,-2400,2500]",3,2
176080k2,176080,"[0,1,0,-27400,1732500]",3,2
176124a1,176124,"[0,1,0,-702,6561]",3,1
176358bu1,176358,"[1,1,0,-42997,3383545]",3,2
176358bu2,176358,"[1,1,0,-10887,8360595]",3,2
176439b1,176439,"[0,-1,1,-20,2]",3,1
176446c1,176446,"[1,1,1,-664,7257]",3,1
176446f1,176446,"[1,0,1,0,20]",3,1
176571a1,176571,"[0,0,1,-9,182]",3,1
176649a1,176649,"[0,1,1,-24562,1473310]",3,1
176653a1,176653,"[0,0,1,-40,95]",3,1
176678a1,176678,"[1,0,0,-150,676]",3,1
176701a1,176701,"[0,1,1,-99,501]",3,1
176770e1,176770,"[1,-1,0,-1459,22465]",3,1
176817a1,176817,"[0,-1,1,-562,5622]",3,1
176957a1,176957,"[1,1,1,-45,76]",3,1
177005c1,177005,"[1,-1,1,-33,-48]",3,1
177024i1,177024,"[0,-1,0,-345,2601]",3,1
177040h1,177040,"[0,1,0,-96,4]",3,1
177086g1,177086,"[1,0,1,2228,-98934]",3,1
177137a1,177137,"[1,-1,1,-40,48]",3,1
177198g1,177198,"[1,0,1,-578,5672]",3,1
177291b1,177291,"[1,-1,1,-137,650]",3,1
177410a1,177410,"[1,1,0,-67,221]",3,1
177639a1,177639,"[0,1,1,-770,16340]",3,1
177729c1,177729,"[0,-1,1,-64,246]",3,1
177738c1,177738,"[1,1,0,-137,585]",3,1
177790a1,177790,"[1,-1,1,-1683,26931]",3,1
177802a1,177802,"[1,0,0,-6594,206788]",3,1
177856b1,177856,"[0,-1,0,63,2401]",3,1
177910a1,177910,"[1,-1,1,-258,1281]",3,1
177959a1,177959,"[0,-1,1,-34232,-2425080]",3,1
178032l1,178032,"[0,1,0,-160,1604]",3,1
178136c1,178136,"[0,0,0,-124,436]",3,1
178171b1,178171,"[0,1,1,-29,987]",3,1
178196a1,178196,"[0,-1,0,44,104]",3,1
178198a1,178198,"[1,1,1,-145,111]",3,1
178264a1,178264,"[0,-1,0,-329,2413]",3,1
178362i1,178362,"[1,-1,0,-663,6785]",3,1
178368bh1,178368,"[0,-1,0,63,1089]",3,1
178438a1,178438,"[1,-1,1,-231,-609]",3,1
178466i1,178466,"[1,-1,0,-778,-704]",3,1
178466j1,178466,"[1,1,0,-102,340]",3,1
178540b1,178540,"[0,0,0,-188,993]",3,1
178637a1,178637,"[0,-1,1,-74,234]",3,1
178723a1,178723,"[1,-1,1,-30,66]",3,1
178792a1,178792,"[0,1,0,-49,51]",3,1
178810a1,178810,"[1,0,0,-3701,86305]",3,1
178824a1,178824,"[0,-1,0,-2457,47709]",3,1
178824b1,178824,"[0,-1,0,23,589]",3,1
178834c1,178834,"[1,0,1,-121,-228]",3,1
178850cc1,178850,"[1,0,1,-1251,21998]",3,1
178882d1,178882,"[1,-1,0,-1322834,585941624]",3,1
178912b1,178912,"[0,-1,0,-66,232]",3,1
178955a1,178955,"[0,1,1,-750,3906]",3,1
178998a1,178998,"[1,1,0,-102,360]",3,1
179018a1,179018,"[1,0,0,-595,21921]",3,1
179034a1,179034,"[1,0,0,-7540,246416]",3,1
179062f1,179062,"[1,0,1,-53,-108]",3,1
179148a1,179148,"[0,-1,0,196,-2376]",3,1
179193a1,179193,"[0,-1,1,-5896,265278]",3,1
179213a1,179213,"[1,0,0,-28,51]",3,1
179256f1,179256,"[0,-1,0,-1540,23716]",3,2
179256f2,179256,"[0,-1,0,-880,43516]",3,2
179346a1,179346,"[1,1,1,68,797]",3,1
179422b1,179422,"[1,-1,0,-56,128]",3,1
179558a1,179558,"[1,0,0,-72,256]",3,1
179686a1,179686,"[1,0,0,-7590,249316]",3,1
179726a1,179726,"[1,0,1,-21,44]",3,1
179735a1,179735,"[0,0,1,-148,-516]",3,1
179749a1,179749,"[0,-1,1,-14,0]",3,1
179822d1,179822,"[1,1,0,-792,-75200]",3,1
179866a1,179866,"[1,0,0,-2551,49449]",3,1
179870a1,179870,"[1,-1,1,-1917,31941]",3,1
179957a1,179957,"[0,1,1,-28,-64]",3,1
179968b1,179968,"[0,0,0,-490,5344]",3,1
180011a1,180011,"[0,-1,1,-222,1350]",3,1
180011b1,180011,"[0,-1,1,-267,3927]",3,1
180055a1,180055,"[0,0,1,-943,11148]",3,1
180055c1,180055,"[0,0,1,2,228]",3,1
180184e1,180184,"[0,-1,0,-840,-8804]",3,1
180336cn1,180336,"[0,-1,0,-640,4816]",3,2
180336cn2,180336,"[0,-1,0,-9480,358416]",3,2
180376b1,180376,"[0,1,0,-316,-432]",3,1
180414q1,180414,"[1,-1,0,-81,441]",3,1
180687a1,180687,"[0,1,1,-1022,39920]",3,1
180710g1,180710,"[1,0,1,-39,62]",3,1
180803a1,180803,"[0,0,1,-2341,43596]",3,1
180864u1,180864,"[0,0,0,-372,3760]",3,1
181068a1,181068,"[0,1,0,-1282,-4351]",3,1
181118b1,181118,"[1,0,1,-732,4814]",3,1
181136l1,181136,"[0,-1,0,-168,-752]",3,1
181167a1,181167,"[0,-1,1,-1772,28832]",3,1
181205a1,181205,"[1,1,1,115,240]",3,1
181209a1,181209,"[0,1,1,-1902,25922]",3,1
181247a1,181247,"[0,0,1,-37,-54]",3,1
181376b1,181376,"[0,0,0,-134,11404]",3,1
181376i1,181376,"[0,1,0,-27,109]",3,1
181400a1,181400,"[0,1,0,-108,688]",3,1
181408a1,181408,"[0,0,0,-104,-336]",3,1
181730a1,181730,"[1,-1,0,-2839,59245]",3,1
181731a1,181731,"[0,1,1,-2474,46592]",3,1
181731b1,181731,"[0,-1,1,1,20]",3,1
181736a1,181736,"[0,-1,0,-140,676]",3,1
181784b1,181784,"[0,0,0,4,116]",3,1
181817b1,181817,"[1,-1,1,-292,1990]",3,1
181869a1,181869,"[1,0,0,-114,333]",3,1
181882b1,181882,"[1,0,1,-20,-18]",3,1
181906b1,181906,"[1,1,0,-82,260]",3,1
182074a1,182074,"[1,-1,0,-2500,48744]",3,1
182128b1,182128,"[0,0,0,-163,834]",3,1
182151b1,182151,"[0,0,1,-120,-1233]",3,1
182208bp1,182208,"[0,-1,0,-3697,88081]",3,1
182232c1,182232,"[0,0,0,-1164,15604]",3,1
182251a1,182251,"[0,1,1,13,15]",3,1
182263a1,182263,"[1,-1,1,-34,224]",3,1
182358i1,182358,"[1,-1,0,-2661,53441]",3,1
182362a1,182362,"[1,-1,1,1287,7065]",3,1
182365a1,182365,"[1,0,0,-251,1510]",3,1
182502a1,182502,"[1,-1,1,-1562,63065]",3,1
182504b1,182504,"[0,1,0,-57,331]",3,1
182511b1,182511,"[0,0,1,-201,1386]",3,1
182712d1,182712,"[0,-1,0,-5107,143176]",3,1
182823a1,182823,"[0,1,1,-862,9022]",3,1
182826l1,182826,"[1,-1,0,-294,2744]",3,1
182850bv1,182850,"[1,1,0,-7975,212725]",3,1
182869a1,182869,"[0,0,1,-277,1836]",3,1
182870a1,182870,"[1,0,0,-1076,13456]",3,1
182870b1,182870,"[1,0,1,-739,7662]",3,1
182934b1,182934,"[1,-1,0,-585,6237]",3,1
183205a1,183205,"[0,1,1,-30,756]",3,1
183214a1,183214,"[1,-1,0,-662,6724]",3,1
183236a1,183236,"[0,1,0,-294,1681]",3,1
183312x1,183312,"[0,0,0,-3891,93314]",3,2
183312x2,183312,"[0,0,0,-4971,37370]",3,2
183333a1,183333,"[0,1,1,-142,670]",3,1
183414u1,183414,"[1,1,0,-1732,25060]",3,1
183562a1,183562,"[1,0,1,-44,90]",3,1
183565a1,183565,"[0,-1,1,-100,406]",3,1
183565c1,183565,"[0,-1,1,-6705,-199047]",3,1
183642c1,183642,"[1,1,0,-863,9669]",3,1
183744a1,183744,"[0,0,0,-48612,4122560]",3,2
183744a2,183744,"[0,0,0,-59052,2222480]",3,2
183832a1,183832,"[0,-1,0,-132,484]",3,1
183845a1,183845,"[0,-1,1,-20045,1130181]",3,1
183851a1,183851,"[0,0,1,-994,12062]",3,1
183916a1,183916,"[0,0,0,-79,214]",3,1
183950a1,183950,"[1,-1,1,-19830,1105797]",3,1
184066a1,184066,"[1,1,0,-21,61]",3,1
184112b1,184112,"[0,1,0,-2480,46804]",3,1
184219a1,184219,"[0,1,1,51,57]",3,1
184245a1,184245,"[0,-1,1,-1046,13376]",3,1
184254n1,184254,"[1,1,0,-231,1305]",3,1
184278e1,184278,"[1,1,1,-509,5267]",3,1
184414b1,184414,"[1,0,1,-453,3632]",3,1
184414c1,184414,"[1,0,1,-3252,-23794]",3,1
184455a1,184455,"[0,0,1,-3477,78502]",3,1
184529a1,184529,"[1,0,0,-17,16]",3,1
184536n1,184536,"[0,0,0,-2964,62404]",3,1
184650p1,184650,"[1,0,1,-901,9548]",3,1
184674i1,184674,"[1,1,0,-37,145]",3,1
184705a1,184705,"[0,0,1,-193,1014]",3,1
184761a1,184761,"[1,-1,1,-164,622]",3,1
184775b1,184775,"[1,-1,1,-855,-7978]",3,2
184775b2,184775,"[1,-1,1,1520,-45978]",3,2
184794e1,184794,"[1,1,0,-18844,987856]",3,1
184854a1,184854,"[1,0,1,-90,352]",3,1
184946a1,184946,"[1,-1,0,-4913,144349]",3,1
184947a1,184947,"[1,0,0,-289197,59804244]",3,1
185073a1,185073,"[0,1,1,-9032,330782]",3,1
185154g1,185154,"[1,1,0,-44,84]",3,1
185154h1,185154,"[1,1,0,-72989,-6348291]",3,1
185216b1,185216,"[0,1,0,-57,-41]",3,1
185228a1,185228,"[0,0,0,-1487,22070]",3,1
185324a1,185324,"[0,1,0,-108,1732]",3,1
185497a1,185497,"[0,1,1,0,90]",3,1
185555a1,185555,"[0,0,1,-455977,118508502]",3,1
185555b1,185555,"[0,0,1,73,-148]",3,1
185555e1,185555,"[0,1,1,-26575,3419129]",3,1
185562ba1,185562,"[1,-1,0,-2313,619789]",3,2
185562ba2,185562,"[1,-1,0,-123993,16705885]",3,4
185562ba3,185562,"[1,-1,0,-1979613,1072553665]",3,2
185562ba4,185562,"[1,-1,0,-215253,-11091911]",3,2
185568d1,185568,"[0,-1,0,-145,1441]",3,1
185808bv1,185808,"[0,-1,0,-240,1296]",3,2
185808bv2,185808,"[0,-1,0,-1080,-12144]",3,2
185950d1,185950,"[1,0,1,-176,498]",3,1
185952e1,185952,"[0,-1,0,-625,6241]",3,1
186085a1,186085,"[1,1,1,-365,2772]",3,1
186114c1,186114,"[1,1,0,-389,2781]",3,1
186234b1,186234,"[1,0,1,-538,572]",3,1
186303b1,186303,"[0,-1,1,-3302,-13630]",3,1
186303g1,186303,"[0,-1,1,-57,182]",3,1
186310c1,186310,"[1,-1,1,-558,5181]",3,1
186348g1,186348,"[0,-1,0,-102,369]",3,1
186393a1,186393,"[1,0,0,-75,306]",3,1
186414g1,186414,"[1,0,1,-195,922]",3,1
186439a1,186439,"[0,0,1,-130,-495]",3,1
186519a1,186519,"[0,1,1,-594,4556]",3,1
186528a1,186528,"[0,1,0,-1297,103679]",3,1
186578a1,186578,"[1,-1,1,-1152,16035]",3,1
186578c1,186578,"[1,1,0,14,14]",3,1
186598b1,186598,"[1,-1,0,1,-21]",3,1
186630t1,186630,"[1,1,0,-382,2776]",3,1
186678f1,186678,"[1,-1,1,-482,4065]",3,1
186688m1,186688,"[0,-1,0,-53,-107]",3,1
186762j1,186762,"[1,1,0,-26,-24]",3,1
186778a1,186778,"[1,1,1,-2620,-99]",3,1
186789a1,186789,"[0,-1,1,-18391,967983]",3,1
186846k1,186846,"[1,1,0,-10984,436864]",3,1
186908a1,186908,"[0,-1,0,-398,3193]",3,1
186926a1,186926,"[1,-1,1,-1644,26607]",3,1
186926b1,186926,"[1,0,1,5,-20]",3,1
186933a1,186933,"[1,0,0,-54,135]",3,1
187008s1,187008,"[0,-1,0,-137,729]",3,1
187016a1,187016,"[0,-1,0,-44,-95]",3,1
187054c1,187054,"[1,1,0,-304,1964]",3,1
187079a1,187079,"[0,0,1,31,90]",3,1
187195a1,187195,"[0,0,1,-32,125]",3,1
187198a1,187198,"[1,-1,1,-9462,336645]",3,1
187198h1,187198,"[1,1,0,-95,319]",3,1
187328c1,187328,"[0,0,0,-428,3536]",3,1
187341c1,187341,"[0,-1,1,28,302]",3,1
187374h1,187374,"[1,0,1,-2630,37100]",3,1
187426b1,187426,"[1,0,1,-27,-46]",3,1
187546b1,187546,"[1,1,0,-117,445]",3,1
187600bk1,187600,"[0,1,0,-1608,24388]",3,1
187616b1,187616,"[0,1,0,-302,2236]",3,1
187626c1,187626,"[1,1,1,-530,4511]",3,1
187626i1,187626,"[1,1,0,89,91]",3,1
187640c1,187640,"[0,0,0,-772,10564]",3,1
187677a1,187677,"[0,0,1,-117,-214]",3,1
187704h1,187704,"[0,0,0,-372,2500]",3,1
187782q1,187782,"[1,1,0,-289,-251]",3,1
187882a1,187882,"[1,0,0,-55,681]",3,1
187932a1,187932,"[0,1,0,-177,576]",3,1
187959a1,187959,"[1,1,1,-155,686]",3,1
188030b1,188030,"[1,-1,0,-64,148]",3,1
188030c1,188030,"[1,1,0,-14782,-591436]",3,1
188073b1,188073,"[1,-1,1,-563,5278]",3,1
188078a1,188078,"[1,0,0,-695,7081]",3,1
188094y1,188094,"[1,1,0,-2472,63180]",3,2
188094y2,188094,"[1,1,0,-43362,3457050]",3,2
188201a1,188201,"[0,-1,1,-380,3012]",3,1
188479a1,188479,"[1,-1,1,2,20]",3,1
188609a1,188609,"[1,1,1,14,0]",3,1
188806e1,188806,"[1,-1,0,185,-3]",3,1
188830f1,188830,"[1,0,1,-6318,193556]",3,1
189008c1,189008,"[0,-1,0,-72,16]",3,1
189117a1,189117,"[1,-1,1,-1004,12494]",3,1
189136c1,189136,"[0,-1,0,-112,464]",3,1
189157a1,189157,"[1,-1,1,-666,6852]",3,1
189276c1,189276,"[0,-1,0,-849,9810]",3,1
189447b1,189447,"[0,-1,1,-3181,70125]",3,1
189478b1,189478,"[1,-1,0,-41,93]",3,1
189546h1,189546,"[1,0,1,-673,7592]",3,1
189568a1,189568,"[0,0,0,-532,4720]",3,1
189686d1,189686,"[1,1,0,-276,1684]",3,1
189717b1,189717,"[0,-1,1,-56,128]",3,1
189768b1,189768,"[0,-1,0,20,196]",3,1
189813b1,189813,"[0,-1,1,-1664,26744]",3,1
189834e1,189834,"[1,0,1,-340,2750]",3,1
189850d1,189850,"[1,0,1,-76,198]",3,1
189926b1,189926,"[1,0,1,-173,852]",3,2
189926b2,189926,"[1,0,1,-63,1952]",3,2
189936bd1,189936,"[0,0,0,-651,5834]",3,1
190239a1,190239,"[1,1,1,-321,2082]",3,1
190317a1,190317,"[1,0,0,-1051,13064]",3,1
190410t1,190410,"[1,1,0,-278,1632]",3,2
190410t2,190410,"[1,1,0,52,5658]",3,2
190418a1,190418,"[1,0,0,-49,489]",3,1
190454c1,190454,"[1,-1,0,-94,-236]",3,1
190562a1,190562,"[1,-1,1,-861,9957]",3,1
190578d1,190578,"[1,0,1,-2240,39962]",3,1
190578g1,190578,"[1,1,0,-149,-231]",3,1
190776a1,190776,"[0,1,0,-737,5091]",3,1
190784t1,190784,"[0,1,0,-357,-2549]",3,1
190854f1,190854,"[1,-1,0,84,2528]",3,1
191092a1,191092,"[0,1,0,-517,-2841]",3,1
191214c1,191214,"[1,-1,1,-374,4997]",3,1
191260b1,191260,"[0,-1,0,-901,11201]",3,1
191274f1,191274,"[1,1,0,-144,576]",3,1
191277a1,191277,"[1,-1,1,-338,2450]",3,1
191300a1,191300,"[0,0,0,-40,25]",3,1
191350m1,191350,"[1,0,1,-401,3048]",3,1
191424bl1,191424,"[0,1,0,-5737,165911]",3,1
191583b1,191583,"[0,0,1,-741,7812]",3,1
191597a1,191597,"[0,0,1,-194,490]",3,1
191619a1,191619,"[0,0,1,-3672,85556]",3,1
191658b1,191658,"[1,0,1,-2987,19334]",3,1
191722b1,191722,"[1,-1,0,-41,-87]",3,1
191798a1,191798,"[1,1,1,-785,9711]",3,1
191798e1,191798,"[1,-1,0,-493,4339]",3,1
191890a1,191890,"[1,0,1,-34,1332]",3,1
191890b1,191890,"[1,0,1,-3824,91266]",3,1
191925a1,191925,"[0,0,1,-2325,43056]",3,1
191942b1,191942,"[1,0,1,-2,-60]",3,1
191969b1,191969,"[1,-1,0,-71,248]",3,1
191984q1,191984,"[0,0,0,-91,234]",3,1
192082e1,192082,"[1,1,0,-1789,28349]",3,1
192115a1,192115,"[0,0,1,-7297,144420]",3,1
192128g1,192128,"[0,0,0,-154,724]",3,1
192142i1,192142,"[1,-1,0,-223,3085]",3,1
192187a1,192187,"[1,1,1,-15,-14]",3,1
192230c1,192230,"[1,-1,0,-409,10813]",3,1
192231a1,192231,"[0,0,1,-34347,2469546]",3,1
192285b1,192285,"[1,-1,1,-1562,28086]",3,1
192306b1,192306,"[1,1,0,-54,324]",3,1
192450r1,192450,"[1,0,1,-3176,71498]",3,1
192681a1,192681,"[0,0,1,-465,-3846]",3,1
192775a1,192775,"[0,1,1,-10158,390594]",3,1
192775d1,192775,"[0,0,1,-950,-7094]",3,1
192812a1,192812,"[0,1,0,-693,8791]",3,1
192815a1,192815,"[0,1,1,-16,326]",3,1
192822h1,192822,"[1,1,0,-42,360]",3,1
192833a1,192833,"[1,1,1,-84,262]",3,1
192910c1,192910,"[1,0,1,-104,402]",3,1
193005b1,193005,"[0,0,1,-948,15759]",3,1
193044a1,193044,"[0,-1,0,-154,793]",3,1
193051a1,193051,"[0,1,1,11,-13]",3,1
193088u1,193088,"[0,-1,0,-617,6889]",3,1
193142a1,193142,"[1,0,1,-930,10100]",3,1
193177a1,193177,"[0,0,1,-8725,308550]",3,1
193256k1,193256,"[0,0,0,-532,4900]",3,1
193302d1,193302,"[1,-1,0,27,5589]",3,1
193342a1,193342,"[1,1,0,-374,2644]",3,1
193365a1,193365,"[0,0,1,-93,814]",3,1
193365b1,193365,"[0,0,1,-78978,8557429]",3,1
193378b1,193378,"[1,-1,0,-46,136]",3,1
193385a1,193385,"[0,-1,1,-31,-38]",3,1
193466i1,193466,"[1,-1,0,-211,961]",3,1
193556a1,193556,"[0,1,0,-797,6724]",3,1
193566a1,193566,"[1,1,1,-2619,50505]",3,1
193626c1,193626,"[1,-1,0,189,533]",3,1
193772a1,193772,"[0,0,0,-16,49]",3,1
193920u1,193920,"[0,-1,0,-281,2025]",3,1
194023c1,194023,"[1,0,1,4,21]",3,1
194173a1,194173,"[0,1,1,28,12]",3,1
194189a1,194189,"[0,1,1,-2103,36501]",3,1
194192g1,194192,"[0,-1,0,-1392,-2624]",3,1
194285a1,194285,"[1,-1,1,-153,606]",3,1
194360a1,194360,"[0,1,0,-3620,83968]",3,1
194424a1,194424,"[0,1,0,-1540,24704]",3,1
194430o1,194430,"[1,1,0,-202,1624]",3,1
194442j1,194442,"[1,0,1,-3665,86132]",3,1
194490p1,194490,"[1,-1,0,-375,2825]",3,2
194490p2,194490,"[1,-1,0,75,8855]",3,2
194644b1,194644,"[0,1,0,-452,3556]",3,1
194654b1,194654,"[1,0,1,-35,72]",3,1
194763a1,194763,"[0,1,1,-300,2540]",3,1
194814f1,194814,"[1,-1,0,-4230,227124]",3,1
194816f1,194816,"[0,-1,0,-83,319]",3,1
194879a1,194879,"[1,-1,1,-219,1134]",3,1
194924a1,194924,"[0,-1,0,3,169]",3,1
194943a1,194943,"[0,-1,1,-1604,25724]",3,1
194971a1,194971,"[0,-1,1,-422,3492]",3,1
195012a1,195012,"[0,0,0,-399,-1546]",3,1
195099a1,195099,"[1,1,1,-35,56]",3,1
195129c1,195129,"[1,-1,1,-164,874]",3,1
195201a1,195201,"[0,0,1,69,2110]",3,1
195308a1,195308,"[0,0,0,-40,196]",3,1
195342g1,195342,"[1,0,1,-1005,4972]",3,1
195350b1,195350,"[1,0,0,937,608617]",3,1
195361a1,195361,"[1,-1,1,-75,486]",3,1
195376c1,195376,"[0,0,0,-547,4930]",3,1
195381a1,195381,"[0,0,1,-63,20]",3,1
195504g1,195504,"[0,1,0,-880,9524]",3,1
195651a1,195651,"[1,-1,1,85,-156]",3,1
195893a1,195893,"[1,1,1,-5,-24]",3,1
195938a1,195938,"[1,0,1,-7,30]",3,1
195968a1,195968,"[0,1,0,-89,247]",3,1
195994g1,195994,"[1,0,1,-82,-156]",3,1
196142a1,196142,"[1,0,1,1,30]",3,1
196174a1,196174,"[1,0,1,-415,3270]",3,1
196176q1,196176,"[0,-1,0,-269,2145]",3,1
196227a1,196227,"[1,-1,1,-167,1050]",3,1
196391a1,196391,"[1,1,1,-104,372]",3,1
196458b1,196458,"[1,1,1,-75,3321]",3,1
196462a1,196462,"[1,1,0,-2597,49885]",3,1
196464t1,196464,"[0,1,0,-3392,76164]",3,1
196531a1,196531,"[0,1,1,-7,20]",3,1
196622a1,196622,"[1,-1,1,-234414,43742397]",3,1
196622c1,196622,"[1,1,1,-1172,12885]",3,1
196728c1,196728,"[0,-1,0,-169,1069]",3,1
196734a1,196734,"[1,0,1,-147,1150]",3,1
196736b1,196736,"[0,0,0,-548,48976]",3,1
196794bj1,196794,"[1,-1,0,234,256]",3,1
196794bj2,196794,"[1,-1,0,-3681,90301]",3,1
196855a1,196855,"[1,-1,1,-132,264]",3,1
196914c1,196914,"[1,0,1,7,272]",3,1
197030p1,197030,"[1,0,1,-45428,3721506]",3,2
197030p2,197030,"[1,0,1,-38208,4946018]",3,2
197036a1,197036,"[0,-1,0,-180,1096]",3,1
197098r1,197098,"[1,1,0,-7953,283729]",3,1
197165a1,197165,"[0,1,1,-80,756]",3,1
197320a1,197320,"[0,0,0,-103,298]",3,1
197345a1,197345,"[0,0,1,-37,72]",3,1
197372g1,197372,"[0,-1,0,-114,2185]",3,1
197391a1,197391,"[1,1,1,60,306]",3,1
197577a1,197577,"[0,0,1,-79275,8552754]",3,1
197657a1,197657,"[0,0,1,-151,720]",3,1
197727a1,197727,"[1,1,1,-62,140]",3,1
197782b1,197782,"[1,1,0,-519,10981]",3,1
197791a1,197791,"[1,1,1,-22,72]",3,1
197818a1,197818,"[1,0,0,-190,996]",3,1
197818b1,197818,"[1,0,0,1316,12048]",3,1
197843a1,197843,"[0,1,1,-444,3738]",3,1
198006a1,198006,"[1,0,0,-2360,54336]",3,1
198080b1,198080,"[0,-1,0,-3345,87025]",3,1
198080d1,198080,"[0,-1,0,79,-239]",3,1
198087a1,198087,"[1,0,0,-929,12000]",3,1
198208a1,198208,"[0,1,0,-1601,-18497]",3,1
198208i1,198208,"[0,1,0,-3137,66559]",3,1
198306h1,198306,"[1,-1,0,-29151,1923133]",3,1
198336h1,198336,"[0,-1,0,-49,625]",3,1
198368a1,198368,"[0,1,0,18,16]",3,1
198405a1,198405,"[0,0,1,-5187,124272]",3,1
198405c1,198405,"[0,0,1,-273,-32]",3,1
198467a1,198467,"[1,0,1,-357,2561]",3,1
198592b1,198592,"[0,-1,0,-85,581]",3,1
198830e1,198830,"[1,0,1,-133,468]",3,1
198869a1,198869,"[0,0,1,-443,3460]",3,1
199002j1,199002,"[1,0,1,-5,5852]",3,1
199082a1,199082,"[1,-1,1,-279,60207]",3,1
199099a1,199099,"[0,0,1,7,20]",3,1
199190i1,199190,"[1,1,0,-23,133]",3,1
199199d1,199199,"[0,-1,1,-287,3540]",3,1
199237a1,199237,"[0,0,1,-181,-660]",3,1
199336b1,199336,"[0,0,0,-26,41]",3,1
199366e1,199366,"[1,-1,0,-113,-419]",3,1
199464a1,199464,"[0,1,0,-545,3459]",3,1
199470y1,199470,"[1,1,0,-118,388]",3,2
199470y2,199470,"[1,1,0,182,2368]",3,2
199659a1,199659,"[1,1,1,-93,324]",3,1
199693a1,199693,"[1,0,0,-128,613]",3,1
199728a1,199728,"[0,0,0,-12531,539890]",3,2
199728a2,199728,"[0,0,0,-13251,474370]",3,4
199728a3,199728,"[0,0,0,27789,2830066]",3,2
199728a4,199728,"[0,0,0,-65811,-6074606]",3,2
199764a1,199764,"[0,0,0,-6624,207684]",3,1
199771a1,199771,"[0,1,1,9398,4032]",3,1
199810j1,199810,"[1,0,1,-398,2928]",3,2
199810j2,199810,"[1,0,1,-978,-7744]",3,2
199851a1,199851,"[0,-1,1,-42,122]",3,1
199936c1,199936,"[0,-1,0,-3855,92611]",3,1
200061a1,200061,"[1,-1,1,85,938]",3,1
200076d1,200076,"[0,-1,0,-54,153]",3,1
200077a1,200077,"[0,0,1,11,102]",3,1
200102b1,200102,"[1,0,1,-4,30]",3,1
200165a1,200165,"[0,1,1,-4426,119396]",3,1
200287a1,200287,"[0,-1,1,-102,462]",3,1
200357a1,200357,"[0,0,1,-17,16]",3,1
200408a1,200408,"[0,1,0,36,85]",3,1
200529a1,200529,"[1,-1,1,-191,1216]",3,1
200576k1,200576,"[0,-1,0,-39,103]",3,1
200616b1,200616,"[0,-1,0,-1100,14436]",3,1
200624b1,200624,"[0,-1,0,16,-176]",3,1
200730l1,200730,"[1,1,1,-36,933]",3,1
200751b1,200751,"[1,1,1,-548,4718]",3,1
200757a1,200757,"[0,1,1,-390,2270]",3,1
200795a1,200795,"[0,1,1,-110,306]",3,1
200817b1,200817,"[1,-1,1,-38,90]",3,1
200827a1,200827,"[1,0,0,-365,2536]",3,1
200841a1,200841,"[0,-1,1,10,32]",3,1
200902a1,200902,"[1,0,0,-67502,4202884]",3,1
200902b1,200902,"[1,0,0,-1387,19761]",3,1
201023a1,201023,"[1,1,1,-24,40]",3,1
201042o1,201042,"[1,-1,0,-3516,81116]",3,3
201042o2,201042,"[1,-1,0,-8871,-211267]",3,1
201056c1,201056,"[0,0,0,-65,204]",3,1
201060e1,201060,"[0,0,0,-273,2297]",3,1
201081a1,201081,"[1,1,1,2,38]",3,1
201126a1,201126,"[1,1,1,-18430,955451]",3,1
201130a1,201130,"[1,0,1,-44,126]",3,1
201152b1,201152,"[0,1,0,-729,6631]",3,2
201152b2,201152,"[0,1,0,-2689,-47073]",3,2
201306i1,201306,"[1,0,1,-550,2312]",3,1
201312g1,201312,"[0,0,0,-156,-160]",3,1
201342h1,201342,"[1,1,0,-54351,4854501]",3,1
201444a1,201444,"[0,-1,0,11,70]",3,1
201535a1,201535,"[1,-1,1,12,42]",3,1
201550u1,201550,"[1,-1,0,-67,3841]",3,1
201550x1,201550,"[1,1,0,-11400,640000]",3,1
201550x2,201550,"[1,1,0,90100,-8190500]",3,1
201616c1,201616,"[0,-1,0,32,224]",3,1
201685a1,201685,"[1,-1,1,-318,2106]",3,1
201692a1,201692,"[0,-1,0,-350,2641]",3,1
201733a1,201733,"[0,0,1,-637,6186]",3,1
201733c1,201733,"[0,-1,1,-184,-764]",3,1
201830b1,201830,"[1,-1,0,-3214,59620]",3,1
201916b1,201916,"[0,1,0,-101509,12452967]",3,1
201935a1,201935,"[1,1,1,-21,34]",3,1
201980a1,201980,"[0,0,0,-223,1222]",3,1
202026i1,202026,"[1,1,0,-36,180]",3,1
202046c1,202046,"[1,0,1,-17310,1354880]",3,1
202059a1,202059,"[1,-1,1,-1517,-16500]",3,2
202059a2,202059,"[1,-1,1,-8582,294360]",3,2
202143a1,202143,"[1,0,0,-54,243]",3,1
202176a1,202176,"[0,0,0,-324,2304]",3,1
202179b1,202179,"[0,-1,1,-104,476]",3,1
202186b1,202186,"[1,-1,0,-58,196]",3,1
202265a1,202265,"[0,0,1,37,94]",3,1
202266g1,202266,"[1,-1,0,-159,989]",3,1
202288b1,202288,"[0,0,0,-512,4460]",3,1
202354c1,202354,"[1,-1,0,221,1669]",3,1
202437a1,202437,"[0,0,1,-651,6390]",3,1
202437b1,202437,"[0,0,1,-581151,-169265250]",3,1
202454a1,202454,"[1,0,0,-242,1924]",3,1
202598c1,202598,"[1,0,1,-290,1872]",3,1
202688e1,202688,"[0,0,0,-268,-1616]",3,1
202688g1,202688,"[0,-1,0,-3041,65569]",3,1
202795b1,202795,"[1,-1,1,-492,4284]",3,1
202822b1,202822,"[1,0,1,-55,90]",3,1
202890c1,202890,"[1,0,1,-1399,27722]",3,1
202958i1,202958,"[1,0,1,-45155,3715422]",3,1
202968a1,202968,"[0,0,0,-279,2106]",3,1
202975a1,202975,"[0,0,1,-1300,19031]",3,1
203016d1,203016,"[0,-1,0,-1372,20164]",3,1
203028c1,203028,"[0,-1,0,-1282,18481]",3,1
203064b1,203064,"[0,-1,0,-297,2061]",3,1
203072q1,203072,"[0,0,0,-56,136]",3,1
203078f1,203078,"[1,-1,0,-112,454]",3,1
203236b1,203236,"[0,0,0,211,1301]",3,1
203272a1,203272,"[0,1,0,-52,-96]",3,1
203462a1,203462,"[1,0,0,-137,3481]",3,1
203644a1,203644,"[0,0,0,-217,1225]",3,1
203796a1,203796,"[0,0,0,-6669,207549]",3,1
203825a1,203825,"[0,1,1,-68,324]",3,1
203826h1,203826,"[1,1,0,-744,8496]",3,1
203949a1,203949,"[1,-1,1,37381,9975084]",3,1
204017a1,204017,"[1,-1,1,-604,5852]",3,1
204096g1,204096,"[0,-1,0,-97,961]",3,1
204096i1,204096,"[0,-1,0,-14401,670177]",3,1
204108c1,204108,"[0,-1,0,-252,1656]",3,1
204113a1,204113,"[0,-1,1,1490,-27668]",3,1
204182c1,204182,"[1,0,1,-205,1032]",3,1
204239a1,204239,"[1,0,0,-1579907,-763724486]",3,1
204239b1,204239,"[1,0,0,-56,49]",3,1
204291a1,204291,"[1,-1,1,-617,5960]",3,1
204317a1,204317,"[1,-1,1,-25,-36]",3,1
204335a1,204335,"[0,0,1,853,28842]",3,1
204335b1,204335,"[0,1,1,-75,231]",3,1
204350a1,204350,"[1,-1,1,-1305,18297]",3,1
204379a1,204379,"[0,1,1,-506,4344]",3,1
204483a1,204483,"[1,0,0,-327,2466]",3,1
204560h1,204560,"[0,0,0,-307,706]",3,1
204824a1,204824,"[0,1,0,36,-80]",3,1
204864cg1,204864,"[0,1,0,-2505,39159]",3,2
204864cg2,204864,"[0,1,0,-38145,2854719]",3,2
205105a1,205105,"[0,0,1,-97,1992]",3,1
205128a1,205128,"[0,0,0,-342,-1755]",3,2
205128a2,205128,"[0,0,0,-2007,33210]",3,2
205172b1,205172,"[0,0,0,19,141]",3,1
205183a1,205183,"[0,1,1,-786,9042]",3,1
205239a1,205239,"[0,-1,1,-1390,20922]",3,1
205282d1,205282,"[1,-1,0,-16654,2820904]",3,1
205366c1,205366,"[1,-1,0,-421,3481]",3,1
205394c1,205394,"[1,1,0,-1759,27641]",3,1
205490d1,205490,"[1,0,1,-54,56]",3,1
205569c1,205569,"[1,-1,1,-107,250]",3,2
205569c2,205569,"[1,-1,1,-1472,22090]",3,2
205587a1,205587,"[1,-1,1,58,-230]",3,1
205605a1,205605,"[0,0,1,-777,1602]",3,1
205623a1,205623,"[1,-1,1,-6287,187710]",3,2
205623a2,205623,"[1,-1,1,-99752,12151230]",3,2
205709a1,205709,"[0,0,1,-61,192]",3,1
205736b1,205736,"[0,0,0,-22,25]",3,1
205785b1,205785,"[0,0,1,-2613,51394]",3,1
205785l1,205785,"[0,0,1,-588,-3807]",3,1
205850a1,205850,"[1,-1,1,-7980,73647]",3,1
205942h1,205942,"[1,0,1,-300,2000]",3,1
206051a1,206051,"[1,1,1,-44,96]",3,1
206126e1,206126,"[1,0,1,-85,-48]",3,1
206144j1,206144,"[0,1,0,-37,-21]",3,1
206184u1,206184,"[0,-1,0,-337,2389]",3,1
206252a1,206252,"[0,-1,0,11,38]",3,1
206254b1,206254,"[1,0,1,-231,1322]",3,1
206272g1,206272,"[0,-1,0,671,-6655]",3,1
206312a1,206312,"[0,0,0,-175,871]",3,1
206328a1,206328,"[0,-1,0,-220,1156]",3,1
206350a1,206350,"[1,-1,1,-330,2697]",3,1
206357a1,206357,"[1,-1,1,51,-36]",3,1
206610m1,206610,"[1,1,0,-39808,-2981888]",3,1
206610n1,206610,"[1,1,0,-183,873]",3,1
206612a1,206612,"[0,1,0,-3157,68796]",3,1
206721b1,206721,"[1,-1,1,-3965,-88446]",3,1
206772b1,206772,"[0,-1,0,-122,609]",3,1
206782a1,206782,"[1,0,0,-246,1444]",3,1
206825a1,206825,"[1,0,0,187,742]",3,1
206836a1,206836,"[0,0,0,137,4174]",3,1
206843a1,206843,"[1,1,1,-319,2070]",3,1
206960i1,206960,"[0,1,0,-800,10948]",3,2
206960i2,206960,"[0,1,0,-13800,619348]",3,2
207086a1,207086,"[1,0,0,-1815,13801]",3,1
207165b1,207165,"[0,1,1,-316,676]",3,1
207173a1,207173,"[0,0,1,14,120]",3,1
207221a1,207221,"[0,1,1,-212,1110]",3,1
207224a1,207224,"[0,1,0,16,25]",3,1
207406a1,207406,"[1,-1,1,-189,1029]",3,1
207406b1,207406,"[1,1,0,-133,-649]",3,1
207417a1,207417,"[0,1,1,-3740,87350]",3,1
207423f1,207423,"[1,-1,1,-209,1224]",3,1
207451a1,207451,"[0,0,1,5,90]",3,1
207545b1,207545,"[0,0,1,152,-351]",3,1
207622a1,207622,"[1,0,0,-106,-348]",3,1
207688d1,207688,"[0,1,0,-196,993]",3,1
207781a1,207781,"[1,1,1,-48,94]",3,1
207810l1,207810,"[1,-1,0,-495,4225]",3,1
207885a1,207885,"[0,1,1,894,18200]",3,1
207894c1,207894,"[1,1,1,-137,695]",3,1
208022a1,208022,"[1,0,0,-240,256]",3,1
208075g1,208075,"[1,0,0,-2688,48367]",3,2
208075g2,208075,"[1,0,0,3437,238242]",3,2
208157a1,208157,"[0,-1,1,-79,259]",3,1
208198a1,208198,"[1,1,1,-882,9727]",3,1
208326f1,208326,"[1,0,1,-1800,27910]",3,1
208373a1,208373,"[0,0,1,-1171,15420]",3,1
208373c1,208373,"[0,-1,1,-3099,-1641]",3,1
208470b1,208470,"[1,1,1,-806,10019]",3,1
208512bc1,208512,"[0,0,0,-804,8336]",3,1
208582c1,208582,"[1,-1,0,92,400]",3,1
208635a1,208635,"[0,-1,1,-166,1122]",3,1
208662g1,208662,"[1,1,0,-52,160]",3,1
208760c1,208760,"[0,1,0,-1241,16459]",3,1
208893a1,208893,"[1,0,0,-147,1224]",3,1
208893d1,208893,"[0,1,1,-22025,1250795]",3,1
208912a1,208912,"[0,-1,0,-1200,16576]",3,1
208945a1,208945,"[0,0,1,-27307,2115450]",3,1
208982a1,208982,"[1,0,1,0,62]",3,1
209026a1,209026,"[1,1,1,-166,675]",3,1
209060a1,209060,"[0,1,0,-356,2500]",3,1
209216k1,209216,"[0,-1,0,-897,10561]",3,1
209280h1,209280,"[0,-1,0,-9305,350697]",3,1
209402a1,209402,"[1,0,0,-32,256]",3,1
209472p1,209472,"[0,1,0,-28977,1883151]",3,1
209797a1,209797,"[1,-1,1,696,-14586]",3,1
209894a1,209894,"[1,-1,1,-297,2025]",3,1
210036f1,210036,"[0,-1,0,-346,2569]",3,1
210050k1,210050,"[1,-1,0,-37,121]",3,1
210064a1,210064,"[0,1,0,-149,751]",3,1
210157a1,210157,"[0,-1,1,-25,52]",3,1
210326a1,210326,"[1,1,1,46,351]",3,1
210620a1,210620,"[0,1,0,19,100]",3,1
210678p1,210678,"[1,0,1,-768,8062]",3,2
210678p2,210678,"[1,0,1,-1308,-4898]",3,2
210688a1,210688,"[0,1,0,-51,121]",3,1
210726a1,210726,"[1,-1,1,-4244,-11401]",3,1
210766a1,210766,"[1,0,1,-59,210]",3,1
210778a1,210778,"[1,1,0,-184,896]",3,1
210825a1,210825,"[0,0,1,-2325,136156]",3,1
210894b1,210894,"[1,1,1,-560,4241]",3,1
210972d1,210972,"[0,-1,0,-97,394]",3,1
211022b1,211022,"[1,-1,0,-721,-4067]",3,1
211022c1,211022,"[1,1,0,-49,-151]",3,1
211055c1,211055,"[1,-1,1,-328,1986]",3,2
211055c2,211055,"[1,-1,1,627,10772]",3,2
211117a1,211117,"[1,0,0,-23,46]",3,1
211162a1,211162,"[1,0,0,-77,529]",3,1
211394a1,211394,"[1,0,0,-467,-2399]",3,1
211494i1,211494,"[1,1,0,-63,81]",3,1
211498a1,211498,"[1,-1,0,-217,1453]",3,1
211662a1,211662,"[1,-1,1,-5627,184555]",3,1
211872c1,211872,"[0,1,0,-225,-81]",3,1
211904c1,211904,"[0,1,0,-2065,64239]",3,2
211904c2,211904,"[0,1,0,-39905,3053599]",3,2
212077a1,212077,"[0,1,1,-87,357]",3,1
212134a1,212134,"[1,0,0,-1319,18505]",3,1
212199a1,212199,"[1,1,1,20,506]",3,1
212222a1,212222,"[1,-1,1,8,475]",3,1
212256a1,212256,"[0,0,0,-597,-3940]",3,2
212256a2,212256,"[0,0,0,-3612,80480]",3,2
212318b1,212318,"[1,-1,0,-3562,82804]",3,1
212430g1,212430,"[1,1,1,-3816,88809]",3,2
212430g2,212430,"[1,1,1,-5736,-12567]",3,2
212446c1,212446,"[1,0,0,-170,676]",3,1
212484a1,212484,"[0,1,0,-382,2489]",3,1
212572b1,212572,"[0,0,0,-160,-92]",3,1
212617a1,212617,"[1,-1,0,-3596,66791]",3,1
212640g1,212640,"[0,-1,0,-7441,249505]",3,1
212644a1,212644,"[0,1,0,-44,196]",3,1
212716a1,212716,"[0,1,0,-1989,33511]",3,1
212735a1,212735,"[0,1,1,24,30]",3,1
212807a1,212807,"[0,0,1,-3038,64055]",3,1
212871a1,212871,"[0,-1,1,-43,117]",3,1
213057a1,213057,"[1,-1,1,778,7350]",3,1
213094b1,213094,"[1,0,1,-31,54]",3,1
213164b1,213164,"[0,1,0,-1121,14608]",3,1
213219a1,213219,"[0,0,1,-21,76]",3,1
213328a1,213328,"[0,0,0,-355,2146]",3,1
213335a1,213335,"[1,0,0,-45,-38]",3,1
213390f1,213390,"[1,-1,0,-2484,55588]",3,1
213408k1,213408,"[0,0,0,-12,2720]",3,1
213470b1,213470,"[1,0,1,-334,-2304]",3,1
213526c1,213526,"[1,-1,0,-4,64]",3,1
213534a1,213534,"[1,-1,1,-932,15815]",3,1
213550a1,213550,"[1,-1,1,-90,537]",3,1
213608a1,213608,"[0,0,0,-268,1684]",3,1
213610c1,213610,"[1,0,1,-17913,920156]",3,2
213610c2,213610,"[1,0,1,-12913,1446156]",3,2
213834i1,213834,"[1,0,1,-230,1640]",3,1
213846a1,213846,"[1,1,1,-742,-3613]",3,1
213927f1,213927,"[0,-1,1,-155,857]",3,1
213993a1,213993,"[0,0,1,-3189,-67100]",3,1
214049a1,214049,"[0,1,1,-524,4032]",3,1
214061a1,214061,"[0,1,1,-24,108]",3,1
214098l1,214098,"[1,1,0,-174,504]",3,1
214192a1,214192,"[0,1,0,-1248,16564]",3,1
214222a1,214222,"[1,0,1,34,132]",3,1
214338i1,214338,"[1,0,1,-143,2]",3,1
214356b1,214356,"[0,-1,0,-257,1674]",3,1
214357a1,214357,"[0,-1,1,-5629,164470]",3,1
214398g1,214398,"[1,-1,0,-99,389]",3,1
214416l1,214416,"[0,0,0,-1731,28946]",3,1
214422i1,214422,"[1,1,0,102,36]",3,1
214440c1,214440,"[0,-1,0,-465,4725]",3,1
214490c1,214490,"[1,1,0,-43,113]",3,1
214655a1,214655,"[1,1,1,-375,2560]",3,1
214659a1,214659,"[0,0,1,-3981,112270]",3,1
214912a1,214912,"[0,1,0,-79,-63]",3,2
214912a2,214912,"[0,1,0,-809,8551]",3,2
215088l1,215088,"[0,-1,0,-576,5184]",3,1
215111a1,215111,"[0,0,1,-61,200]",3,1
215182a1,215182,"[1,0,0,-127,-231]",3,1
215184f1,215184,"[0,-1,0,-424,3520]",3,1
215223a1,215223,"[1,1,1,-37,62]",3,1
215294b1,215294,"[1,0,1,-42,104]",3,1
215398a1,215398,"[1,0,0,-666,6244]",3,1
215574d1,215574,"[1,1,1,-1597,24467]",3,1
215676b1,215676,"[0,0,0,-201,1105]",3,1
215708a1,215708,"[0,1,0,-60,4]",3,1
215709a1,215709,"[1,1,1,-33,48]",3,1
215710n1,215710,"[1,0,1,-25373,1553256]",3,2
215710n2,215710,"[1,0,1,-22953,1862048]",3,2
215764a1,215764,"[0,1,0,-65,64]",3,1
215781c1,215781,"[1,1,1,-4500,114324]",3,1
215860a1,215860,"[0,1,0,-9950,380473]",3,1
215890c1,215890,"[1,-1,0,-175,925]",3,1
215893a1,215893,"[1,-1,1,-22,50]",3,1
215920f1,215920,"[0,-1,0,-256,1856]",3,1
215930i1,215930,"[1,0,1,-94,576]",3,1
215967a1,215967,"[0,1,1,-72,182]",3,1
215976a1,215976,"[0,1,0,-220,464]",3,1
216008f1,216008,"[0,1,0,-106665,13379899]",3,1
216188a1,216188,"[0,1,0,-702,-4439]",3,1
216384ci1,216384,"[0,-1,0,-345,4761]",3,2
216384ci2,216384,"[0,-1,0,-6785,217281]",3,2
216512b1,216512,"[0,-1,0,-2401,30209]",3,1
216512h1,216512,"[0,0,0,-844,9424]",3,1
216634a1,216634,"[1,0,0,-1282,36036]",3,3
216634a2,216634,"[1,0,0,11038,-759836]",3,1
216634e1,216634,"[1,0,1,-30400,2038422]",3,1
216642a1,216642,"[1,1,1,-197,875]",3,1
216642b1,216642,"[1,1,1,-1947,13545]",3,1
216826a1,216826,"[1,0,0,-377,2809]",3,1
216958f1,216958,"[1,-1,0,-553,5149]",3,1
217024m1,217024,"[0,-1,0,-257,769]",3,1
217071b1,217071,"[0,0,1,-192,956]",3,1
217112e1,217112,"[0,-1,0,-63,196]",3,1
217133a1,217133,"[1,0,0,-175,774]",3,1
217197a1,217197,"[1,-1,1,-554,5042]",3,1
217216d1,217216,"[0,0,0,-244,1456]",3,1
217328a1,217328,"[0,1,0,176,1236]",3,2
217328a2,217328,"[0,1,0,-1184,11572]",3,2
217328c1,217328,"[0,0,0,52309,-5060390]",3,2
217328c2,217328,"[0,0,0,-317611,-49080870]",3,4
217328c3,217328,"[0,0,0,-1889771,961189146]",3,4
217328c4,217328,"[0,0,0,-4664171,-3876661606]",3,2
217341a1,217341,"[0,0,1,-477,4006]",3,1
217370a1,217370,"[1,0,0,-526,-1020]",3,1
217370d1,217370,"[1,0,1,-948,11006]",3,1
217388a1,217388,"[0,1,0,-68,100]",3,1
217408v1,217408,"[0,0,0,-844,-656]",3,1
217465a1,217465,"[0,-1,1,-203830,35637556]",3,1
217476b1,217476,"[0,0,0,-444,3089]",3,1
217719a1,217719,"[1,-1,1,-74,154]",3,1
217784a1,217784,"[0,0,0,-223,1279]",3,1
217784e1,217784,"[0,-1,0,-152,-371]",3,1
217797b1,217797,"[0,-1,1,-537,4970]",3,1
217840o1,217840,"[0,0,0,-2203,39898]",3,1
217917a1,217917,"[0,0,1,-201,990]",3,1
217978a1,217978,"[1,0,0,149,-303]",3,1
218042a1,218042,"[1,0,0,16393,-106391]",3,1
218042a2,218042,"[1,0,0,-208062,40160836]",3,1
218096d1,218096,"[0,0,0,-931,-254]",3,1
218211a1,218211,"[0,1,1,-460,3610]",3,1
218230b1,218230,"[1,-1,0,-19055,1017201]",3,1
218371a1,218371,"[1,0,0,15,4]",3,1
218430o1,218430,"[1,-1,0,-324,5868]",3,1
218546a1,218546,"[1,0,0,-1450,21156]",3,1
218581a1,218581,"[0,0,1,-179,930]",3,1
218583a1,218583,"[1,-1,1,-383,2778]",3,1
218650m1,218650,"[1,0,1,-526,8448]",3,1
218725a1,218725,"[0,1,1,-1158,14094]",3,1
218746a1,218746,"[1,0,0,-9097,329241]",3,1
218966b1,218966,"[1,0,0,-5479,122313]",3,1
218979a1,218979,"[1,-1,1,-126869,17205662]",3,1
218990d1,218990,"[1,1,0,-102,-284]",3,1
219088g1,219088,"[0,0,0,-67,-110]",3,1
219114bf1,219114,"[1,-1,0,-5094,56164]",3,2
219114bf2,219114,"[1,-1,0,-66834,6662344]",3,2
219238a1,219238,"[1,0,0,15,361]",3,1
219274b1,219274,"[1,0,1,27,92]",3,1
219295a1,219295,"[0,1,1,-920,24174]",3,1
219326a1,219326,"[1,1,1,54,727]",3,1
219367a1,219367,"[0,0,1,-94,387]",3,1
219374a1,219374,"[1,0,1,-96,446]",3,1
219393a1,219393,"[0,0,1,-417,4216]",3,1
219396a1,219396,"[0,1,0,-149,2172]",3,1
219411a1,219411,"[1,-1,1,-41,236]",3,1
219534d1,219534,"[1,1,1,-2415,45621]",3,1
219646a1,219646,"[1,-1,1,-201,585]",3,1
219706a1,219706,"[1,-1,1,-384,-93]",3,1
219706c1,219706,"[1,1,0,-704,6904]",3,1
219784a1,219784,"[0,-1,0,36,2308]",3,1
219850a1,219850,"[1,0,0,-3538,82692]",3,1
219925c1,219925,"[1,0,0,7,22]",3,1
219936m1,219936,"[0,-1,0,-1162,15724]",3,1
219956a1,219956,"[0,1,0,14,153]",3,1
219963f1,219963,"[0,-1,1,-1597,25152]",3,1
219994a1,219994,"[1,0,0,-7064,244288]",3,1
220034a1,220034,"[1,0,0,-760,8256]",3,1
220066g1,220066,"[1,0,1,-33370,2299980]",3,1
220066k1,220066,"[1,-1,0,-1811,30121]",3,1
220134f1,220134,"[1,0,1,-600,5782]",3,1
220191b1,220191,"[0,-1,1,-415,-2238]",3,1
220236a1,220236,"[0,1,0,-1724,80292]",3,1
220241a1,220241,"[1,0,0,8,511]",3,1
220326d1,220326,"[1,1,1,-164,677]",3,1
220342e1,220342,"[1,-1,1,-187,-85]",3,1
220462a1,220462,"[1,-1,1,-1761,28977]",3,1
220517d1,220517,"[0,1,1,-129,-609]",3,1
220594c1,220594,"[1,1,1,-1090,-3249]",3,1
220622a1,220622,"[1,0,0,-2827,59889]",3,1
220686b1,220686,"[1,1,0,-121,469]",3,1
220709a1,220709,"[0,1,1,-19,17]",3,1
220754d1,220754,"[1,-1,0,-61,373]",3,1
220823a1,220823,"[1,-1,1,-12,30]",3,1
220884a1,220884,"[0,1,0,-410,6969]",3,1
220966d1,220966,"[1,1,0,-54,-104]",3,1
221008c1,221008,"[0,0,0,-259,1954]",3,1
221070i1,221070,"[1,0,1,-244,926]",3,2
221070i2,221070,"[1,0,1,-1594,-23914]",3,2
221168a1,221168,"[0,0,0,-211,1234]",3,1
221287b1,221287,"[0,0,1,-92,331]",3,1
221354b1,221354,"[1,0,1,5725,138222]",3,1
221373a1,221373,"[0,0,1,-81,272]",3,1
221470a1,221470,"[1,0,0,279,18265]",3,1
221682f1,221682,"[1,1,0,-1261,16669]",3,1
221775a1,221775,"[0,1,1,-3308,70394]",3,1
221823a1,221823,"[0,0,1,-21,110]",3,1
221825b1,221825,"[1,1,1,-14763,4504156]",3,1
222014a1,222014,"[1,-1,1,-321,2385]",3,1
222056b1,222056,"[0,-1,0,-49,53]",3,1
222081a1,222081,"[1,1,1,-92,302]",3,1
222144ce1,222144,"[0,1,0,-28457,1925079]",3,1
222144df1,222144,"[0,-1,0,23,169]",3,1
222206a1,222206,"[1,-1,0,-19,9]",3,1
222210n1,222210,"[1,-1,0,-1494,22500]",3,1
222283a1,222283,"[0,0,1,13,-14]",3,1
222352s1,222352,"[0,-1,0,-800,8656]",3,1
222362e1,222362,"[1,1,0,-1397,17725]",3,1
222425c1,222425,"[1,0,0,-788,1567]",3,2
222425c2,222425,"[1,0,0,3087,13192]",3,2
222448a1,222448,"[0,1,0,-312,-1964]",3,1
222501a1,222501,"[0,1,1,-136,532]",3,1
222698a1,222698,"[1,0,0,-1099,14193]",3,1
222733a1,222733,"[0,0,1,-7241,236302]",3,1
222848e1,222848,"[0,1,0,-73,135]",3,1
222866c1,222866,"[1,0,1,-2349,72728]",3,1
222886a1,222886,"[1,1,1,75,91]",3,1
222891a1,222891,"[0,-1,1,-12,32]",3,1
222961a1,222961,"[0,1,1,-2946,60574]",3,1
222995b1,222995,"[1,0,1,-564,5711]",3,1
223132a1,223132,"[0,-1,0,-460,-2824]",3,1
223142b1,223142,"[1,1,1,-462,3595]",3,1
223191a1,223191,"[0,0,1,-105,412]",3,1
223210g1,223210,"[1,0,1,-10323,399278]",3,2
223210g2,223210,"[1,0,1,-18403,-314994]",3,2
223210h1,223210,"[1,0,1,-66274,6561252]",3,2
223210h2,223210,"[1,0,1,-68294,6139476]",3,2
223283a1,223283,"[0,-1,1,-19,46]",3,1
223346a1,223346,"[1,-1,1,-2259,42099]",3,1
223374a1,223374,"[1,1,0,-9481,303925]",3,1
223446a1,223446,"[1,1,1,-359,3485]",3,1
223821a1,223821,"[0,0,1,672,9360]",3,1
223856a1,223856,"[0,1,0,-312,-44]",3,1
223915a1,223915,"[0,1,1,-206,1050]",3,1
224100bh1,224100,"[0,0,0,-525,3125]",3,1
224112cb1,224112,"[0,-1,0,-320,13776]",3,2
224112cb2,224112,"[0,-1,0,-10760,431376]",3,2
224208x1,224208,"[0,0,0,-351,-594]",3,1
224223b1,224223,"[1,1,1,-3817,89252]",3,1
224380a1,224380,"[0,0,0,-373,2797]",3,1
224394h1,224394,"[1,0,1,-227,13610]",3,1
224412c1,224412,"[0,-1,0,-37,-26]",3,1
224547b1,224547,"[0,-1,1,-802,9012]",3,1
224592b1,224592,"[0,-1,0,72,1296]",3,1
224760d1,224760,"[0,1,0,-2081,36675]",3,1
224775a1,224775,"[1,-1,1,-110,442]",3,1
224799a1,224799,"[1,1,1,-24,12]",3,1
224922d1,224922,"[1,0,1,-878,22052]",3,1
225016a1,225016,"[0,-1,0,-1900,32516]",3,1
225063b1,225063,"[1,-1,1,-104,222]",3,1
225171a1,225171,"[0,0,1,-1209,6102]",3,1
225731a1,225731,"[0,0,1,41,230]",3,1
225808a1,225808,"[0,1,0,-544,4596]",3,1
225822b1,225822,"[1,1,1,-340,2261]",3,1
225897a1,225897,"[1,1,1,-1091,12620]",3,1
225932a1,225932,"[0,1,0,-397,2796]",3,1
225995a1,225995,"[1,0,0,-2366,44125]",3,1
226144c1,226144,"[0,1,0,24,88]",3,1
226191a1,226191,"[0,-1,1,-12,110]",3,1
226325a1,226325,"[0,0,1,-1435,21006]",3,1
226425a1,226425,"[0,-1,1,-108,1118]",3,1
226434k1,226434,"[1,1,0,-353,2421]",3,1
226451a1,226451,"[1,0,0,-36,-83]",3,1
226494a1,226494,"[1,-1,1,-11399,497279]",3,1
226494b1,226494,"[1,-1,0,-846,9706]",3,1
226499b1,226499,"[0,1,1,-189,-684]",3,1
226637a1,226637,"[1,-1,1,-85,320]",3,1
226708c1,226708,"[0,-1,0,-25,26]",3,1
226749a1,226749,"[1,0,0,34,1857]",3,1
226762a1,226762,"[1,0,0,16,40]",3,1
226826b1,226826,"[1,0,1,-338,2472]",3,1
226866f1,226866,"[1,1,1,-347,1577]",3,1
227006c1,227006,"[1,1,0,-93,289]",3,1
227085a1,227085,"[0,1,1,-6150,182954]",3,1
227255a1,227255,"[1,-1,1,-9237,344136]",3,1
227435a1,227435,"[1,0,0,-1696,26751]",3,1
227545a1,227545,"[1,-1,1,-228,1362]",3,1
227677a1,227677,"[0,-1,1,38,52]",3,1
227879a1,227879,"[1,0,1,-75,-253]",3,1
227919a1,227919,"[1,0,0,-717,7974]",3,1
227975a1,227975,"[1,0,0,-68,127]",3,2
227975a2,227975,"[1,0,0,207,952]",3,2
228222c1,228222,"[1,-1,0,-6003,169141]",3,1
228237a1,228237,"[1,1,1,-99,-420]",3,1
228253a1,228253,"[0,-1,1,-4373378,-3517959744]",3,1
228416a1,228416,"[0,0,0,140,1024]",3,1
228482c1,228482,"[1,0,1,-35,132]",3,1
228498a1,228498,"[1,0,1,-152,866]",3,1
228697b1,228697,"[0,-1,1,-1335,-17040]",3,1
228736b1,228736,"[0,1,0,-19,-3]",3,1
228802a1,228802,"[1,0,0,-1120,9216]",3,1
228853a1,228853,"[0,0,1,-25,42]",3,1
228920b1,228920,"[0,1,0,-14385,219283]",3,1
228975j1,228975,"[1,1,1,-588,8406]",3,1
229096b1,229096,"[0,1,0,-49,-45]",3,1
229120f1,229120,"[0,1,0,-731,7369]",3,1
229174a1,229174,"[1,-1,1,-441,9177]",3,1
229178a1,229178,"[1,0,0,-1597,-22671]",3,1
229214a1,229214,"[1,-1,1,-381,2757]",3,1
229299e1,229299,"[0,-1,1,373,4940]",3,1
229352a1,229352,"[0,0,0,-34,69]",3,1
229359a1,229359,"[0,1,1,-1500,21980]",3,1
229437a1,229437,"[1,-1,1,-15401,739216]",3,2
229437a2,229437,"[1,-1,1,-17786,496900]",3,2
229450s1,229450,"[1,-1,0,-1192,14716]",3,1
229497f1,229497,"[0,-1,1,-1433,21377]",3,1
229525a1,229525,"[1,-1,1,15,42]",3,1
229744a1,229744,"[0,0,0,-1723,25834]",3,1
229770bl1,229770,"[1,-1,0,-4335,120941]",3,1
229842a1,229842,"[1,-1,1,-869,-8643]",3,1
229842a2,229842,"[1,-1,1,-16124,790719]",3,1
229846a1,229846,"[1,0,1,-63,182]",3,1
230368a1,230368,"[0,0,0,-49,136]",3,1
230565a1,230565,"[0,1,1,-646,6160]",3,1
230608d1,230608,"[0,1,0,-784,2580]",3,2
230608d2,230608,"[0,1,0,-10064,384916]",3,2
230622b1,230622,"[1,1,0,-371,441]",3,2
230622b2,230622,"[1,1,0,-3601,-84185]",3,2
230649a1,230649,"[1,1,1,-18,42]",3,1
230677a1,230677,"[0,1,1,-3566,80784]",3,1
230678a1,230678,"[1,1,0,-122,340]",3,1
230686a1,230686,"[1,0,1,-127,-174]",3,1
230724a1,230724,"[0,0,0,-5112,73305]",3,2
230724a2,230724,"[0,0,0,17073,539190]",3,2
230817a1,230817,"[1,1,1,-5,38]",3,1
230994b1,230994,"[1,-1,0,-222993,40586589]",3,1
231205a1,231205,"[0,-1,1,-1360,19756]",3,1
231217a1,231217,"[0,0,1,-31,336]",3,1
231230b1,231230,"[1,0,0,-761,8185]",3,1
231255a1,231255,"[1,-1,1,-2612,-26864]",3,1
231360a1,231360,"[0,-1,0,-361,2665]",3,2
231360a2,231360,"[0,-1,0,-961,-7775]",3,2
231468a1,231468,"[0,-1,0,-124,664]",3,1
231499a1,231499,"[0,1,1,4,24]",3,1
231589a1,231589,"[1,-1,1,-156,786]",3,1
231634a1,231634,"[1,-1,0,2249,1111513]",3,1
231646a1,231646,"[1,1,0,65,197]",3,1
231816b1,231816,"[0,-1,0,-3024,65025]",3,1
231826c1,231826,"[1,0,0,-97822,11663556]",3,1
231828a1,231828,"[0,-1,0,-2,81]",3,1
231872a1,231872,"[0,0,0,-76,784]",3,1
231931a1,231931,"[0,1,1,-8471,297252]",3,1
232015b1,232015,"[1,0,0,-23325,1371250]",3,1
232139b1,232139,"[1,1,1,-211,1092]",3,1
232252a1,232252,"[0,1,0,-284,2020]",3,1
232270c1,232270,"[1,0,0,-1006,12420]",3,1
232310n1,232310,"[1,-1,1,-678,3381]",3,1
232319a1,232319,"[0,1,1,-37,140]",3,1
232335c1,232335,"[1,-1,1,58,1716]",3,1
232420b1,232420,"[0,1,0,180,100]",3,1
232425a1,232425,"[0,0,1,-525,10156]",3,1
232466a1,232466,"[1,0,0,-774,7780]",3,1
232661a1,232661,"[0,1,1,-16,-16]",3,1
232716c1,232716,"[0,-1,0,-1374,19233]",3,1
232808a1,232808,"[0,-1,0,-81,277]",3,1
232896t1,232896,"[0,1,0,-537,6759]",3,1
232915a1,232915,"[0,-1,1,-16,322]",3,1
232959a1,232959,"[0,1,1,-522,-3868]",3,1
232959f1,232959,"[0,-1,1,-971,10205]",3,1
233013a1,233013,"[0,1,1,-184,2086]",3,1
233214g1,233214,"[1,1,1,-9682,229727]",3,1
233235a1,233235,"[0,0,1,-4107,-3650]",3,1
233386a1,233386,"[1,1,0,274,1204]",3,1
233447b1,233447,"[1,-1,1,-223,1980]",3,1
233475a1,233475,"[0,-1,1,-758,8318]",3,1
233600l1,233600,"[0,-1,0,-553,5177]",3,1
233744a1,233744,"[0,1,0,-232,324]",3,1
233763a1,233763,"[0,-1,1,-36364,2682024]",3,1
233968a1,233968,"[0,0,0,-139,394]",3,1
233968b1,233968,"[0,-1,0,-2072,24304]",3,1
234035a1,234035,"[0,0,1,2,23]",3,1
234135b1,234135,"[0,0,1,-363,58594]",3,1
234164a1,234164,"[0,1,0,-148,-540]",3,1
234178a1,234178,"[1,0,1,-38,12]",3,1
234384q1,234384,"[0,1,0,-12032,540996]",3,1
234446b1,234446,"[1,1,0,-696,6784]",3,1
234446c1,234446,"[1,1,1,-949,-7845]",3,1
234536a1,234536,"[0,-1,0,-380,-1244]",3,1
234790f1,234790,"[1,0,0,-34461,2459185]",3,1
234846a1,234846,"[1,-1,0,-339,-1531]",3,1
234936b1,234936,"[0,0,0,-1764,28836]",3,1
234950c1,234950,"[1,1,0,-445,-3715]",3,1
234976b1,234976,"[0,1,0,72,-56]",3,1
235002c1,235002,"[1,0,1,-1080,13510]",3,1
235038b1,235038,"[1,1,0,-103,361]",3,1
235257a1,235257,"[0,-1,1,-142,702]",3,1
235280m1,235280,"[0,-1,0,-616,6080]",3,1
235450l1,235450,"[1,0,0,-1063,172617]",3,1
235512a1,235512,"[0,0,0,-327,970]",3,1
235514b1,235514,"[1,0,0,-4,528]",3,1
235538c1,235538,"[1,0,0,-10615,325161]",3,1
235654a1,235654,"[1,-1,0,-8730547,9944576629]",3,1
235654c1,235654,"[1,1,0,-36,76]",3,1
235756a1,235756,"[0,1,0,-541,4671]",3,1
235944a1,235944,"[0,0,0,-2919,60714]",3,1
236025a1,236025,"[0,0,1,-3675,78156]",3,1
236034e1,236034,"[1,-1,0,-195,3977]",3,1
236086a1,236086,"[1,0,0,-307,2529]",3,1
236094b1,236094,"[1,1,0,-539,4701]",3,1
236100a1,236100,"[0,-1,0,-1658,26937]",3,1
236104a1,236104,"[0,1,0,-18089,930427]",3,1
236110k1,236110,"[1,-1,1,-513,6417]",3,1
236135a1,236135,"[1,-1,1,-88,342]",3,1
236178b1,236178,"[1,-1,0,279,1921]",3,1
236304a1,236304,"[0,0,0,-219,1114]",3,1
236306a1,236306,"[1,0,1,-67,306]",3,1
236306d1,236306,"[1,0,0,-3360,50176]",3,1
236384a1,236384,"[0,-1,0,-2977,63569]",3,1
236547a1,236547,"[1,-1,1,-41,132]",3,1
236553b1,236553,"[0,-1,1,-96,398]",3,1
236555a1,236555,"[0,1,1,-1099446,443356986]",3,1
236600a1,236600,"[0,0,0,-1300,16900]",3,1
236747a1,236747,"[1,-1,1,-373,1450]",3,1
236803a1,236803,"[0,-1,1,-56,-132]",3,1
236803c1,236803,"[0,0,1,-2614,-46848]",3,1
236835a1,236835,"[0,0,1,-150987,22589622]",3,1
236892a1,236892,"[0,-1,0,-37,46]",3,1
236928c1,236928,"[0,-1,0,-89,489]",3,1
236930a1,236930,"[1,-1,0,-134254,11641528]",3,1
236930b1,236930,"[1,1,0,-2238,39832]",3,1
236934d1,236934,"[1,-1,1,-362,5545]",3,1
236957a1,236957,"[1,-1,1,-61,186]",3,1
237006c1,237006,"[1,-1,0,-546,9188]",3,1
237094b1,237094,"[1,-1,0,-8513,304461]",3,1
237133a1,237133,"[0,0,1,-1897,31746]",3,1
237145a1,237145,"[0,1,1,9,156]",3,1
237146a1,237146,"[1,0,1,-260,1950]",3,1
237161a1,237161,"[1,1,1,-214,1116]",3,1
237232a1,237232,"[0,1,0,-104,820]",3,1
237282e1,237282,"[1,0,1,-662,4556]",3,1
237291b1,237291,"[0,-1,1,-591,6320]",3,1
237293b1,237293,"[1,1,1,-13,24]",3,1
237297a1,237297,"[1,1,1,-26,20]",3,1
237297b1,237297,"[1,1,1,-1756,-27190]",3,1
237366h1,237366,"[1,-1,1,-2009,34489]",3,1
237416a1,237416,"[0,-1,0,-884,10468]",3,1
237456a1,237456,"[0,0,0,453,4090]",3,1
237490a1,237490,"[1,-1,0,-550,6136]",3,1
237536b1,237536,"[0,-1,0,-449,1393]",3,1
237570c1,237570,"[1,0,1,-2154,38752]",3,1
237624a1,237624,"[0,-1,0,-137,621]",3,1
237627a1,237627,"[1,-1,1,133,190]",3,1
237775a1,237775,"[0,0,1,-3925,94656]",3,1
237828c1,237828,"[0,1,0,-3594,81657]",3,1
237895c1,237895,"[0,1,1,-51,-45]",3,1
237917a1,237917,"[1,1,1,-7651594,21431802012]",3,1
238048a1,238048,"[0,0,0,-499,4246]",3,1
238187a1,238187,"[0,1,1,34,72]",3,1
238199a1,238199,"[0,-1,1,636,-594]",3,1
238200a1,238200,"[0,-1,0,-633,6237]",3,1
238254i1,238254,"[1,1,1,-84,405]",3,1
238262a1,238262,"[1,0,1,-16,0]",3,1
238272b1,238272,"[0,-1,0,-28105,1822921]",3,2
238272b2,238272,"[0,-1,0,-27745,1871521]",3,2
238280e1,238280,"[0,-1,0,-56,1225]",3,1
238285a1,238285,"[0,0,1,-457,-2350]",3,1
238291a1,238291,"[0,1,1,-207,1080]",3,1
238355a1,238355,"[0,1,1,-3060,88614]",3,1
238365c1,238365,"[1,-1,1,-167,-84]",3,1
238431f1,238431,"[0,1,1,-6897,218162]",3,1
238544a1,238544,"[0,1,0,-208,4596]",3,1
238576b1,238576,"[0,1,0,-1112,14116]",3,1
238611c1,238611,"[1,0,0,-764,8073]",3,1
238912a1,238912,"[0,1,0,-193,1215]",3,1
238924c1,238924,"[0,1,0,-1045,12564]",3,1
238977b1,238977,"[1,-1,1,-43445,3497878]",3,1
238996a1,238996,"[0,-1,0,-117,526]",3,1
239007b1,239007,"[1,0,0,-274,1835]",3,1
239040a1,239040,"[0,0,0,-3108,66368]",3,2
239040a2,239040,"[0,0,0,-4908,-19312]",3,2
239140a1,239140,"[0,1,0,94,25]",3,1
239170a1,239170,"[1,-1,0,-559,3613]",3,1
239174a1,239174,"[1,-1,1,36,159]",3,1
239174b1,239174,"[1,1,1,-28197,1810795]",3,1
239175a1,239175,"[1,-1,1,-455,2072]",3,1
239200a1,239200,"[0,0,0,-20380,1105600]",3,1
239200e1,239200,"[0,-1,0,-1633,21137]",3,1
239241b1,239241,"[0,-1,1,-647,6557]",3,1
239328c1,239328,"[0,0,0,-4428,113184]",3,1
239338a1,239338,"[1,-1,0,2216,252544]",3,1
239475b1,239475,"[0,1,1,-1108,20944]",3,1
239482a1,239482,"[1,-1,0,-1736,28288]",3,1
239618a1,239618,"[1,0,1,-90,320]",3,1
239698a1,239698,"[1,0,0,-424,3648]",3,1
239744a1,239744,"[0,1,0,67,187]",3,1
239768e1,239768,"[0,0,0,-175,-174]",3,2
239768e2,239768,"[0,0,0,685,-1378]",3,2
239882a1,239882,"[1,0,1,500,1098]",3,1
239885a1,239885,"[1,-1,1,-78,12]",3,1
239911a1,239911,"[1,-1,1,-1404,20592]",3,1
239964a1,239964,"[0,-1,0,-4,328]",3,1
239990a1,239990,"[1,1,0,-2168,37972]",3,1
240198r1,240198,"[1,0,1,-7523,-161458]",3,2
240198r2,240198,"[1,0,1,-49663,4136822]",3,2
240220b1,240220,"[0,0,0,-4072,100036]",3,1
240229b1,240229,"[0,0,1,-199,1080]",3,1
240352b1,240352,"[0,1,0,-1414,19992]",3,2
240352b2,240352,"[0,1,0,-1169,27391]",3,2
240356a1,240356,"[0,-1,0,-76,344]",3,1
240412a1,240412,"[0,1,0,10,49]",3,1
240426e1,240426,"[1,-1,0,-4941,-60507]",3,1
240426e2,240426,"[1,-1,0,-199881,34443873]",3,3
240664a1,240664,"[0,-1,0,-465,4021]",3,1
240685a1,240685,"[0,1,1,-780,2184]",3,1
240760a1,240760,"[0,0,0,-3052,66004]",3,1
240790a1,240790,"[1,0,1,-124,966]",3,1
240822l1,240822,"[1,-1,1,-4199,199199]",3,1
240832f1,240832,"[0,-1,0,-865,9281]",3,1
240981a1,240981,"[0,-1,1,-172,2460]",3,1
241023b1,241023,"[0,-1,1,-97,0]",3,1
241138a1,241138,"[1,-1,1,-66,-63]",3,1
241187a1,241187,"[0,1,1,-1870,30560]",3,1
241192a1,241192,"[0,0,0,-76,436]",3,1
241240a1,241240,"[0,-1,0,-22881,1332325]",3,1
241294a1,241294,"[1,0,1,-33,-28]",3,1
241548a1,241548,"[0,-1,0,-92,504]",3,1
241556a1,241556,"[0,1,0,-301,-1617]",3,1
241632a1,241632,"[0,0,0,-876,10816]",3,1
241650b1,241650,"[1,-1,0,-2817,59341]",3,1
241806e1,241806,"[1,1,1,-2069,28667]",3,1
241818b1,241818,"[1,1,0,-61,169]",3,1
241896a1,241896,"[0,-1,0,-212,1284]",3,1
241960a1,241960,"[0,1,0,324,14704]",3,1
242044a1,242044,"[0,1,0,-254,1561]",3,1
242090a1,242090,"[1,0,1,397,2898]",3,1
242120a1,242120,"[0,1,0,-8140,277488]",3,1
242160a1,242160,"[0,-1,0,-296,1920]",3,2
242160a2,242160,"[0,-1,0,304,8160]",3,2
242219b1,242219,"[0,1,1,-61633,6723563]",3,1
242514h1,242514,"[1,-1,1,-434,2737]",3,1
242529b1,242529,"[0,1,1,-27622,1757152]",3,1
242531a1,242531,"[0,-1,1,-17,42]",3,1
242575a1,242575,"[0,0,1,-85,306]",3,1
242581a1,242581,"[0,-1,1,-17,-9]",3,1
242604a1,242604,"[0,0,0,-1596,24545]",3,1
242619a1,242619,"[1,0,0,-169,338]",3,1
242648a1,242648,"[0,1,0,-457,7419]",3,1
242680a1,242680,"[0,1,0,-121,555]",3,1
242683a1,242683,"[0,1,1,2730,-14100]",3,1
242683b1,242683,"[0,1,1,-264,1566]",3,1
242720f1,242720,"[0,0,0,-233,1352]",3,2
242720f2,242720,"[0,0,0,-28,3648]",3,2
242754a1,242754,"[1,0,1,-122,1640]",3,1
242800a1,242800,"[0,0,0,-235,1450]",3,1
242801a1,242801,"[0,-1,1,-1084,14170]",3,1
243088a1,243088,"[0,-1,0,-64,80]",3,1
243135a1,243135,"[1,-1,1,-383,2976]",3,1
243136a1,243136,"[0,0,0,-12604,559024]",3,1
243208b1,243208,"[0,1,0,-481,3171]",3,1
243256a1,243256,"[0,0,0,-4,484]",3,1
243332a1,243332,"[0,0,0,-7,190]",3,1
243366a1,243366,"[1,1,0,-399,-3099]",3,1
243372a1,243372,"[0,-1,0,-42,81]",3,1
243439a1,243439,"[1,0,0,-28,441]",3,1
243462a1,243462,"[1,0,1,-1482,18940]",3,1
243468a1,243468,"[0,0,0,-1101,13885]",3,1
243648d1,243648,"[0,0,0,-1332,18720]",3,1
243688a1,243688,"[0,-1,0,2980,-205244]",3,1
243698q1,243698,"[1,-1,1,-669,6309]",3,1
243708a1,243708,"[0,-1,0,71,298]",3,1
243840bc1,243840,"[0,1,0,-1241,19959]",3,1
243888h1,243888,"[0,1,0,200,46244]",3,1
243940b1,243940,"[0,1,0,-265,1488]",3,1
243984a1,243984,"[0,-1,0,-1840,193936]",3,2
243984a2,243984,"[0,-1,0,-62680,6034576]",3,2
244016a1,244016,"[0,1,0,-64,36]",3,1
244032b1,244032,"[0,-1,0,-409,-2471]",3,2
244032b2,244032,"[0,-1,0,831,-15615]",3,2
244086j1,244086,"[1,1,1,-4285,106451]",3,1
244100a1,244100,"[0,-1,0,-253,1577]",3,1
244135a1,244135,"[0,-1,1,74,82]",3,1
244162a1,244162,"[1,-1,1,-330267,73136715]",3,1
244162b1,244162,"[1,1,1,-104,105]",3,1
244330b1,244330,"[1,0,1,-4338,111188]",3,1
244330g1,244330,"[1,-1,1,-918,-4443]",3,1
244370b1,244370,"[1,0,1,-284,1482]",3,1
244412a1,244412,"[0,0,0,-2989,61789]",3,1
244488d1,244488,"[0,-1,0,-4676,124644]",3,1
244488i1,244488,"[0,1,0,-452,-864]",3,1
244571a1,244571,"[1,0,1,-148,-615]",3,1
244614a1,244614,"[1,1,0,-89,309]",3,1
244682a1,244682,"[1,-1,0,-529,4819]",3,1
244683a1,244683,"[0,0,1,-336,2380]",3,1
244756a1,244756,"[0,0,0,-136,580]",3,1
244842a1,244842,"[1,1,0,-5979,186849]",3,1
244881n1,244881,"[1,-1,1,-656,6010]",3,2
244881n2,244881,"[1,-1,1,-10211,399676]",3,2
244916a1,244916,"[0,-1,0,-229,1505]",3,1
244962b1,244962,"[1,-1,0,72,270]",3,1
244962m1,244962,"[1,-1,1,-251,10731]",3,1
245021d1,245021,"[0,1,1,-1757,59292]",3,1
245073a1,245073,"[0,1,1,-314,2312]",3,1
245098a1,245098,"[1,-1,0,-8584,287104]",3,1
245126c1,245126,"[1,0,0,-1089,13705]",3,1
245182a1,245182,"[1,0,1,-2300,42282]",3,1
245269a1,245269,"[0,0,1,-16,6]",3,1
245329b1,245329,"[0,1,1,-58721,5457114]",3,1
245329c1,245329,"[0,1,1,1595,19590]",3,1
245337a1,245337,"[0,1,1,-18194,858992]",3,1
245458b1,245458,"[1,0,0,-13117,579441]",3,1
245580a1,245580,"[0,-1,0,-3821,92121]",3,1
245592c1,245592,"[0,0,0,-396,3060]",3,1
245634c1,245634,"[1,0,1,-19,350]",3,1
245645a1,245645,"[0,0,1,-473,3954]",3,1
245712g1,245712,"[0,1,0,-584,4020]",3,1
245781a1,245781,"[1,-1,1,-734,7832]",3,1
245798a1,245798,"[1,0,1,38,156]",3,1
245867a1,245867,"[0,-1,1,-23,57]",3,1
245919b1,245919,"[0,1,1,-489,-2644]",3,1
245994d1,245994,"[1,0,1,-435,2482]",3,1
246010b1,246010,"[1,1,0,-138,718]",3,1
246031a1,246031,"[1,0,1,-118,8619]",3,1
246144g1,246144,"[0,1,0,-697,4631]",3,1
246150a1,246150,"[1,-1,0,333,29241]",3,1
246156d1,246156,"[0,1,0,-377,2976]",3,1
246291b1,246291,"[1,0,0,-2027,35886]",3,1
246332a1,246332,"[0,0,0,-397,3045]",3,1
246389a1,246389,"[0,1,1,-34,62]",3,1
246480b1,246480,"[0,-1,0,64,2640]",3,2
246480b2,246480,"[0,-1,0,-2536,48400]",3,2
246487a1,246487,"[0,-1,1,-43,49]",3,1
246562b1,246562,"[1,0,1,-1175,15690]",3,1
246594b1,246594,"[1,1,0,-33,81]",3,1
246648a1,246648,"[0,-1,0,64,309]",3,1
246672b1,246672,"[0,0,0,-291,1730]",3,1
246714a1,246714,"[1,1,0,-67,445]",3,1
246848a1,246848,"[0,0,0,-82444,9115024]",3,1
246903b1,246903,"[0,-1,1,-107,-175]",3,1
246949a1,246949,"[0,-1,1,-22,40]",3,1
246976d1,246976,"[0,-1,0,-1297,17201]",3,1
246976d2,246976,"[0,-1,0,-20337,-1106159]",3,1
247006a1,247006,"[1,-1,1,-3696,87507]",3,1
247025a1,247025,"[1,0,0,-5188,143367]",3,2
247025a2,247025,"[1,0,0,-5813,106492]",3,2
247038d1,247038,"[1,0,1,-10050,551992]",3,1
247152a1,247152,"[0,-1,0,-864,10080]",3,1
247232a1,247232,"[0,0,0,-268,1296]",3,1
247299b1,247299,"[1,1,1,-254,146]",3,2
247299b2,247299,"[1,1,1,-2549,-50344]",3,2
247318a1,247318,"[1,1,1,-95,261]",3,1
247319a1,247319,"[1,0,0,-581,5314]",3,1
247416u1,247416,"[0,1,0,-615,-3366]",3,2
247416u2,247416,"[0,1,0,-4580,115584]",3,2
247424a1,247424,"[0,1,0,-13,267]",3,1
247505a1,247505,"[0,1,1,-3136,66560]",3,1
247528a1,247528,"[0,1,0,-156,688]",3,1
247563a1,247563,"[1,-1,1,-7439,243672]",3,1
247610f1,247610,"[1,-1,1,-1578,24681]",3,1
247636a1,247636,"[0,-1,0,-37,86]",3,1
247720a1,247720,"[0,0,0,-1687,36634]",3,1
247744f1,247744,"[0,1,0,-9865,433719]",3,2
247744f2,247744,"[0,1,0,-164705,25672639]",3,2
247770b1,247770,"[1,-1,0,-855,10125]",3,1
247791a1,247791,"[0,-1,1,22,4580]",3,1
247935a1,247935,"[0,-1,1,-440,1868]",3,1
247935c1,247935,"[0,-1,1,-171,911]",3,1
247936a1,247936,"[0,-1,0,-48601,4140329]",3,1
247971a1,247971,"[1,0,0,-50,51]",3,1
247992b1,247992,"[0,-1,0,-89,-195]",3,1
248016n1,248016,"[0,1,0,-272,36]",3,1
248079a1,248079,"[0,1,1,-3440,79310]",3,1
248124a1,248124,"[0,-1,0,-442,4321]",3,1
248170a1,248170,"[1,-1,0,-295,2425]",3,1
248174a1,248174,"[1,-1,1,-1014,12677]",3,1
248190a1,248190,"[1,1,0,-407,9189]",3,1
248205a1,248205,"[0,1,1,-7940,276806]",3,1
248209a1,248209,"[0,0,1,-3493,79422]",3,1
248216a1,248216,"[0,1,0,-32737,3007491]",3,1
248237a1,248237,"[0,1,1,-140,-630]",3,1
248237b1,248237,"[0,0,1,-236,1395]",3,1
248274a1,248274,"[1,-1,0,-126,-104]",3,1
248280b1,248280,"[0,-1,0,-2585,49725]",3,1
248292b1,248292,"[0,0,0,-1452,22385]",3,1
248328a1,248328,"[0,0,0,-1047,13210]",3,1
248346b1,248346,"[1,-1,0,-96,476]",3,1
248381b1,248381,"[0,-1,1,-58,202]",3,1
248466a1,248466,"[1,0,1,-1727,27650]",3,1
248560a1,248560,"[0,0,0,-283,1882]",3,1
248562d1,248562,"[1,-1,1,-392,1995]",3,1
248582a1,248582,"[1,1,0,-34,56]",3,1
248733d1,248733,"[0,0,1,-156,-378]",3,1
248754a1,248754,"[1,1,0,-6363,192861]",3,1
248796b1,248796,"[0,0,0,-36,1]",3,1
248911a1,248911,"[0,0,1,-65647,6474006]",3,1
248922a1,248922,"[1,-1,0,-441,3793]",3,1
249024d1,249024,"[0,-1,0,-129,12033]",3,1
249066a1,249066,"[1,-1,0,-28386,1848528]",3,1
249096a1,249096,"[0,-1,0,-417,3429]",3,1
249155a1,249155,"[1,0,0,24,31]",3,1
249155c1,249155,"[1,-1,1,8,266]",3,1
249158a1,249158,"[1,0,1,-29,648]",3,1
249317a1,249317,"[0,1,1,-18,12]",3,1
249326a1,249326,"[1,0,1,-17,180]",3,1
249368b1,249368,"[0,1,0,-364,7056]",3,1
249400b1,249400,"[0,1,0,-908,12688]",3,1
249522k1,249522,"[1,1,1,-1385,17111]",3,2
249522k2,249522,"[1,1,1,1975,91031]",3,2
249542b1,249542,"[1,0,0,-5902,174084]",3,1
249542c1,249542,"[1,-1,1,26,37]",3,1
249543a1,249543,"[0,0,1,-25437,1468876]",3,1
249574g1,249574,"[1,1,1,-1210,-13209]",3,1
249674a1,249674,"[1,0,1,-27,194]",3,1
249777a1,249777,"[0,0,1,-5481,157970]",3,1
249777b1,249777,"[0,0,1,-5063661,-4371307540]",3,1
249823a1,249823,"[1,-1,1,1566,-111246]",3,1
249841a1,249841,"[1,0,1,-251,-1653]",3,1
249892a1,249892,"[0,0,0,-25,1]",3,1
249946c1,249946,"[1,-1,1,-1674,-21303]",3,1
250065a1,250065,"[0,0,1,-333,2288]",3,1
250079a1,250079,"[1,1,0,-1730,27019]",3,1
250104b1,250104,"[0,-1,0,-201,909]",3,1
250127a1,250127,"[0,1,1,-10691,421932]",3,1
250137a1,250137,"[0,0,1,-51,146]",3,1
250145c1,250145,"[0,1,1,-18881,1021731]",3,1
250184a1,250184,"[0,0,0,-982,11845]",3,1
250184b1,250184,"[0,-1,0,21,100]",3,1
250400a1,250400,"[0,-1,0,-8408,299812]",3,1
250427a1,250427,"[0,1,1,-68714,6910062]",3,1
250445a1,250445,"[0,1,1,-26026,1606556]",3,1
250445b1,250445,"[0,1,1,-60,114]",3,1
250518i1,250518,"[1,0,0,-5755,175121]",3,1
250550a1,250550,"[1,0,1,-551,4998]",3,1
250562a1,250562,"[1,-1,0,-1963,37189]",3,1
250590e1,250590,"[1,1,0,-822,8856]",3,1
250604a1,250604,"[0,1,0,-76017,8041744]",3,3
250604a2,250604,"[0,1,0,-96697,3302076]",3,1
250612a1,250612,"[0,1,0,12,196]",3,1
250669a1,250669,"[0,1,1,-319,2147]",3,1
250674a1,250674,"[1,1,0,-234,1296]",3,1
250675a1,250675,"[0,1,1,-208,1094]",3,1
250747b1,250747,"[1,-1,1,-576,4446]",3,1
250805a1,250805,"[1,-1,1,48,576]",3,1
251072c1,251072,"[0,-1,0,-321,-1823]",3,1
251195c1,251195,"[1,1,1,-181,864]",3,1
251220a1,251220,"[0,-1,0,-221,1545]",3,1
251235a1,251235,"[1,-1,1,157,-318]",3,1
251418a1,251418,"[1,0,1,-368,2162]",3,1
251459b1,251459,"[1,0,0,-1105,11496]",3,2
251459b2,251459,"[1,0,0,2230,68191]",3,2
251481a1,251481,"[0,1,1,-2932,138712]",3,1
251560a1,251560,"[0,0,0,-523,4603]",3,1
251573a1,251573,"[0,0,1,8,63]",3,1
251622b1,251622,"[1,-1,0,-756,8068]",3,1
251667a1,251667,"[0,0,1,-36,110]",3,1
251691a1,251691,"[0,-1,1,36,-124]",3,1
251799b1,251799,"[1,0,0,-1862,30771]",3,1
251925a1,251925,"[0,-1,1,-258,2918]",3,1
252006b1,252006,"[1,1,1,-939,10521]",3,2
252006b2,252006,"[1,1,1,-1899,-15975]",3,2
252039a1,252039,"[0,-1,1,-34,-54]",3,1
252054b1,252054,"[1,-1,0,-681,7821]",3,1
252091a1,252091,"[1,1,1,-140,576]",3,1
252138b1,252138,"[1,0,1,-318,2032]",3,1
252210e1,252210,"[1,1,0,-723,6777]",3,2
252210e2,252210,"[1,1,0,-2193,-31737]",3,2
252358c1,252358,"[1,0,0,-220,1296]",3,1
252395a1,252395,"[0,1,1,-936,15066]",3,1
252400c1,252400,"[0,1,0,-2408,47188]",3,1
252414b1,252414,"[1,-1,0,-315,3109]",3,1
252432c1,252432,"[0,0,0,-579,10514]",3,1
252433a1,252433,"[1,-1,1,8,20]",3,1
252495a1,252495,"[1,-1,1,-3803,91212]",3,1
252576b1,252576,"[0,0,0,-129,776]",3,1
252762a1,252762,"[1,1,0,-312346,67060756]",3,1
253010d1,253010,"[1,0,0,-221,-335]",3,1
253016a1,253016,"[0,1,0,7,139]",3,1
253022a1,253022,"[1,1,0,-1116,15376]",3,1
253058a1,253058,"[1,1,0,-84,256]",3,1
253264a1,253264,"[0,-1,0,-272,1936]",3,1
253286c1,253286,"[1,1,1,-127,13797]",3,1
253328b1,253328,"[0,-1,0,-1264,17648]",3,1
253410a1,253410,"[1,1,0,-608,5568]",3,1
253425a1,253425,"[1,1,1,-868,9356]",3,2
253425a2,253425,"[1,1,1,-93,26406]",3,2
253450a1,253450,"[1,-1,0,-892,10516]",3,1
253462a1,253462,"[1,-1,0,-403,1159]",3,1
253462b1,253462,"[1,1,1,-110,171]",3,1
253465a1,253465,"[1,0,0,-31,36]",3,1
253515a1,253515,"[0,-1,1,-256,1662]",3,1
253590k1,253590,"[1,1,1,-4566,117459]",3,1
253600a1,253600,"[0,1,0,-58,-12]",3,1
253645a1,253645,"[0,0,1,-1627,24552]",3,1
253840a1,253840,"[0,1,0,-2256,1444]",3,1
253936b1,253936,"[0,1,0,-1077,13231]",3,1
253963b1,253963,"[0,0,1,-46,156]",3,1
254016p1,254016,"[0,0,0,-1764,28224]",3,1
254094a1,254094,"[1,1,0,-73,181]",3,1
254144h1,254144,"[0,1,0,-177,-881]",3,1
254144h2,254144,"[0,1,0,-3217,69039]",3,1
254200g1,254200,"[0,0,0,950,-4875]",3,2
254200g2,254200,"[0,0,0,-4175,-40750]",3,2
254222a1,254222,"[1,-1,0,-32,74]",3,1
254258a1,254258,"[1,-1,0,-203,1205]",3,1
254336a1,254336,"[0,0,0,-22,-20]",3,1
254397a1,254397,"[1,1,1,-222,1110]",3,1
254400bd1,254400,"[0,-1,0,-9033,332937]",3,2
254400bd2,254400,"[0,-1,0,-12033,95937]",3,2
254443b1,254443,"[1,-1,1,-124,564]",3,1
254451a1,254451,"[1,0,0,593,2756]",3,1
254600d1,254600,"[0,-1,0,-4408,114437]",3,1
254610a1,254610,"[1,-1,0,-23445,1388025]",3,1
254699a1,254699,"[0,0,1,-13,30]",3,1
254704a1,254704,"[0,1,0,-32,196]",3,1
254706b1,254706,"[1,1,1,-960,11361]",3,1
254837a1,254837,"[0,1,1,-44,96]",3,1
254861a1,254861,"[1,-1,1,-6,26]",3,1
254885a1,254885,"[0,1,1,-6780,212634]",3,1
254896d1,254896,"[0,0,0,-59,426]",3,1
254915a1,254915,"[0,1,1,20,506]",3,1
254955a1,254955,"[1,1,1,-510,3990]",3,1
255105a1,255105,"[1,-1,1,-113,992]",3,1
255160a1,255160,"[0,1,0,-241,1395]",3,1
255164a1,255164,"[0,0,0,-976,19801]",3,1
255384a1,255384,"[0,0,0,-399,2194]",3,1
255471c1,255471,"[1,1,1,-29034,1893210]",3,1
255475a1,255475,"[0,0,1,175,2906]",3,1
255475c1,255475,"[0,1,1,-533,33594]",3,1
255515a1,255515,"[0,1,1,-146,660]",3,1
255519a1,255519,"[0,0,1,-279,1640]",3,1
255576i1,255576,"[0,1,0,-12057,479691]",3,1
255579a1,255579,"[1,0,0,-89,324]",3,1
255633e1,255633,"[1,0,0,-344,263703]",3,2
255633e2,255633,"[1,0,0,-63799,6114254]",3,2
255687a1,255687,"[0,-1,1,-26,-22]",3,1
255717f1,255717,"[1,-1,1,-3449,78922]",3,1
255786a1,255786,"[1,1,0,-10292,398160]",3,1
255905b1,255905,"[0,0,1,-4237,3833622]",3,1
255934b1,255934,"[1,1,0,98,-490]",3,1
255942a1,255942,"[1,-1,0,-2241,42493]",3,1
255953a1,255953,"[1,1,1,-213,1108]",3,1
255986a1,255986,"[1,-1,0,-145,4909]",3,1
256006a1,256006,"[1,-1,0,-223,1341]",3,1
256110a1,256110,"[1,1,0,-367,2869]",3,1
256113d1,256113,"[1,-1,1,-101,2036]",3,2
256113d2,256113,"[1,-1,1,-3086,66512]",3,2
256153a1,256153,"[1,-1,0,-77,818]",3,1
256164a1,256164,"[0,-1,0,-25,106]",3,1
256208a1,256208,"[0,1,0,-64,-60]",3,1
256242a1,256242,"[1,1,0,-457,2185]",3,1
256290j1,256290,"[1,1,1,-821,7643]",3,1
256302e1,256302,"[1,-1,0,-180,4]",3,1
256344a1,256344,"[0,-1,0,-252,2916]",3,1
256378a1,256378,"[1,-1,1,-2139,38667]",3,1
256403a1,256403,"[0,1,1,-36,42]",3,1
256562b1,256562,"[1,1,1,-99,385]",3,1
256578h1,256578,"[1,0,1,-1600,24530]",3,1
256640a1,256640,"[0,1,0,39,439]",3,1
256666d1,256666,"[1,1,1,-281,807]",3,1
256859b1,256859,"[1,0,0,-27,46]",3,1
256860a1,256860,"[0,0,0,-273,353]",3,1
256962b1,256962,"[1,1,0,44,64]",3,1
257035a1,257035,"[1,0,0,-61,180]",3,1
257061a1,257061,"[0,1,1,-5440,153430]",3,1
257061c1,257061,"[0,-1,1,27,-46]",3,1
257158b1,257158,"[1,-1,0,-3496,82176]",3,1
257319b1,257319,"[1,-1,1,4,1140]",3,1
257412a1,257412,"[0,-1,0,-322,2041]",3,1
257442d1,257442,"[1,0,1,-71912,7417334]",3,1
257551a1,257551,"[1,0,0,-13,66]",3,1
257682d1,257682,"[1,0,1,-23,182]",3,1
257728l1,257728,"[0,0,0,-176,904]",3,1
257744b1,257744,"[0,1,0,-357,2479]",3,1
257760e1,257760,"[0,0,0,-2028,36448]",3,1
257885a1,257885,"[0,1,1,-720,-7026]",3,1
257970c1,257970,"[1,1,0,-1082,13176]",3,1
257984a1,257984,"[0,0,0,44,160]",3,1
258037c1,258037,"[0,0,1,-706,7221]",3,1
258062a1,258062,"[1,1,0,-714,6856]",3,1
258075b1,258075,"[0,0,1,-12675,561906]",3,1
258120a1,258120,"[0,0,0,-183,218]",3,1
258121a1,258121,"[1,-1,0,-176,661]",3,1
258192j1,258192,"[0,0,0,-1731,25810]",3,2
258192j2,258192,"[0,0,0,-5691,-134966]",3,2
258262a1,258262,"[1,1,0,-25,-19]",3,1
258262d1,258262,"[1,1,1,-11055,442741]",3,1
258284a1,258284,"[0,0,0,-4,49]",3,1
258320l1,258320,"[0,-1,0,-320,400]",3,1
258357a1,258357,"[0,-1,1,-76,240]",3,1
258394b1,258394,"[1,-1,0,-134,564]",3,1
258626a1,258626,"[1,-1,0,-73,-179]",3,1
258639a1,258639,"[1,1,1,-110,416]",3,1
258715a1,258715,"[0,-1,1,-855,9681]",3,1
258741a1,258741,"[0,0,1,-111,490]",3,1
258840a1,258840,"[0,0,0,-588,2612]",3,1
258890e1,258890,"[1,1,1,-436,-267]",3,1
258908a1,258908,"[0,-1,0,-1837,30926]",3,1
258962b1,258962,"[1,1,0,-6374,192916]",3,1
259007b1,259007,"[1,-1,1,2348,-41788]",3,1
259008d1,259008,"[0,-1,0,-209,3249]",3,2
259008d2,259008,"[0,-1,0,-4769,128193]",3,2
259017b1,259017,"[0,1,1,-17710,901480]",3,1
259056c1,259056,"[0,0,0,-579,17026]",3,1
259061a1,259061,"[1,-1,1,-144,3072]",3,1
259064a1,259064,"[0,1,0,-15244,719856]",3,1
259101a1,259101,"[0,0,1,-219,-1058]",3,1
259104a1,259104,"[0,-1,0,163,-4299]",3,1
259113a1,259113,"[1,0,0,-442,3719]",3,1
259114b1,259114,"[1,0,1,-22,106]",3,1
259163a1,259163,"[1,-1,1,-57,180]",3,1
259290a1,259290,"[1,-1,0,-450,3136]",3,2
259290a2,259290,"[1,-1,0,900,17446]",3,2
259292a1,259292,"[0,0,0,-1,49]",3,1
259302b1,259302,"[1,1,0,-578,5184]",3,1
259315a1,259315,"[0,1,1,-540,10056]",3,1
259389a1,259389,"[1,-1,1,-68,218]",3,1
259392c1,259392,"[0,-1,0,-4145,54321]",3,2
259392c2,259392,"[0,-1,0,-31585,-2113439]",3,2
259434b1,259434,"[1,-1,0,-7236,278316]",3,1
259461a1,259461,"[0,0,1,-1269,-2140]",3,1
259488a1,259488,"[0,0,0,-69132,6992800]",3,1
259488k1,259488,"[0,0,0,-156,576]",3,1
259522f1,259522,"[1,1,1,-142,1227]",3,1
259522f2,259522,"[1,1,1,1218,-25973]",3,1
259602b1,259602,"[1,1,0,171,23409]",3,1
259618c1,259618,"[1,-1,1,-216,987]",3,1
259650a1,259650,"[1,-1,0,-522,4036]",3,1
259694e1,259694,"[1,-1,1,-14475,673883]",3,1
259749j1,259749,"[1,-1,1,-251,1586]",3,2
259749j2,259749,"[1,-1,1,-146,2846]",3,2
259850a1,259850,"[1,0,1,-26,348]",3,1
259898b1,259898,"[1,0,0,-1282,-13116]",3,1
259945a1,259945,"[0,1,1,-1780,28256]",3,1
259992a1,259992,"[0,0,0,-1524,23204]",3,1
260073b1,260073,"[1,-1,1,328,330]",3,2
260073b2,260073,"[1,-1,1,-1337,3660]",3,2
260095a1,260095,"[1,-1,1,-87,-264]",3,1
260143a1,260143,"[0,0,1,-13469,632282]",3,1
260200a1,260200,"[0,1,0,-433,-237]",3,1
260228a1,260228,"[0,1,0,-74,217]",3,1
260230g1,260230,"[1,1,0,-978,11428]",3,1
260244a1,260244,"[0,0,0,3,85]",3,1
260246i1,260246,"[1,0,0,-10870,435876]",3,1
260269a1,260269,"[0,-1,1,-87,342]",3,1
260322a1,260322,"[1,1,0,-2866,58036]",3,1
260428b1,260428,"[0,-1,0,-57,-86]",3,1
260466a1,260466,"[1,0,1,-212,2450]",3,1
260486a1,260486,"[1,-1,1,-147,435]",3,1
260544e1,260544,"[0,-1,0,-913,12145]",3,2
260544e2,260544,"[0,-1,0,-15073,717313]",3,2
260678a1,260678,"[1,-1,0,-1210,44944]",3,1
260739a1,260739,"[0,0,1,-1701,27110]",3,1
260785a1,260785,"[0,1,1,-376,680]",3,1
260913a1,260913,"[0,-1,1,-167,1475]",3,1
261044a1,261044,"[0,1,0,-260,1444]",3,1
261086b1,261086,"[1,0,1,13,-66]",3,1
261127a1,261127,"[1,-1,1,-165,854]",3,1
261135a1,261135,"[0,0,1,-327,25452]",3,1
261184a1,261184,"[0,0,0,-412,4720]",3,1
261230f1,261230,"[1,-1,1,-288,1731]",3,1
261264b1,261264,"[0,-1,0,-1928,33264]",3,1
261276a1,261276,"[0,-1,0,-245,1521]",3,1
261336a1,261336,"[0,-1,0,-324,2349]",3,1
261362a1,261362,"[1,0,1,-27,44]",3,1
261362b1,261362,"[1,0,0,-1089,-12407]",3,1
261440g1,261440,"[0,1,0,1615,28975]",3,1
261440g2,261440,"[0,1,0,-46545,3872143]",3,1
261447a1,261447,"[1,1,1,-67,140]",3,1
261636a1,261636,"[0,1,0,-105,2304]",3,1
261696e1,261696,"[0,-1,0,-3949,96973]",3,1
261712a1,261712,"[0,-1,0,-500,4336]",3,1
261780a1,261780,"[0,-1,0,-61,286]",3,1
261783a1,261783,"[0,0,1,-627447,178048206]",3,1
261783b1,261783,"[0,0,1,-1983,37512]",3,1
261783c1,261783,"[0,0,1,-75,-178]",3,1
261794a1,261794,"[1,1,0,-246,1300]",3,1
261812a1,261812,"[0,0,0,-1120,11812]",3,1
261856i1,261856,"[0,-1,0,-114,568]",3,1
261896a1,261896,"[0,0,0,-151,-269]",3,1
261896b1,261896,"[0,-1,0,-20,1]",3,1
261945a1,261945,"[1,-1,1,-383,3102]",3,1
261971a1,261971,"[1,0,0,-16,-3]",3,1
262002a1,262002,"[1,1,0,-130,-332]",3,1
262015b1,262015,"[1,0,0,-150,-293]",3,2
262015b2,262015,"[1,0,0,545,-2100]",3,2
262036a1,262036,"[0,0,0,-64,4]",3,1
262075b1,262075,"[1,1,1,-68,186]",3,1
262082b1,262082,"[1,0,0,-300,1936]",3,1
262150d1,262150,"[1,0,1,-446,3588]",3,1
262172a1,262172,"[0,0,0,23,25]",3,1
262182b1,262182,"[1,0,1,-722,7076]",3,1
262203b1,262203,"[1,0,0,48,9]",3,1
262208a1,262208,"[0,1,0,-5505,155359]",3,2
262208a2,262208,"[0,1,0,-6145,116319]",3,2
262223a1,262223,"[0,-1,1,-12563,546195]",3,1
262240a1,262240,"[0,0,0,-2908,59968]",3,1
262252b1,262252,"[0,0,0,64,4]",3,1
262272m1,262272,"[0,1,0,-15145,710759]",3,1
262372a1,262372,"[0,-1,0,-705,7666]",3,1
262383c1,262383,"[1,0,0,-132,711]",3,1
262390b1,262390,"[1,1,0,143,6101]",3,1
262425a1,262425,"[0,1,1,-14158,550594]",3,1
262450a1,262450,"[1,0,1,-2601,50348]",3,2
262450a2,262450,"[1,0,1,-601,126348]",3,2
262496b1,262496,"[0,0,0,43,440]",3,1
262574b1,262574,"[1,-1,1,81,12599]",3,1
262576a1,262576,"[0,1,0,-72,436]",3,1
262670a1,262670,"[1,-1,1,-2022,21621]",3,1
262691a1,262691,"[0,-1,1,-14802,837462]",3,1
262701e1,262701,"[0,0,1,-204,2095]",3,1
262773c1,262773,"[1,-1,1,-32,240]",3,1
262786a1,262786,"[1,-1,0,-15076,725008]",3,1
262787a1,262787,"[0,1,1,-44,-108]",3,1
262840a1,262840,"[0,1,0,-71,430]",3,1
262857c1,262857,"[1,0,0,-1117,14384]",3,1
262880a1,262880,"[0,0,0,-988,21088]",3,1
262896c1,262896,"[0,-1,0,-104,-192]",3,1
262896k1,262896,"[0,1,0,-1112,34644]",3,1
262902f1,262902,"[1,1,1,-5119,175205]",3,1
262904a1,262904,"[0,0,0,-35,87]",3,1
262906c1,262906,"[1,1,0,-317,10813]",3,1
262959d1,262959,"[0,-1,1,-6597,350417]",3,1
263066a1,263066,"[1,0,1,374,1404]",3,1
263079a1,263079,"[1,-1,1,-26,-20]",3,1
263085b1,263085,"[0,-1,1,-7930,274728]",3,1
263097d1,263097,"[1,-1,1,-2348,43540]",3,1
263166a1,263166,"[1,1,0,-3116,28404]",3,1
263238e1,263238,"[1,1,1,-1170,12831]",3,2
263238e2,263238,"[1,1,1,-5010,-125409]",3,2
263241c1,263241,"[1,-1,1,34,110]",3,1
263266b1,263266,"[1,1,0,285,-1139]",3,1
263275a1,263275,"[1,0,0,-213,3292]",3,1
263315a1,263315,"[1,-1,1,-153,762]",3,1
263385a1,263385,"[0,0,1,-273,1728]",3,1
263404a1,263404,"[0,0,0,16,196]",3,1
263418b1,263418,"[1,0,1,-12942,565840]",3,1
263536a1,263536,"[0,1,0,-1240,17124]",3,1
263552c1,263552,"[0,-1,0,-3545,31081]",3,1
263616bf1,263616,"[0,1,0,-497,5391]",3,1
263620b1,263620,"[0,0,0,-27097,1689961]",3,1
263665a1,263665,"[0,1,1,-240,306]",3,1
263754b1,263754,"[1,-1,0,-423,3321]",3,1
263772d1,263772,"[0,0,0,-7791,264694]",3,1
263809a1,263809,"[0,1,1,-2682,52602]",3,1
263810a1,263810,"[1,-1,0,13160,2645056]",3,1
263862c1,263862,"[1,-1,0,135,137]",3,1
263904a1,263904,"[0,-1,0,-177,1089]",3,1
263928a1,263928,"[0,-1,0,-460,3556]",3,1
264014a1,264014,"[1,-1,1,-531,1587]",3,1
264058d1,264058,"[1,1,1,-1945,31911]",3,1
264102a1,264102,"[1,1,0,-15,117]",3,1
264204a1,264204,"[0,0,0,936,2916]",3,1
264278a1,264278,"[1,0,1,-2853,59792]",3,1
264312a1,264312,"[0,0,0,-327,650]",3,1
264387a1,264387,"[0,1,1,-1090,13510]",3,1
264575a1,264575,"[0,0,1,-800,8281]",3,1
264576k1,264576,"[0,1,0,-905,21639]",3,1
264620b1,264620,"[0,1,0,-130,753]",3,1
264717c1,264717,"[0,0,1,-1236,-16605]",3,1
264803a1,264803,"[0,1,1,-40180,3866210]",3,1
264858a1,264858,"[1,1,0,-16,196]",3,1
264933b1,264933,"[1,-1,1,-38,108]",3,1
265031a1,265031,"[0,0,1,-1540321,735275832]",3,1
265076a1,265076,"[0,1,0,-644,4900]",3,1
265110e1,265110,"[1,0,1,-4219,104342]",3,1
265122c1,265122,"[1,-1,0,-528,1584]",3,2
265122c2,265122,"[1,-1,0,-6708,212940]",3,2
265236a1,265236,"[0,-1,0,-10302,406449]",3,1
265326a1,265326,"[1,1,0,-166,760]",3,1
265350b1,265350,"[1,1,0,-8125,278125]",3,2
265350b2,265350,"[1,1,0,-5625,455625]",3,2
265351a1,265351,"[0,0,1,-11134,424955]",3,1
265362a1,265362,"[1,1,0,-393,2841]",3,1
265362c1,265362,"[1,0,1,255,8392]",3,1
265378b1,265378,"[1,1,1,-75,121]",3,1
265395a1,265395,"[0,-1,1,-4410,59348]",3,1
265406a1,265406,"[1,0,1,-171,854]",3,1
265548a1,265548,"[0,-1,0,-12,3096]",3,1
265560h1,265560,"[0,1,0,-2396,41904]",3,1
265611a1,265611,"[0,-1,1,988,21062]",3,1
265642a1,265642,"[1,0,1,-222,1244]",3,2
265642a2,265642,"[1,0,1,-352,-420]",3,2
265715a1,265715,"[0,-1,1,-1766,29136]",3,1
265895a1,265895,"[0,1,1,-8736,325470]",3,1
265895d1,265895,"[0,0,1,-143,714]",3,1
265944e1,265944,"[0,1,0,-3372,73584]",3,1
265966a1,265966,"[1,0,1,123,-256]",3,1
266152a1,266152,"[0,0,0,-17806,-217799]",3,1
266234a1,266234,"[1,1,0,-47,85]",3,1
266262g1,266262,"[1,1,1,-14467,666977]",3,1
266262h1,266262,"[1,1,1,-97,1055]",3,1
266362b1,266362,"[1,-1,1,-459,4059]",3,1
266602a1,266602,"[1,0,1,-253,1512]",3,1
266619a1,266619,"[1,1,1,35,116]",3,1
266640a1,266640,"[0,-1,0,-16,3616]",3,1
266650d1,266650,"[1,-1,1,-2280,43947]",3,1
266727a1,266727,"[1,0,0,-5477,48084]",3,1
266756a1,266756,"[0,-1,0,-1150,15401]",3,1
266776a1,266776,"[0,-1,0,47,53]",3,1
266926a1,266926,"[1,0,1,1328,21294]",3,1
266978a1,266978,"[1,0,0,-819,9025]",3,1
267004a1,267004,"[0,1,0,-2,49]",3,1
267034a1,267034,"[1,-1,0,-5329,151069]",3,1
267034c1,267034,"[1,1,0,-10881,346921]",3,1
267168b1,267168,"[0,-1,0,-2097,45729]",3,1
267206d1,267206,"[1,-1,1,-6246,194805]",3,1
267211a1,267211,"[0,1,1,16,12]",3,1
267345a1,267345,"[1,-1,1,-608,5852]",3,1
267492a1,267492,"[0,-1,0,-121,562]",3,1
267552a1,267552,"[0,0,0,-19164,1021376]",3,1
267552e1,267552,"[0,0,0,-588,9376]",3,1
267568a1,267568,"[0,0,0,53,730]",3,1
267665f1,267665,"[1,1,1,-80240,7190022]",3,1
267678a1,267678,"[1,-1,0,-12732,556154]",3,1
267678f1,267678,"[1,-1,1,-1067,12795]",3,1
267702e1,267702,"[1,1,1,-107,-295]",3,1
267706a1,267706,"[1,-1,0,17,61]",3,1
267869a1,267869,"[1,-1,1,-312,2070]",3,1
267872b1,267872,"[0,-1,0,-144,628]",3,1
267972d1,267972,"[0,1,0,-1837,88559]",3,1
268096a1,268096,"[0,0,0,-1766092,902319760]",3,1
268096t1,268096,"[0,0,0,52,784]",3,1
268339a1,268339,"[1,0,0,13,1654]",3,1
268344b1,268344,"[0,0,0,-516,3940]",3,1
268374a1,268374,"[1,1,0,-3084,64656]",3,1
268374b1,268374,"[1,1,0,-64,244]",3,1
268433a1,268433,"[0,1,1,-10,80]",3,1
268434a1,268434,"[1,-1,0,-933,13589]",3,1
268544a1,268544,"[0,1,0,1,-35]",3,1
268554a1,268554,"[1,1,0,-292,1660]",3,2
268554a2,268554,"[1,1,0,-4582,117490]",3,2
268618a1,268618,"[1,-1,0,-79,349]",3,1
268618c1,268618,"[1,1,0,-339056,75848704]",3,1
268672c1,268672,"[0,0,0,-134,596]",3,1
268677b1,268677,"[1,-1,1,2509,-106298]",3,1
268736a1,268736,"[0,1,0,-7209,227095]",3,2
268736a2,268736,"[0,1,0,-17089,-541569]",3,2
268774b1,268774,"[1,0,0,-1870,31236]",3,1
268863b1,268863,"[1,1,1,-197,1910]",3,1
268942b1,268942,"[1,1,1,-94,411]",3,1
269007a1,269007,"[0,1,1,-4189,42847]",3,1
269019b1,269019,"[1,-1,1,202,1640]",3,1
269038f1,269038,"[1,-1,1,-9354,355017]",3,1
269073a1,269073,"[0,0,1,-1830,-20993]",3,1
269122d1,269122,"[1,-1,1,-774,7317]",3,1
269171a1,269171,"[1,1,1,-34,66]",3,1
269243a1,269243,"[0,-1,1,-39,111]",3,1
269270a1,269270,"[1,1,0,-242,-1256]",3,1
269322a1,269322,"[1,0,1,-159,418]",3,1
269343a1,269343,"[1,-1,1,-218,460]",3,1
269398a1,269398,"[1,0,0,-3794,89860]",3,1
269409b1,269409,"[0,-1,1,-1636,26010]",3,1
269410a1,269410,"[1,-1,0,-10,40]",3,1
269410d1,269410,"[1,1,0,-11947,497981]",3,1
269415a1,269415,"[0,0,1,-543,5098]",3,1
269424a1,269424,"[0,0,0,-267,1530]",3,1
269451a1,269451,"[0,0,1,-777,9126]",3,1
269460a1,269460,"[0,0,0,-93,-83]",3,1
269466k1,269466,"[1,0,0,-15597,777681]",3,1
269493a1,269493,"[1,1,1,115,5636]",3,1
269502a1,269502,"[1,0,1,-21980,1253450]",3,1
269505a1,269505,"[0,0,1,-3,704]",3,1
269550c1,269550,"[1,-1,0,-1017,13041]",3,1
269672a1,269672,"[0,0,0,-94,349]",3,1
269672b1,269672,"[0,-1,0,-1227,15844]",3,1
269772a1,269772,"[0,-1,0,-252,1944]",3,1
269817a1,269817,"[0,1,1,-4384,110332]",3,1
269840b1,269840,"[0,-1,0,-1136,15136]",3,1
269916a1,269916,"[0,-1,0,-93,9]",3,1
269934d1,269934,"[1,0,1,-505,4400]",3,1
269936a1,269936,"[0,-1,0,-234,1459]",3,1
269951a1,269951,"[1,0,0,-1141,14862]",3,1
269995b1,269995,"[1,0,0,0,-125]",3,1
270046a1,270046,"[1,0,1,-963,11282]",3,1
270104a1,270104,"[0,1,0,20,144]",3,1
270104b1,270104,"[0,1,0,-23068,1340880]",3,1
270166a1,270166,"[1,1,1,-9444,350821]",3,1
270175c1,270175,"[0,-1,1,-149783,22373343]",3,1
270175c2,270175,"[0,-1,1,127967,91772968]",3,1
270186a1,270186,"[1,1,0,-557,4845]",3,1
270214a1,270214,"[1,-1,0,14,88]",3,1
270226b1,270226,"[1,1,1,-7777,-98913]",3,1
270362c1,270362,"[1,-1,1,-351,4167]",3,1
270381a1,270381,"[0,1,1,-802,6022]",3,1
270400w1,270400,"[0,1,0,-3033,49063]",3,2
270400w2,270400,"[0,1,0,-16033,-743937]",3,2
270430a1,270430,"[1,-1,0,-469,4033]",3,1
270450a1,270450,"[1,-1,0,-2967,62441]",3,2
270450a2,270450,"[1,-1,0,-5217,-43309]",3,2
270518a1,270518,"[1,-1,1,-10419,416019]",3,1
270534a1,270534,"[1,1,0,-26579,1635309]",3,1
270556a1,270556,"[0,1,0,-150,-431]",3,1
270623a1,270623,"[1,0,0,23,96]",3,1
270737a1,270737,"[1,-1,1,-196,1102]",3,1
270771a1,270771,"[1,1,1,-173,794]",3,1
270784e1,270784,"[0,0,0,28,192]",3,1
270786a1,270786,"[1,1,0,-54,144]",3,1
270794a1,270794,"[1,0,1,-667,-6234]",3,1
270820a1,270820,"[0,1,0,-186,985]",3,1
270879a1,270879,"[0,-1,1,93,695]",3,1
270928a1,270928,"[0,0,0,-13459,561874]",3,1
271019a1,271019,"[1,-1,1,-867,10560]",3,1
271024b1,271024,"[0,1,0,-352,2436]",3,1
271032g1,271032,"[0,1,0,-212,3936]",3,1
271062a1,271062,"[1,-1,0,-1089,48829]",3,2
271062a2,271062,"[1,-1,0,-27729,1780429]",3,2
271106b1,271106,"[1,0,0,-3159,64873]",3,1
271121a1,271121,"[1,1,1,-5907,172282]",3,1
271167a1,271167,"[1,1,1,-1729,24686]",3,2
271167a2,271167,"[1,1,1,-6064,-155650]",3,2
271168d1,271168,"[0,-1,0,-465,3601]",3,1
271215c1,271215,"[0,0,1,-273,1678]",3,1
271264a1,271264,"[0,1,0,-2417,26431]",3,1
271351a1,271351,"[1,-1,1,-18,18]",3,1
271389a1,271389,"[0,-1,1,-69,1064]",3,1
271396b1,271396,"[0,1,0,-57,256]",3,1
271450c1,271450,"[1,0,1,-1257751,542819898]",3,2
271450c2,271450,"[1,0,1,-1249751,550067898]",3,2
271483a1,271483,"[0,1,1,-174,828]",3,1
271598a1,271598,"[1,-1,0,-136,576]",3,1
271704d1,271704,"[0,1,0,-5812,167456]",3,1
271762b1,271762,"[1,0,0,-1882,30564]",3,1
271768b1,271768,"[0,1,0,13,454]",3,1
271768c1,271768,"[0,1,0,-7292,252976]",3,1
271806b1,271806,"[1,1,0,-3206,68436]",3,1
271825a1,271825,"[0,0,1,-65,-194]",3,1
271894b1,271894,"[1,0,0,-2254,41220]",3,1
271912a1,271912,"[0,0,0,-2284,42004]",3,1
271918a1,271918,"[1,1,0,-120,-296]",3,1
271930a1,271930,"[1,-1,0,71,253]",3,1
271944b1,271944,"[0,0,0,-111,146]",3,1
271966a1,271966,"[1,-1,0,-136,628]",3,1
271978a1,271978,"[1,1,0,-1627,24605]",3,1
272064c1,272064,"[0,-1,0,-2497,51169]",3,1
272082l1,272082,"[1,0,0,-1107,6561]",3,1
272187d1,272187,"[1,-1,1,-788,8700]",3,1
272259c1,272259,"[1,-1,1,319,992]",3,2
272259c2,272259,"[1,-1,1,-1436,9416]",3,2
272380a1,272380,"[0,0,0,-88,337]",3,1
272418a1,272418,"[1,1,0,-71,309]",3,1
272446b1,272446,"[1,0,0,-944,6400]",3,1
272493a1,272493,"[0,0,1,-147,-104]",3,1
272493e1,272493,"[0,0,1,-1686,-3258]",3,1
272542a1,272542,"[1,1,0,-769,8249]",3,1
272654a1,272654,"[1,1,1,-3250,69951]",3,1
272714c1,272714,"[1,1,0,638,116840]",3,1
272831b1,272831,"[1,-1,1,-447,3780]",3,1
272937b1,272937,"[1,1,1,-3917,93710]",3,1
272950b1,272950,"[1,0,1,-11,258]",3,1
273024i1,273024,"[0,0,0,1836,-37584]",3,1
273090a1,273090,"[1,1,0,-62,336]",3,1
273096a1,273096,"[0,0,0,-36,260]",3,1
273113a1,273113,"[1,0,0,-4,25]",3,1
273249a1,273249,"[0,0,1,-921,10822]",3,1
273262b1,273262,"[1,1,0,52,16]",3,1
273278c1,273278,"[1,1,1,-5382,70915]",3,1
273303a1,273303,"[1,-1,1,-1994,34782]",3,1
273326a1,273326,"[1,0,1,-27,86]",3,1
273349a1,273349,"[0,0,1,-439,3540]",3,1
273437a1,273437,"[0,0,1,-356,2585]",3,1
273497a1,273497,"[1,0,1,-88,387]",3,1
273539a1,273539,"[0,1,1,-11754,480816]",3,1
273592a1,273592,"[0,0,0,-124,244]",3,1
273632a1,273632,"[0,0,0,-1261,17236]",3,1
273633a1,273633,"[1,1,1,-117,240]",3,1
273713a1,273713,"[0,1,1,-44,126]",3,1
273905a1,273905,"[0,-1,1,-66,222]",3,1
273994a1,273994,"[1,1,0,-213,1099]",3,1
273994d1,273994,"[1,1,1,-662,915]",3,1
273996a1,273996,"[0,0,0,96,484]",3,1
274026h1,274026,"[1,1,1,-710,6851]",3,1
274029c1,274029,"[0,1,1,-64,48556]",3,1
274133a1,274133,"[0,0,1,-6775,203844]",3,1
274316a1,274316,"[0,1,0,-1421,19471]",3,1
274353d1,274353,"[0,1,1,-37,145]",3,1
274370c1,274370,"[1,0,1,-43088,3438906]",3,1
274390b1,274390,"[1,0,1,-188,906]",3,1
274419a1,274419,"[0,0,1,69,-644]",3,1
274437a1,274437,"[0,0,1,-171,830]",3,1
274563a1,274563,"[0,0,1,15,72]",3,1
274596a1,274596,"[0,-1,0,-65,666]",3,1
274604b1,274604,"[0,-1,0,-1132,13784]",3,1
274684a1,274684,"[0,1,0,-34,81]",3,1
274728a1,274728,"[0,-1,0,-76,-188]",3,1
274728d1,274728,"[0,1,0,-16572,814896]",3,1
274732a1,274732,"[0,0,0,-56,169]",3,1
274742b1,274742,"[1,0,0,-180,6736]",3,1
274784a1,274784,"[0,0,0,19,16]",3,1
274788a1,274788,"[0,0,0,24,785]",3,1
274822b1,274822,"[1,0,1,-786,-8464]",3,2
274822b2,274822,"[1,0,1,-196,-20736]",3,2
274869a1,274869,"[1,-1,1,-131,452]",3,1
274878a1,274878,"[1,-1,0,-36,1296]",3,1
274914e1,274914,"[1,-1,1,-209,1729]",3,1
274960g1,274960,"[0,-1,0,-2056,36656]",3,1
275174b1,275174,"[1,0,0,-40,576]",3,1
275176a1,275176,"[0,1,0,-225,1219]",3,1
275243a1,275243,"[1,-1,0,-4213,216316]",3,1
275244c1,275244,"[0,1,0,3643,121671]",3,1
275247b1,275247,"[0,0,1,-2421,45892]",3,1
275266a1,275266,"[1,0,1,-122,504]",3,1
275354d1,275354,"[1,-1,0,-2558,-48780]",3,1
275354g1,275354,"[1,0,0,-169,729]",3,1
275358d1,275358,"[1,0,0,-3195,77841]",3,1
275430h1,275430,"[1,1,1,-1081,13319]",3,1
275523a1,275523,"[1,0,0,-34,149]",3,1
275576c1,275576,"[0,1,0,-11041,3016803]",3,1
275628b1,275628,"[0,-1,0,-164,840]",3,1
275694e1,275694,"[1,0,1,-167,506]",3,1
275696c1,275696,"[0,0,0,11,-21]",3,1
275765a1,275765,"[1,0,0,-8915,322492]",3,1
275846a1,275846,"[1,-1,0,-112,484]",3,1
275846f1,275846,"[1,-1,0,-22,24]",3,1
275898e1,275898,"[1,1,1,-420,3621]",3,1
275928e1,275928,"[0,1,0,36,1296]",3,1
275952o1,275952,"[0,1,0,-2704,55652]",3,1
275954g1,275954,"[1,-1,1,-138807,19881615]",3,1
276033a1,276033,"[0,1,1,-3004,62392]",3,1
276062a1,276062,"[1,0,1,30,-28]",3,1
276083a1,276083,"[0,0,1,14,15]",3,1
276144a1,276144,"[0,-1,0,-15669,760185]",3,1
276201a1,276201,"[0,0,1,-111,452]",3,1
276304a1,276304,"[0,1,0,-2672,52276]",3,1
276309a1,276309,"[1,-1,1,-266,1100]",3,1
276427a1,276427,"[0,-1,1,-870,-9348]",3,1
276429a1,276429,"[0,1,1,-706,3562]",3,1
276429b1,276429,"[0,-1,1,-287,1970]",3,1
276443a1,276443,"[0,0,1,8,-24]",3,1
276529a1,276529,"[1,0,0,-127,534]",3,1
276716b1,276716,"[0,-1,0,-20954,1108849]",3,1
276824a1,276824,"[0,1,0,-915,10354]",3,1
276834a1,276834,"[1,1,0,-179,849]",3,1
276834b1,276834,"[1,1,0,-394153,50384581]",3,1
276850a1,276850,"[1,-1,0,-40042,3050116]",3,1
276891a1,276891,"[1,0,0,-49,8]",3,1
276986a1,276986,"[1,0,0,-2220,40336]",3,1
277120d1,277120,"[0,1,0,-2265,47863]",3,1
277172a1,277172,"[0,0,0,-136,625]",3,1
277265a1,277265,"[1,0,0,10,1417]",3,1
277268a1,277268,"[0,1,0,-213,1111]",3,1
277284a1,277284,"[0,-1,0,-397,1369]",3,1
277303a1,277303,"[0,1,1,-416,3132]",3,1
277329d1,277329,"[1,0,0,-361,3314]",3,1
277386a1,277386,"[1,1,0,-36,96]",3,1
277393a1,277393,"[0,1,1,-36,174]",3,1
277449a1,277449,"[0,-1,1,22,-28]",3,1
277464a1,277464,"[0,-1,0,-2177,39909]",3,1
277472b1,277472,"[0,1,0,-510,4264]",3,2
277472b2,277472,"[0,1,0,-625,2079]",3,2
277478a1,277478,"[1,0,0,813,2209]",3,1
277488b1,277488,"[0,0,0,-44184,3277676]",3,1
277488b2,277488,"[0,0,0,-754824,-251842084]",3,1
277505a1,277505,"[0,0,1,-15037,708840]",3,1
277660a1,277660,"[0,1,0,-6,49]",3,1
277848a1,277848,"[0,0,0,-4332,110900]",3,1
277888a1,277888,"[0,0,0,-1348,443536]",3,1
277946a1,277946,"[1,1,0,-5459,181069]",3,1
277946b1,277946,"[1,-1,1,-264,2379]",3,1
277966b1,277966,"[1,1,0,-1228,16064]",3,1
278225a1,278225,"[0,1,1,742,1644]",3,1
278255a1,278255,"[0,1,1,-96,336]",3,1
278292a1,278292,"[0,-1,0,-140,1176]",3,1
278303b1,278303,"[1,1,0,34358,-4533595]",3,1
278356a1,278356,"[0,0,0,-277,1765]",3,1
278386a1,278386,"[1,1,0,-204,-464]",3,1
278443b1,278443,"[1,0,0,16,-5]",3,1
278448a1,278448,"[0,-1,0,-232,-656]",3,1
278448e1,278448,"[0,1,0,-2752,49556]",3,1
278499a1,278499,"[1,1,1,-1935,31956]",3,2
278499a2,278499,"[1,1,1,-1950,31416]",3,2
278532a1,278532,"[0,0,0,-57,65]",3,1
278630b1,278630,"[1,-1,0,-10894,440008]",3,1
278640c1,278640,"[0,0,0,117,2682]",3,1
278655a1,278655,"[0,-1,1,-1170,-5362]",3,1
278672a1,278672,"[0,1,0,-58,-189]",3,1
278680b1,278680,"[0,1,0,-20,1600]",3,1
278862a1,278862,"[1,0,1,-893,14312]",3,1
278894c1,278894,"[1,-1,1,-7317,260205]",3,1
278896a1,278896,"[0,-1,0,-944,11488]",3,1
278940c1,278940,"[0,-1,0,-490,4225]",3,1
278943a1,278943,"[0,1,1,-50,1040]",3,1
278961a1,278961,"[0,-1,1,5,42]",3,1
278964f1,278964,"[0,0,0,-216,10404]",3,1
278992f1,278992,"[0,0,0,-251,-390]",3,2
278992f2,278992,"[0,0,0,-2371,44130]",3,2
278996a1,278996,"[0,1,0,-37,-84]",3,1
279030a1,279030,"[1,1,0,-5238,143892]",3,2
279030a2,279030,"[1,1,0,-83838,9308652]",3,2
279036b1,279036,"[0,0,0,1356,28289]",3,1
279078c1,279078,"[1,1,1,-905,9911]",3,2
279078c2,279078,"[1,1,1,55,31031]",3,2
279124a1,279124,"[0,1,0,-157,1311]",3,1
279230b1,279230,"[1,1,0,2807,-52987]",3,1
279317a1,279317,"[0,1,1,-63,171]",3,1
279351a1,279351,"[1,-1,1,-140,-462]",3,1
279364a1,279364,"[0,1,0,-25,732]",3,1
279398g1,279398,"[1,0,0,-540,3856]",3,1
279472a1,279472,"[0,1,0,-720,7204]",3,1
279505a1,279505,"[0,1,1,-41,-99]",3,1
279519a1,279519,"[1,0,0,-190,1001]",3,1
279558d1,279558,"[1,-1,0,-2367,10377]",3,1
279564a1,279564,"[0,-1,0,-610,6001]",3,1
279594b1,279594,"[1,-1,0,-51,881]",3,1
279616i1,279616,"[0,0,0,-99116,12010544]",3,2
279616i2,279616,"[0,0,0,-100396,11684400]",3,4
279616i3,279616,"[0,0,0,64084,46225200]",3,4
279616i4,279616,"[0,0,0,-285356,-43729616]",3,2
279669c1,279669,"[0,1,1,-332,980]",3,1
279714c1,279714,"[1,0,0,-1632,36864]",3,1
279746a1,279746,"[1,0,1,-9415,516010]",3,1
279746b1,279746,"[1,-1,1,-699,7467]",3,1
279756a1,279756,"[0,0,0,-3072,66980]",3,1
279775c1,279775,"[1,0,0,-93,-248]",3,2
279775c2,279775,"[1,0,0,-568,4977]",3,2
279803a1,279803,"[0,1,1,-14,102]",3,1
279804a1,279804,"[0,-1,0,-57,306]",3,1
279872a1,279872,"[0,1,0,-897,10111]",3,1
279873b1,279873,"[0,0,1,-363,5112]",3,1
279918d1,279918,"[1,-1,0,0,972]",3,1
279926a1,279926,"[1,-1,0,-370,1492]",3,1
279979a1,279979,"[1,-1,1,-30567,2057160]",3,1
280009a1,280009,"[1,-1,1,-24,42]",3,1
280059a1,280059,"[0,-1,1,38,-288]",3,1
280095a1,280095,"[1,0,0,-121,-10]",3,1
280128b1,280128,"[0,-1,0,-285089,58682913]",3,1
280230c1,280230,"[1,1,0,-87,729]",3,1
280256a1,280256,"[0,0,0,-652,7120]",3,1
280315a1,280315,"[1,1,1,-7830,61050802]",3,1
280324a1,280324,"[0,0,0,-4,169]",3,1
280326b1,280326,"[1,1,0,-269,1569]",3,1
280446c1,280446,"[1,0,1,-1165,1892]",3,1
280512s1,280512,"[0,0,0,-14508,672624]",3,1
280566e1,280566,"[1,-1,0,-1038,-12460]",3,2
280566e2,280566,"[1,-1,0,-1998,14996]",3,2
280675a1,280675,"[0,1,1,-58,194]",3,1
280675b1,280675,"[0,0,1,9250,-57969]",3,1
280770a1,280770,"[1,1,0,-368,2388]",3,1
280797a1,280797,"[1,1,1,-130,518]",3,1
280937a1,280937,"[1,-1,1,0,-570]",3,1
280960b1,280960,"[0,1,0,-265,1863]",3,1
281005a1,281005,"[0,0,1,-847,13320]",3,1
281072a1,281072,"[0,0,0,-1171,15586]",3,1
281078f1,281078,"[1,-1,1,-102,-75]",3,1
281078h1,281078,"[1,1,1,-156314,23721255]",3,1
281235a1,281235,"[1,1,1,-36,114]",3,1
281241a1,281241,"[1,-1,1,-41,420]",3,1
281265b1,281265,"[1,1,1,-6371,193118]",3,1
281424a1,281424,"[0,-1,0,-266672,53121744]",3,1
281425b1,281425,"[1,-1,1,20,-128]",3,1
281439c1,281439,"[1,-1,1,-260,1676]",3,1
281452a1,281452,"[0,-1,0,3,841]",3,1
281498b1,281498,"[1,0,1,-260,2562]",3,1
281501a1,281501,"[0,0,1,5848,-16444]",3,1
281561a1,281561,"[0,-1,1,-152,-660]",3,1
281561d1,281561,"[1,1,0,-1974,862669]",3,1
281632b1,281632,"[0,-1,0,-209,1633]",3,1
281654a1,281654,"[1,-1,1,-399,13527]",3,1
281654b1,281654,"[1,1,1,-6142,182715]",3,1
281690a1,281690,"[1,0,1,-54,-28]",3,1
281690b1,281690,"[1,0,1,-51248,4460478]",3,1
281770b1,281770,"[1,0,1,-2168,33306]",3,1
281796a1,281796,"[0,-1,0,-709,7585]",3,1
281815a1,281815,"[1,1,1,-15,280]",3,1
281874g1,281874,"[1,1,1,-634,1031]",3,1
281954a1,281954,"[1,1,1,411,811]",3,1
281974a1,281974,"[1,0,1,-675,6350]",3,1
282045b1,282045,"[0,-1,1,-1425,21206]",3,1
282070e1,282070,"[1,0,0,-461,3985]",3,1
282074a1,282074,"[1,-1,0,-769,7309]",3,1
282132a1,282132,"[0,0,0,3,365]",3,1
282140a1,282140,"[0,-1,0,-7156,235400]",3,1
282166a1,282166,"[1,0,0,-19869,1076209]",3,2
282166a2,282166,"[1,0,0,-21589,878409]",3,2
282286a1,282286,"[1,0,1,-29,288]",3,1
282286c1,282286,"[1,0,0,-107717,14239681]",3,3
282286c2,282286,"[1,0,0,579003,27524929]",3,1
282303a1,282303,"[0,0,1,-1221,16422]",3,1
282305a1,282305,"[0,1,1,1174,-24920]",3,1
282348b1,282348,"[0,0,0,-1596,-8399]",3,2
282348b2,282348,"[0,0,0,-14151,641950]",3,2
282362a1,282362,"[1,0,1,-160,-530]",3,1
282372a1,282372,"[0,1,0,-772,7364]",3,1
282506a1,282506,"[1,0,1,-4225,168180]",3,1
282560b1,282560,"[0,0,0,-292,2176]",3,1
282570b1,282570,"[1,0,1,-964,1862]",3,1
282600b1,282600,"[0,0,0,-900,8100]",3,1
282626a1,282626,"[1,1,0,-372,5200]",3,1
282680a1,282680,"[0,1,0,-420,4768]",3,1
282706a1,282706,"[1,0,1,-317,2136]",3,1
282709a1,282709,"[0,0,1,-139,630]",3,1
282717a1,282717,"[1,-1,1,-1109,15094]",3,1
282758b1,282758,"[1,1,0,-3174,67456]",3,1
282758c1,282758,"[1,1,0,-1283,589]",3,1
282777a1,282777,"[0,-1,1,48,362]",3,1
282781a1,282781,"[1,1,1,-269,1602]",3,1
282791a1,282791,"[1,0,0,-754,7905]",3,1
282960bd1,282960,"[0,0,0,-1227,6154]",3,1
283082b1,283082,"[1,0,1,-154,720]",3,1
283099a1,283099,"[0,1,1,-6,24]",3,1
283126a1,283126,"[1,0,0,-429,3409]",3,1
283135a1,283135,"[0,0,1,20563,1272772]",3,1
283156a1,283156,"[0,0,0,-124,529]",3,1
283248g1,283248,"[0,0,0,-2379,38666]",3,1
283302a1,283302,"[1,-1,0,-558,5184]",3,1
283480a1,283480,"[0,-1,0,-681,6925]",3,1
283509c1,283509,"[0,0,1,-918,52670]",3,1
283696a1,283696,"[0,1,0,-16784,-755948]",3,2
283696a2,283696,"[0,1,0,-64464,5480596]",3,2
283703a1,283703,"[1,0,0,-18,13]",3,1
283706c1,283706,"[1,-1,1,-561,5217]",3,1
283725f1,283725,"[1,-1,1,-200,1252]",3,1
283776k1,283776,"[0,1,0,-665,5559]",3,1
283844a1,283844,"[0,1,0,-397,2991]",3,1
283922a1,283922,"[1,0,0,73,169]",3,1
283932a1,283932,"[0,0,0,-471,3886]",3,1
283949a1,283949,"[1,-1,1,-19,22]",3,1
283998b1,283998,"[1,0,1,-2900,63182]",3,1
284074b1,284074,"[1,0,1,-59,138]",3,1
284088a1,284088,"[0,-1,0,-252,1764]",3,1
284096a1,284096,"[0,0,0,-196,-384]",3,2
284096a2,284096,"[0,0,0,724,-2960]",3,2
284113a1,284113,"[1,0,0,-2425,46366]",3,1
284174d1,284174,"[1,0,0,-19042,1010244]",3,1
284230a1,284230,"[1,1,0,-428,3232]",3,1
284289a1,284289,"[0,-1,1,46,-76]",3,1
284296a1,284296,"[0,1,0,-148,645]",3,1
284296b1,284296,"[0,0,0,-3287,72535]",3,1
284312b1,284312,"[0,-1,0,-673,6389]",3,1
284322c1,284322,"[1,0,1,-220,1190]",3,1
284424a1,284424,"[0,-1,0,-12,1764]",3,1
284586d1,284586,"[1,0,0,-4860,104976]",3,1
284687a1,284687,"[1,-1,1,-163,380]",3,1
284711a1,284711,"[1,1,1,154,-1188]",3,1
284832a1,284832,"[0,0,0,756,103456]",3,1
284910a1,284910,"[1,1,0,-1193,15513]",3,1
284936a1,284936,"[0,0,0,13,-290]",3,1
284944d1,284944,"[0,-1,0,-456,4144]",3,1
284990a1,284990,"[1,-1,1,-198,597]",3,1
285005a1,285005,"[0,0,1,-607,13212]",3,1
285050a1,285050,"[1,1,0,-155,925]",3,1
285175f1,285175,"[1,1,1,-88,3306]",3,1
285216b1,285216,"[0,-1,0,-1617,25569]",3,1
285236a1,285236,"[0,0,0,-76,289]",3,1
285236c1,285236,"[0,1,0,8395,413084]",3,1
285260a1,285260,"[0,0,0,-133,757]",3,1
285306b1,285306,"[1,1,0,-114,-216]",3,1
285337a1,285337,"[0,0,1,35,630]",3,1
285362a1,285362,"[1,-1,0,-11473,503965]",3,1
285362b1,285362,"[1,1,0,-160891,24773945]",3,1
285501a1,285501,"[1,1,1,-25,44]",3,1
285552b1,285552,"[0,0,0,-1659,25994]",3,1
285560a1,285560,"[0,0,0,-3388,75988]",3,1
285590a1,285590,"[1,0,1,-479,3906]",3,1
285621a1,285621,"[0,-1,1,-3642,42230]",3,1
285621g1,285621,"[1,1,1,-169,566]",3,2
285621g2,285621,"[1,1,1,-2514,47466]",3,2
285637a1,285637,"[1,0,0,-185,226]",3,1
285664a1,285664,"[0,-1,0,-7441,-34303]",3,1
285681c1,285681,"[0,-1,1,565,1352]",3,1
285754a1,285754,"[1,0,1,-9293,343992]",3,1
285760j1,285760,"[0,-1,0,-11361,471265]",3,1
285877a1,285877,"[0,1,1,-31,287]",3,1
286023a1,286023,"[0,-1,1,-24,20]",3,1
286122d1,286122,"[1,1,1,-1630,24731]",3,1
286135a1,286135,"[0,-1,1,-90,468]",3,1
286139a1,286139,"[0,0,1,-475,-2562]",3,1
286144b1,286144,"[0,1,0,-5849,160615]",3,2
286144b2,286144,"[0,1,0,4671,684511]",3,2
286154a1,286154,"[1,0,1,-56,426]",3,1
286176a1,286176,"[0,-1,0,-82,244]",3,1
286180b1,286180,"[0,-1,0,-661,6065]",3,1
286242b1,286242,"[1,1,0,-2229,39591]",3,1
286242g1,286242,"[1,1,1,33,9477]",3,1
286258e1,286258,"[1,0,1,-124,-150]",3,1
286308a1,286308,"[0,0,0,-192,1145]",3,1
286330d1,286330,"[1,0,1,-2063,33906]",3,2
286330d2,286330,"[1,0,1,-6243,-148342]",3,2
286341b1,286341,"[1,1,1,-4153,117158]",3,1
286429a1,286429,"[1,0,0,2,93]",3,1
286480a1,286480,"[0,0,0,-307,-206]",3,1
286536a1,286536,"[0,-1,0,-172,964]",3,1
286540a1,286540,"[0,1,0,-45,268]",3,1
286569c1,286569,"[1,-1,1,-464,3584]",3,1
286592a1,286592,"[0,-1,0,-233,1465]",3,1
286778a1,286778,"[1,-1,0,-24674,-1641596]",3,1
286784a1,286784,"[0,1,0,-177,751]",3,1
286784f1,286784,"[0,1,0,-641,5983]",3,1
286857b1,286857,"[1,-1,1,-599,5802]",3,1
286862a1,286862,"[1,-1,0,10,32]",3,1
286941a1,286941,"[1,1,1,1,26]",3,1
286995a1,286995,"[0,-1,1,-29000,1904258]",3,1
287007b1,287007,"[1,1,1,-1971,21750]",3,1
287014d1,287014,"[1,0,1,-37510,2793012]",3,3
287014d2,287014,"[1,0,1,-52865,291060]",3,1
287034a1,287034,"[1,1,1,-187,1865]",3,1
287136a1,287136,"[0,0,0,-9,64]",3,1
287230a1,287230,"[1,0,1,7,408]",3,1
287254g1,287254,"[1,-1,1,-94161,11201985]",3,1
287343c1,287343,"[0,0,1,-24,7]",3,1
287360c1,287360,"[0,1,0,-665,6775]",3,1
287472a1,287472,"[0,-1,0,-2152,174784]",3,1
287482b1,287482,"[1,-1,1,-2772,57015]",3,1
287605a1,287605,"[1,-1,1,-5982,193206]",3,1
287644a1,287644,"[0,-1,0,-50,1]",3,1
287690a1,287690,"[1,-1,0,-1144,16900]",3,1
287702b1,287702,"[1,0,0,-102,484]",3,1
287707a1,287707,"[0,1,1,-50,210]",3,1
287775a1,287775,"[0,0,1,45,506]",3,1
287838f1,287838,"[1,-1,1,-2462,47405]",3,1
287850a1,287850,"[1,1,0,-3000,54000]",3,2
287850a2,287850,"[1,1,0,-12500,-487500]",3,2
287866a1,287866,"[1,-1,0,11,69]",3,1
287870a1,287870,"[1,-1,0,-4,3028]",3,1
287870c1,287870,"[1,1,0,-3393,74677]",3,1
287872a1,287872,"[0,0,0,-244,1264]",3,1
287891a1,287891,"[1,-1,0,-916,10903]",3,1
287913a1,287913,"[1,1,0,-756,7695]",3,1
287937b1,287937,"[1,-1,1,-5207,285990]",3,2
287937b2,287937,"[1,-1,1,-104072,12940710]",3,2
287958a1,287958,"[1,1,0,-47,225]",3,1
288054a1,288054,"[1,-1,0,-1971,34101]",3,1
288086a1,288086,"[1,0,0,-3552,295936]",3,1
288110c1,288110,"[1,-1,1,-303,2487]",3,1
288144c1,288144,"[0,0,0,-3459,-15406]",3,1
288211a1,288211,"[0,-1,1,-54,156]",3,1
288331a1,288331,"[1,-1,1,-78,240]",3,1
288355a1,288355,"[0,1,1,-1851,30180]",3,1
288364a1,288364,"[0,1,0,-1957,32679]",3,1
288446a1,288446,"[1,1,0,-37,65]",3,1
288513a1,288513,"[0,0,1,-1029,12762]",3,1
288515a1,288515,"[1,-1,1,-973,11922]",3,1
288520a1,288520,"[0,0,0,-652,6196]",3,1
288522a1,288522,"[1,-1,0,-24,404]",3,1
288612a1,288612,"[0,0,0,-237,-155]",3,1
288695a1,288695,"[1,0,0,-365,-1400]",3,2
288695a2,288695,"[1,0,0,1230,-10013]",3,2
288743a1,288743,"[1,-1,1,-10194,415962]",3,1
288840b1,288840,"[0,-1,0,-265,6637]",3,1
288896b1,288896,"[0,1,0,-23,49]",3,1
288896e1,288896,"[0,0,0,118,-1260]",3,1
288898b1,288898,"[1,-1,1,-10761,435465]",3,1
288912n1,288912,"[0,1,0,-8640,317844]",3,1
288926f1,288926,"[1,1,1,-339,6865]",3,1
289014h1,289014,"[1,1,1,-11112,506217]",3,1
289038a1,289038,"[1,1,0,-1156,14656]",3,1
289081b1,289081,"[1,0,0,171,1870]",3,1
289091a1,289091,"[0,1,1,-2777,55440]",3,1
289152a1,289152,"[0,0,0,-282,2500]",3,1
289184a1,289184,"[0,1,0,-82,276]",3,1
289219a1,289219,"[0,0,1,-2351,44082]",3,1
289314b1,289314,"[1,-1,1,-2309,43517]",3,1
289316a1,289316,"[0,1,0,-102,361]",3,1
289353a1,289353,"[1,0,0,34,399]",3,1
289398l1,289398,"[1,1,1,-3779,94241]",3,1
289405a1,289405,"[0,-1,1,-51,156]",3,1
289513c1,289513,"[0,-1,1,-12845,564642]",3,1
289528a1,289528,"[0,0,0,41,106]",3,1
289552a1,289552,"[0,0,0,-55,118]",3,1
289552d1,289552,"[0,-1,0,-44,-32]",3,1
289554g1,289554,"[1,1,1,-82,2015]",3,1
289600a1,289600,"[0,0,0,-4300,118000]",3,1
289668a1,289668,"[0,-1,0,-322,8521]",3,1
289746a1,289746,"[1,-1,0,-918,10984]",3,1
289788h1,289788,"[0,1,0,-1137,14184]",3,1
289794b1,289794,"[1,1,1,-55,1421]",3,1
289814a1,289814,"[1,-1,0,-448,784]",3,1
289825a1,289825,"[1,1,1,-463,3906]",3,1
289858a1,289858,"[1,0,0,3406,-95612]",3,1
289858b1,289858,"[1,-1,1,-106,457]",3,1
289872a1,289872,"[0,0,0,-147,290]",3,1
289886a1,289886,"[1,0,1,-16,42]",3,1
289970a1,289970,"[1,1,0,-34103,2477653]",3,1
290038a1,290038,"[1,0,1,20,60]",3,1
290038b1,290038,"[1,0,0,-6787,215361]",3,1
290046j1,290046,"[1,0,0,-5580,156816]",3,1
290058c1,290058,"[1,0,1,-798,10012]",3,1
290139b1,290139,"[1,1,0,17,4]",3,1
290150d1,290150,"[1,0,1,-2026,33948]",3,1
290168a1,290168,"[0,1,0,36703,727171]",3,1
290207a1,290207,"[0,1,1,-409,-1483]",3,1
290222a1,290222,"[1,-1,0,-15556,750556]",3,1
290225a1,290225,"[0,0,1,-76675,8513406]",3,1
290232a1,290232,"[0,0,0,-1092,13700]",3,1
290292c1,290292,"[0,1,0,-2012,33924]",3,1
290354a1,290354,"[1,0,0,-519,4489]",3,1
290412a1,290412,"[0,0,0,-1647,25110]",3,1
290414a1,290414,"[1,1,1,-199,957]",3,1
290424a1,290424,"[0,-1,0,-129,549]",3,1
290475a1,290475,"[1,-1,1,-5,2022]",3,1
290496b1,290496,"[0,-1,0,-1969,34225]",3,2
290496b2,290496,"[0,-1,0,-1249,58849]",3,2
290532a1,290532,"[0,-1,0,-6557,-144759]",3,1
290592b1,290592,"[0,0,0,-201,2036]",3,1
290594e1,290594,"[1,0,0,-50,196]",3,1
290594f1,290594,"[1,0,0,-145188,21289744]",3,3
290594f2,290594,"[1,0,0,105692,84246288]",3,1
290602a1,290602,"[1,-1,0,182,-524]",3,1
290602b1,290602,"[1,1,0,-13591,605861]",3,1
290697a1,290697,"[0,1,1,36,20918]",3,1
290785a1,290785,"[0,-1,1,-76,-68]",3,1
290870b1,290870,"[1,0,1,-1363,19038]",3,2
290870b2,290870,"[1,0,1,-2543,-19194]",3,2
290874b1,290874,"[1,1,1,-1224,2121]",3,1
290909a1,290909,"[1,0,0,-67,204]",3,1
290909b1,290909,"[1,0,0,-29270,588463]",3,1
290954a1,290954,"[1,0,0,-64925,6362161]",3,1
291130a1,291130,"[1,-1,0,-565,5281]",3,1
291182a1,291182,"[1,-1,0,-382,4900]",3,1
291245b1,291245,"[1,-1,1,438,-876]",3,1
291280a1,291280,"[0,1,0,384,2740]",3,1
291280c1,291280,"[0,1,0,-5560,198900]",3,1
291290b1,291290,"[1,1,0,-97,-91]",3,1
291335c1,291335,"[0,-1,1,-951,11571]",3,1
291365a1,291365,"[0,1,1,-1430,20334]",3,1
291365c1,291365,"[0,0,1,-128,259]",3,1
291418a1,291418,"[1,0,1,-75,230]",3,1
291444c1,291444,"[0,1,0,-237,36]",3,1
291447b1,291447,"[0,0,1,-29943,1993530]",3,1
291488c1,291488,"[0,0,0,52,256]",3,1
291497a1,291497,"[0,0,1,56,-55]",3,1
291573e1,291573,"[1,-1,0,-177,-532]",3,1
291624e1,291624,"[0,1,0,-212,1344]",3,1
291648e1,291648,"[0,-1,0,-625,-1679]",3,2
291648e2,291648,"[0,-1,0,-5665,164641]",3,2
291677a1,291677,"[0,1,1,-39,78]",3,1
291822a1,291822,"[1,0,1,-180,1342]",3,1
291912d1,291912,"[0,1,0,-372,2304]",3,1
291924a1,291924,"[0,0,0,-549,-1611]",3,1
291937a1,291937,"[1,1,1,-29,42]",3,1
291958d1,291958,"[1,0,0,41195,-9066399]",3,1
291974a1,291974,"[1,0,0,-181,417]",3,1
292019d1,292019,"[0,1,1,-343,2333]",3,1
292046a1,292046,"[1,0,1,-157,744]",3,1
292064a1,292064,"[0,1,0,-30,64]",3,1
292089a1,292089,"[0,-1,1,-11090,453242]",3,1
292116a1,292116,"[0,-1,0,-285,1926]",3,1
292130c1,292130,"[1,0,1,-238,4788]",3,1
292158d1,292158,"[1,-1,1,-17129,866089]",3,1
292210b1,292210,"[1,1,0,-132,364]",3,1
292210c1,292210,"[1,1,0,-28042,1795796]",3,1
292378b1,292378,"[1,0,1,1,198]",3,1
292421a1,292421,"[0,1,1,-9222,337812]",3,1
292442a1,292442,"[1,-1,0,34,276]",3,1
292446c1,292446,"[1,-1,0,-3186,75816]",3,1
292464b1,292464,"[0,0,0,-579,5506]",3,1
292485a1,292485,"[0,-1,1,-186,1046]",3,1
292622a1,292622,"[1,0,1,-73,320112]",3,1
292622d1,292622,"[1,0,1,-2201,55932]",3,1
292677a1,292677,"[0,-1,1,-1094,60164]",3,1
292705a1,292705,"[1,0,0,-231,-1130]",3,1
292760a1,292760,"[0,-1,0,-796,8996]",3,1
292774a1,292774,"[1,1,0,-173239,27608981]",3,1
292782h1,292782,"[1,1,1,-1875,5841]",3,1
292829a1,292829,"[1,0,0,-283,1828]",3,1
292845a1,292845,"[0,-1,1,-56,362]",3,1
292845b1,292845,"[0,-1,1,-6606,233462]",3,1
292870a1,292870,"[1,-1,0,-65,205]",3,1
292870d1,292870,"[1,-1,1,-3912,92811]",3,1
292878d1,292878,"[1,-1,1,-37436,2804991]",3,1
293002a1,293002,"[1,1,0,-65,289]",3,1
293019a1,293019,"[1,0,0,-317,-546]",3,1
293042a1,293042,"[1,0,1,-125,600]",3,1
293049b1,293049,"[1,-1,1,-35,-56]",3,1
293070d1,293070,"[1,1,0,-1702,21124]",3,1
293073a1,293073,"[0,1,1,-4070,98840]",3,1
293128b1,293128,"[0,1,0,-649,6171]",3,1
293184c1,293184,"[0,0,0,-252,1360]",3,1
293359a1,293359,"[0,1,1,-1702,24362]",3,1
293379b1,293379,"[0,1,1,-1154,21566]",3,1
293393a1,293393,"[1,0,0,-5,26]",3,1
293419b1,293419,"[1,0,0,-874,9873]",3,1
293458a1,293458,"[1,-1,0,-163,805]",3,1
293475a1,293475,"[0,-1,1,-658,7068]",3,1
293583a1,293583,"[1,1,1,-632,5852]",3,1
293604a1,293604,"[0,-1,0,-4525,118681]",3,1
293618b1,293618,"[1,0,0,-245,1441]",3,1
293700a1,293700,"[0,-1,0,-1353,19602]",3,2
293700a2,293700,"[0,-1,0,-1628,11352]",3,2
293733a1,293733,"[0,0,1,-4557,148576]",3,1
293799a1,293799,"[0,1,1,-23490,1379450]",3,1
293898m1,293898,"[1,1,1,-59802,-617433]",3,1
293898n1,293898,"[1,1,1,-1057,12767]",3,1
293918a1,293918,"[1,0,1,0,590]",3,1
293919a1,293919,"[1,1,1,-9,132]",3,1
293919b1,293919,"[1,1,1,-2093,35984]",3,1
293934a1,293934,"[1,1,0,-139,589]",3,1
293984a1,293984,"[0,1,0,-58,156]",3,1
294042a1,294042,"[1,0,1,-8732,316874]",3,1
294087a1,294087,"[0,-1,1,-566,5360]",3,1
294099b1,294099,"[0,-1,1,-117,20]",3,1
294112a1,294112,"[0,0,0,-4252,107200]",3,1
294168a1,294168,"[0,-1,0,-18772,997441]",3,1
294302a1,294302,"[1,-1,0,-5,149]",3,1
294320c1,294320,"[0,-1,0,-6776,216976]",3,1
294331b1,294331,"[0,0,1,-578,5627]",3,1
294335a1,294335,"[0,-1,1,-354620,81073806]",3,1
294351a1,294351,"[1,0,0,-21699,-1047492]",3,1
294438c1,294438,"[1,0,1,-1175,-4678]",3,1
294456b1,294456,"[0,-1,0,-76,4]",3,1
294491a1,294491,"[0,-1,1,-1830,31680]",3,1
294514h1,294514,"[1,0,0,-1515,18481]",3,1
294653a1,294653,"[0,0,1,-23,132]",3,1
294653c1,294653,"[0,1,1,21513,-913353]",3,1
294653c2,294653,"[0,1,1,-221827,54507332]",3,1
294654b1,294654,"[1,0,1,-2510,47900]",3,1
294681a1,294681,"[0,-1,1,-213,1271]",3,1
294754a1,294754,"[1,-1,1,-99,387]",3,1
294822b1,294822,"[1,-1,0,-213,-415]",3,2
294822b2,294822,"[1,-1,0,777,-3781]",3,2
294835a1,294835,"[1,0,0,-705,7852]",3,1
294977a1,294977,"[1,0,0,-148,-705]",3,1
295190a1,295190,"[1,-1,0,-715,11125]",3,1
295222b1,295222,"[1,-1,0,-7324,27804]",3,2
295222b2,295222,"[1,-1,0,-75914,-7997226]",3,2
295262a1,295262,"[1,-1,0,-106,136]",3,1
295607a1,295607,"[0,0,1,-49,162]",3,1
295646b1,295646,"[1,0,0,-15312,729376]",3,1
295670c1,295670,"[1,-1,1,-1182,20781]",3,1
295678a1,295678,"[1,1,0,-5481,153925]",3,1
295809a1,295809,"[1,0,0,-29,-42]",3,1
295874b1,295874,"[1,-1,1,-234,1449]",3,1
295887a1,295887,"[0,-1,1,-350,4244]",3,1
295895a1,295895,"[0,1,1,-96,-264]",3,1
295922a1,295922,"[1,-1,1,-159,1287]",3,1
295975a1,295975,"[1,1,0,-2000,34375]",3,1
296002b1,296002,"[1,0,0,-249,1273]",3,1
296142a1,296142,"[1,1,0,-171,585]",3,2
296142a2,296142,"[1,1,0,-941,-10965]",3,2
296195a1,296195,"[0,-1,1,-540,6018]",3,1
296443a1,296443,"[0,1,1,6,-24]",3,1
296463c1,296463,"[0,-1,1,-295,-1773]",3,1
296564a1,296564,"[0,-1,0,-49,674]",3,1
296635a1,296635,"[1,0,0,-70,687]",3,1
296714a1,296714,"[1,-1,0,-4,124]",3,1
296744a1,296744,"[0,0,0,-196,196]",3,1
296786a1,296786,"[1,-1,0,-2716,58048]",3,1
296864a1,296864,"[0,-1,0,-16845,847141]",3,1
296942c1,296942,"[1,-1,1,-1056,13251]",3,1
297012c1,297012,"[0,1,0,-1545,22824]",3,1
297018d1,297018,"[1,-1,1,-3872,94915]",3,1
297041a1,297041,"[0,-1,1,-629,1806]",3,1
297159b1,297159,"[1,0,0,17,38]",3,1
297185a1,297185,"[0,-1,1,-506,-3144]",3,1
297192h1,297192,"[0,1,0,-4060,103184]",3,1
297230a1,297230,"[1,0,1,-733,8868]",3,1
297246a1,297246,"[1,1,0,-49,-59]",3,1
297282g1,297282,"[1,0,0,-1375,33881]",3,1
297294a1,297294,"[1,0,1,-607,-4174]",3,1
297311a1,297311,"[1,-1,1,-144,1482]",3,1
297399b1,297399,"[0,1,1,-3570,80840]",3,1
297466h1,297466,"[1,0,0,-689,169]",3,2
297466h2,297466,"[1,0,0,-7449,-247247]",3,2
297490c1,297490,"[1,1,0,-287,69829]",3,1
297522c1,297522,"[1,-1,1,-2264,39899]",3,1
297537f1,297537,"[1,0,0,-26972,1701261]",3,1
297552b1,297552,"[0,-1,0,-32,1104]",3,1
297592a1,297592,"[0,-1,0,-32,316]",3,1
297666i1,297666,"[1,-1,1,103,19705]",3,1
297714k1,297714,"[1,0,1,-264092,52216346]",3,1
297726a1,297726,"[1,1,0,-4549,-95459]",3,1
297780a1,297780,"[0,-1,0,-201,1026]",3,2
297780a2,297780,"[0,-1,0,324,5016]",3,2
297832b1,297832,"[0,0,0,-26,-35]",3,1
297962a1,297962,"[1,-1,0,-505,4489]",3,1
297969a1,297969,"[1,1,1,-57,90]",3,1
298086k1,298086,"[1,0,1,-334,-1792]",3,1
298138a1,298138,"[1,-1,1,27,285]",3,1
298197b1,298197,"[1,-1,1,-2147,36870]",3,1
298258c1,298258,"[1,0,0,-2515,48801]",3,1
298316a1,298316,"[0,0,0,-1741,26389]",3,1
298350a1,298350,"[1,-1,0,-1017,15241]",3,1
298455a1,298455,"[1,1,1,-431,3278]",3,1
298474c1,298474,"[1,0,0,-2990,62596]",3,1
298650a1,298650,"[1,1,0,-3875,88125]",3,2
298650a2,298650,"[1,1,0,1625,324625]",3,2
298683a1,298683,"[0,0,1,-1137,10066]",3,1
298694a1,298694,"[1,-1,0,-73,289]",3,1
298726a1,298726,"[1,1,0,39,-125]",3,1
298742a1,298742,"[1,-1,0,-335,3437]",3,1
298760a1,298760,"[0,0,0,-1543,25258]",3,1
298776a1,298776,"[0,-1,0,-7612,258244]",3,1
298832c1,298832,"[0,0,0,-392,2220]",3,1
298872a1,298872,"[0,0,0,996,13876]",3,1
298986a1,298986,"[1,0,1,3,580]",3,1
298986b1,298986,"[1,1,1,-2094,39531]",3,1
299139a1,299139,"[1,1,1,-56,140]",3,1
299142b1,299142,"[1,-1,0,-144,364]",3,1
299396c1,299396,"[0,0,0,-29,29]",3,1
299424a1,299424,"[0,-1,0,-64,100]",3,1
299446a1,299446,"[1,-1,0,-5290,194932]",3,1
299545b1,299545,"[0,0,1,-32,37]",3,1
299554a1,299554,"[1,0,1,-58,-48]",3,1
299554b1,299554,"[1,-1,0,-50138,4333684]",3,1
299589a1,299589,"[0,-1,1,-46,318]",3,1
299612a1,299612,"[0,0,0,-241,1441]",3,1
299646b1,299646,"[1,-1,0,-648,2304]",3,1
299650m1,299650,"[1,0,0,-113,3817]",3,1
299684a1,299684,"[0,0,0,-2632,51940]",3,1
299760a1,299760,"[0,-1,0,-496,4096]",3,2
299760a2,299760,"[0,-1,0,-1696,-21824]",3,2
299832c1,299832,"[0,-1,0,-72,1341]",3,1
299874f1,299874,"[1,0,1,-1248,17122]",3,1
299912a1,299912,"[0,0,0,-31,55]",3,1
299958c1,299958,"[1,0,1,-570,5992]",3,1
300069a1,300069,"[0,0,1,-3477,42066]",3,1
300086a1,300086,"[1,0,0,-14807,672361]",3,1
300144c1,300144,"[0,-1,0,2648,108016]",3,1
300144c2,300144,"[0,-1,0,-119032,15877744]",3,1
300219a1,300219,"[0,-1,1,-350,-658]",3,1
300267b1,300267,"[1,-1,1,-7787,266590]",3,1
300294b1,300294,"[1,-1,0,-258,1304]",3,1
300320a1,300320,"[0,1,0,-625,9375]",3,1
300435a1,300435,"[0,-1,1,-2940,61868]",3,1
300435b1,300435,"[0,1,1,-1710,26264]",3,1
300443b1,300443,"[0,0,1,-1936,32942]",3,1
300448a1,300448,"[0,0,0,-193,-1004]",3,1
300513a1,300513,"[0,-1,1,-173,-241]",3,1
300575e1,300575,"[0,-1,1,-1083,-7932]",3,1
300579a1,300579,"[0,1,1,-10964,441992]",3,1
300587a1,300587,"[1,1,1,-7886,266190]",3,1
300612a1,300612,"[0,-1,0,-690,7281]",3,1
300685d1,300685,"[1,0,0,8165,99672]",3,2
300685d2,300685,"[1,0,0,-34790,812725]",3,2
300741a1,300741,"[0,1,1,-4662,120062]",3,1
300818a1,300818,"[1,-1,0,-208,1204]",3,1
300843a1,300843,"[0,0,1,-261,1640]",3,1
300850b1,300850,"[1,-1,0,233,541]",3,1
301120i1,301120,"[0,-1,0,-10625,390625]",3,1
301156a1,301156,"[0,0,0,-49,121]",3,1
301194a1,301194,"[1,-1,0,-1404,20704]",3,1
301236a1,301236,"[0,-1,0,-177,1026]",3,1
301240e1,301240,"[0,1,0,-1500,709648]",3,1
301314b1,301314,"[1,0,1,285,1582]",3,1
301364a1,301364,"[0,0,0,-808,-5759]",3,1
301411b1,301411,"[0,0,1,-4114,538722]",3,1
301472a1,301472,"[0,1,0,63,-209]",3,1
301536a1,301536,"[0,0,0,-57,200]",3,1
301542h1,301542,"[1,0,0,-1990,38756]",3,1
301643a1,301643,"[0,0,1,-367,2706]",3,1
301760c1,301760,"[0,1,0,-1121,10879]",3,2
301760c2,301760,"[0,1,0,2559,70495]",3,2
301824e1,301824,"[0,0,0,-174,664]",3,1
301952a1,301952,"[0,1,0,-159,1921]",3,2
301952a2,301952,"[0,1,0,-3529,79431]",3,2
302160a1,302160,"[0,-1,0,-856,10000]",3,1
302160b1,302160,"[0,-1,0,3424,-33024]",3,1
302337a1,302337,"[0,0,1,-201,112]",3,1
302340b1,302340,"[0,-1,0,-125,750]",3,1
302404a1,302404,"[0,0,0,-6121,197089]",3,1
302457c1,302457,"[0,1,1,-9347,346325]",3,1
302471a1,302471,"[0,1,1,-1118,14238]",3,1
302512a1,302512,"[0,1,0,-224,5236]",3,2
302512a2,302512,"[0,1,0,-6144,182836]",3,2
302621a1,302621,"[0,0,1,341,3660]",3,1
302622f1,302622,"[1,1,1,-757,5147]",3,1
302676a1,302676,"[0,-1,0,-650,7281]",3,1
302676b1,302676,"[0,-1,0,-2134,38665]",3,1
302768e1,302768,"[0,1,0,-3260,72284]",3,1
302909a1,302909,"[1,0,0,-17,4]",3,1
302938b1,302938,"[1,-1,1,-1536,23547]",3,1
302938c1,302938,"[1,1,1,-450,1231]",3,1
302938g1,302938,"[1,-1,1,-33516,-2343313]",3,1
302944a1,302944,"[0,0,0,-92,-160]",3,1
302996a1,302996,"[0,1,0,-11692,482724]",3,1
303042c1,303042,"[1,0,1,-36458,2678672]",3,1
303056a1,303056,"[0,0,0,-259,1186]",3,1
303098a1,303098,"[1,-1,1,-144,627]",3,1
303124a1,303124,"[0,-1,0,-6581,207697]",3,1
303144a1,303144,"[0,-1,0,20,2401]",3,1
303225c1,303225,"[0,1,1,-21258,1401644]",3,1
303277a1,303277,"[1,0,0,54,1237]",3,1
303414c1,303414,"[1,1,1,10,371]",3,1
303432g1,303432,"[0,1,0,-1812,26496]",3,1
303434a1,303434,"[1,-1,0,-2617,52189]",3,1
303434b1,303434,"[1,1,0,-132,-560]",3,1
303437a1,303437,"[0,-1,1,-1010,12462]",3,1
303438a1,303438,"[1,1,0,39,69]",3,1
303438d1,303438,"[1,0,0,-9585,385641]",3,1
303475c1,303475,"[1,-1,0,-23312,-1363229]",3,2
303475c2,303475,"[1,-1,0,-18337,-1965204]",3,2
303518a1,303518,"[1,1,0,-143,601]",3,1
303589a1,303589,"[0,-1,1,-612,7512]",3,1
303646u1,303646,"[1,0,0,-1000,62016]",3,2
303646u2,303646,"[1,0,0,-30440,2034496]",3,2
303654e1,303654,"[1,0,1,-12318,490432]",3,2
303654e2,303654,"[1,0,1,-39858,-2483888]",3,2
303715a1,303715,"[0,1,1,-3790,82544]",3,1
303735b1,303735,"[1,0,0,44,14411]",3,1
303744b1,303744,"[0,-1,0,-159,-297]",3,2
303744b2,303744,"[0,-1,0,-1289,18009]",3,2
303760a1,303760,"[0,1,0,-221,-521]",3,1
303762a1,303762,"[1,1,0,29,-35]",3,1
303798a1,303798,"[1,1,0,-127,505]",3,1
303800c1,303800,"[0,0,0,140,4900]",3,1
303822b1,303822,"[1,-1,1,-1679,37847]",3,1
303831a1,303831,"[0,0,1,-99,272]",3,1
303831h1,303831,"[0,0,1,-28314,-1799845]",3,1
303831h2,303831,"[0,0,1,-267894,52620752]",3,1
303846c1,303846,"[1,0,1,-713,7292]",3,1
303848a1,303848,"[0,1,0,364,12256]",3,1
303952a1,303952,"[0,0,0,-187,1210]",3,1
303987b1,303987,"[1,1,1,-107,-448]",3,1
303987d1,303987,"[1,1,1,-410,2774]",3,1
303996c1,303996,"[0,-1,0,-10110,395361]",3,1
304062a1,304062,"[1,1,0,-544,3676]",3,1
304108a1,304108,"[0,0,0,-25892,1603705]",3,1
304209d1,304209,"[1,-1,0,-660,-5983]",3,1
304262a1,304262,"[1,-1,0,-119,669]",3,1
304308a1,304308,"[0,0,0,-6969,-213919]",3,1
304329a1,304329,"[1,0,0,-68774,6936225]",3,1
304335a1,304335,"[1,-1,1,7,532]",3,1
304350j1,304350,"[1,0,1,-651,8098]",3,1
304392h1,304392,"[0,1,0,-5772,205776]",3,1
304611a1,304611,"[1,1,1,-25,56]",3,1
304631a1,304631,"[1,-1,1,6,24]",3,1
304752o1,304752,"[0,1,0,-680,10884]",3,1
304776a1,304776,"[0,0,0,-31239,2216106]",3,1
304870d1,304870,"[1,-1,1,-8352,310851]",3,1
304928a1,304928,"[0,-1,0,-168298,26629100]",3,1
304947a1,304947,"[1,-1,1,-518,4830]",3,1
304966a1,304966,"[1,1,0,5,77]",3,1
304976d1,304976,"[0,-1,0,96,400]",3,1
305040b1,305040,"[0,-1,0,304,1296]",3,2
305040b2,305040,"[0,-1,0,-1496,12816]",3,2
305040s1,305040,"[0,-1,0,480,205632]",3,2
305040s2,305040,"[0,-1,0,-49520,4165632]",3,4
305040s3,305040,"[0,-1,0,-787520,269255232]",3,4
305040s4,305040,"[0,-1,0,-111520,-8283968]",3,2
305042f1,305042,"[1,1,1,-51,97]",3,1
305072a1,305072,"[0,0,0,-208,1036]",3,1
305079a1,305079,"[0,-1,1,-68,-190]",3,1
305089a1,305089,"[0,0,1,-7,204]",3,1
305120b1,305120,"[0,1,0,-1265,3775]",3,1
305217b1,305217,"[0,0,1,27024,1254600]",3,1
305286i1,305286,"[1,1,1,-1444,16421]",3,2
305286i2,305286,"[1,1,1,-7204,-223195]",3,2
305300a1,305300,"[0,1,0,-268,1668]",3,1
305344bm1,305344,"[0,1,0,-289,-929]",3,1
305424a1,305424,"[0,0,0,-867,9970]",3,1
305440a1,305440,"[0,0,0,-193,1108]",3,1
305466m1,305466,"[1,1,1,-1520,24401]",3,1
305486a1,305486,"[1,1,0,-2813,55741]",3,1
305586b1,305586,"[1,-1,1,-869,10397]",3,1
305598f1,305598,"[1,1,0,120,-252]",3,1
305598f2,305598,"[1,1,0,-1275,21789]",3,1
305662c1,305662,"[1,-1,0,-23,-15]",3,1
305692a1,305692,"[0,1,0,-54,145]",3,1
305770a1,305770,"[1,0,1,-314,2112]",3,1
305826c1,305826,"[1,0,1,-343,1322]",3,1
305945a1,305945,"[0,-1,1,-86,-54]",3,1
305954a1,305954,"[1,1,0,-11,121]",3,1
306071a1,306071,"[0,0,1,-59,130]",3,1
306115a1,306115,"[1,1,0,-738,-11033]",3,1
306222a1,306222,"[1,1,0,81,-171]",3,1
306314b1,306314,"[1,0,0,-272,256]",3,1
306347a1,306347,"[0,-1,1,-78,294]",3,1
306450c1,306450,"[1,-1,0,-342,3816]",3,1
306488a1,306488,"[0,1,0,-30212,2119936]",3,1
306496a1,306496,"[0,1,0,-16609,818367]",3,1
306496e1,306496,"[0,0,0,-140,-208]",3,1
306501a1,306501,"[0,-1,1,-9465,357602]",3,1
306509a1,306509,"[0,0,1,23,56]",3,1
306567a1,306567,"[1,-1,1,-482,3570]",3,1
306572a1,306572,"[0,1,0,-301,1908]",3,1
306576e1,306576,"[0,0,0,105,4966]",3,1
306581a1,306581,"[1,-1,1,-2085,37758]",3,1
306629b1,306629,"[0,0,1,-17,4]",3,1
306629c1,306629,"[0,1,1,-7321,238679]",3,1
306708c1,306708,"[0,1,0,-27314,1728105]",3,1
306726a1,306726,"[1,1,0,-10054,385876]",3,1
306816i1,306816,"[0,1,0,-5539,156821]",3,2
306816i2,306816,"[0,1,0,-6009,128151]",3,2
306830b1,306830,"[1,0,0,-766,8100]",3,1
306906b1,306906,"[1,0,0,-5405,181041]",3,1
307024b1,307024,"[0,1,0,-784,8196]",3,1
307030b1,307030,"[1,-1,1,-213,1581]",3,1
307065b1,307065,"[1,1,1,-105,300]",3,1
307080b1,307080,"[0,0,0,57,202]",3,1
307080g1,307080,"[0,0,0,-39207,3002506]",3,1
307251a1,307251,"[0,0,1,-453,3780]",3,1
307251b1,307251,"[0,0,1,456,3370]",3,1
307296e1,307296,"[0,0,0,-141,36]",3,2
307296e2,307296,"[0,0,0,-1596,24480]",3,2
307347a1,307347,"[1,0,0,-14527,522074]",3,1
307351a1,307351,"[1,-1,1,-6714,213414]",3,1
307396b1,307396,"[0,1,0,-4562,117121]",3,1
307467b1,307467,"[0,0,1,-1254,17075]",3,1
307536a1,307536,"[0,-1,0,-539080,198758896]",3,1
307536d1,307536,"[0,-1,0,304,-576]",3,1
307546a1,307546,"[1,-1,0,-67,277]",3,1
307562a1,307562,"[1,0,1,-3957,95456]",3,1
307622b1,307622,"[1,0,1,-7425,1139492]",3,3
307622b2,307622,"[1,0,1,66320,-29508930]",3,1
307740f1,307740,"[0,-1,0,-1045,13150]",3,1
307760a1,307760,"[0,1,0,-336,2164]",3,1
307818a1,307818,"[1,-1,0,-219,1189]",3,1
307825e1,307825,"[0,-1,1,-113,528]",3,1
307881f1,307881,"[0,0,1,324,1757]",3,1
307898c1,307898,"[1,1,1,-37,27]",3,1
307909a1,307909,"[0,1,1,21,-54]",3,1
307950r1,307950,"[1,1,1,-10613,389531]",3,1
308042d1,308042,"[1,1,0,-226,1016]",3,1
308073a1,308073,"[0,-1,1,1536,35570]",3,1
308110b1,308110,"[1,1,0,-2602,50324]",3,1
308112m1,308112,"[0,-1,0,-5896,222832]",3,1
308127b1,308127,"[1,1,0,-91,-374]",3,1
308160f1,308160,"[0,0,0,-34428,2458352]",3,2
308160f2,308160,"[0,0,0,-30828,2992592]",3,2
308160n1,308160,"[0,0,0,-348,-1872]",3,2
308160n2,308160,"[0,0,0,852,-11952]",3,2
308248a1,308248,"[0,0,0,-151,730]",3,1
308269a1,308269,"[0,0,1,-5983,-168180]",3,1
308269b1,308269,"[0,0,1,-29407,1940996]",3,1
308269d1,308269,"[0,0,1,-64,195]",3,1
308288a1,308288,"[0,0,0,-364,-2384]",3,1
308288d1,308288,"[0,-1,0,-961,11777]",3,1
308319a1,308319,"[0,-1,1,-230,1322]",3,1
308323a1,308323,"[0,1,1,-15,30]",3,1
308334m1,308334,"[1,0,0,-14645,463521]",3,1
308486a1,308486,"[1,0,1,-41,-68]",3,1
308546b1,308546,"[1,-1,1,-432,2835]",3,1
308651a1,308651,"[0,-1,1,-996,12438]",3,1
308672d1,308672,"[0,1,0,-24417,1460479]",3,1
308691a1,308691,"[0,0,1,-693,7022]",3,1
308691b1,308691,"[0,0,1,306,2135]",3,3
308691b2,308691,"[0,0,1,-3024,-98098]",3,1
308800s1,308800,"[0,-1,0,-1433,21337]",3,1
308862d1,308862,"[1,-1,1,-4802,123585]",3,1
308874b1,308874,"[1,0,1,-483,3982]",3,1
308886a1,308886,"[1,0,1,-4398,112252]",3,1
308886c1,308886,"[1,0,1,103,-196]",3,1
308920a1,308920,"[0,1,0,-236,1360]",3,1
308958i1,308958,"[1,1,1,-13735,601181]",3,2
308958i2,308958,"[1,1,1,-30375,-1162659]",3,2
308978a1,308978,"[1,0,1,-270,1712]",3,1
309042a1,309042,"[1,-1,0,9,1741]",3,1
309074a1,309074,"[1,0,0,-2415,79801]",3,1
309103a1,309103,"[1,0,0,15,16]",3,1
309109a1,309109,"[0,-1,1,-19,25]",3,1
309123a1,309123,"[0,0,1,0,-27]",3,1
309123a2,309123,"[0,0,1,0,722]",3,1
309158b1,309158,"[1,0,0,-1727,27481]",3,1
309177a1,309177,"[0,0,1,-27,2396]",3,1
309280a1,309280,"[0,1,0,-641,6895]",3,1
309315a1,309315,"[0,1,1,-186,866]",3,1
309317a1,309317,"[0,1,1,-20,-30]",3,1
309347a1,309347,"[0,0,1,-475,3978]",3,1
309350h1,309350,"[1,0,0,-14463,667417]",3,1
309350i1,309350,"[1,0,0,-9128,-225728]",3,1
309366e1,309366,"[1,-1,1,-491,8507]",3,1
309416a1,309416,"[0,-1,0,-185,1021]",3,1
309463a1,309463,"[0,0,1,-181,966]",3,1
309589a1,309589,"[0,1,1,-43,116]",3,1
309740b1,309740,"[0,-1,0,-101,430]",3,1
309802b1,309802,"[1,1,0,3,1213]",3,1
309843c1,309843,"[0,0,1,-156,2295]",3,1
309850e1,309850,"[1,0,0,-913,11817]",3,1
309985a1,309985,"[1,-1,1,342,53202]",3,1
310146b1,310146,"[1,0,1,-875,9722]",3,1
310146d1,310146,"[1,1,1,-3957,94107]",3,1
310146e1,310146,"[1,1,1,-2116,-28603]",3,1
310184a1,310184,"[0,1,0,-92,496]",3,1
310220b1,310220,"[0,-1,0,-1020,-3368]",3,1
310225a1,310225,"[0,1,1,-758,7644]",3,1
310318a1,310318,"[1,0,1,-1083,13622]",3,1
310329c1,310329,"[1,-1,1,-7727,264192]",3,1
310342a1,310342,"[1,-1,1,-102,405]",3,1
310400e1,310400,"[0,1,0,-153,823]",3,1
310419a1,310419,"[0,0,1,-81,776]",3,1
310474c1,310474,"[1,0,0,210,1156]",3,1
310574d1,310574,"[1,0,0,-65969,6573289]",3,1
310592v1,310592,"[0,0,0,-788,8576]",3,1
310656c1,310656,"[0,1,0,-825,8919]",3,1
310698b1,310698,"[1,-1,0,6,64]",3,1
310774a1,310774,"[1,-1,0,-28,76]",3,1
310793a1,310793,"[0,0,1,316,1575]",3,1
310811b1,310811,"[0,0,1,-1043,-1400]",3,1
310824b1,310824,"[0,0,0,-156,596]",3,1
310836a1,310836,"[0,-1,0,-114,585]",3,1
310836c1,310836,"[0,-1,0,-1868,31704]",3,1
310868a1,310868,"[0,1,0,-2873,58312]",3,3
310868a2,310868,"[0,1,0,-7473,-172700]",3,1
310900a1,310900,"[0,1,0,-1908,41188]",3,1
310926g1,310926,"[1,0,1,-1823,29342]",3,2
310926g2,310926,"[1,0,1,-3713,-42478]",3,2
311086b1,311086,"[1,0,1,-23,-18]",3,1
311135a1,311135,"[1,0,0,-735,-2150]",3,1
311138a1,311138,"[1,-1,1,189,1347]",3,1
311154a1,311154,"[1,0,1,-282,2716]",3,1
311190a1,311190,"[1,1,0,-853,8953]",3,2
311190a2,311190,"[1,1,0,297,32643]",3,2
311319a1,311319,"[0,0,1,-51,132]",3,1
311324a1,311324,"[0,-1,0,51,118]",3,1
311571a1,311571,"[0,0,1,-75819,8031492]",3,1
311611a1,311611,"[0,1,1,-184,902]",3,1
311680c1,311680,"[0,-1,0,-41,505]",3,1
311704a1,311704,"[0,0,0,20,148]",3,1
311739a1,311739,"[1,1,1,-35,146]",3,1
311813b1,311813,"[1,-1,1,-21,50]",3,1
311926a1,311926,"[1,0,1,-282,476]",3,1
311936k1,311936,"[0,0,0,10,36]",3,1
312043a1,312043,"[0,1,1,-19,-49]",3,1
312126a1,312126,"[1,1,0,-41,105]",3,1
312189b1,312189,"[1,0,0,-1046,61419]",3,1
312202b1,312202,"[1,1,0,-40,596]",3,1
312218a1,312218,"[1,0,0,-3443,54625]",3,1
312262b1,312262,"[1,1,1,-114,511]",3,1
312300b1,312300,"[0,0,0,-3900,94025]",3,1
312318a1,312318,"[1,-1,0,-99,729]",3,1
312326g1,312326,"[1,0,0,-22,804]",3,1
312366e1,312366,"[1,1,1,-6852,-161595]",3,1
312377a1,312377,"[1,0,0,-271,1692]",3,1
312440a1,312440,"[0,0,0,-148,772]",3,1
312489b1,312489,"[1,-1,1,-74,-8]",3,1
312524a1,312524,"[0,0,0,-679,766]",3,1
312582a1,312582,"[1,1,0,-1436,20364]",3,1
312681a1,312681,"[0,-1,1,-8,50]",3,1
312709a1,312709,"[1,0,0,-17,-4]",3,1
312793a1,312793,"[0,0,1,-79,252]",3,1
312812a1,312812,"[0,-1,0,-9,58]",3,1
312880b1,312880,"[0,-1,0,-496,2720]",3,1
312890a1,312890,"[1,-1,0,-649,4393]",3,1
312914d1,312914,"[1,0,0,-729,26809]",3,2
312914d2,312914,"[1,0,0,-18649,976569]",3,2
312975a1,312975,"[0,0,1,-225,4556]",3,1
312996a1,312996,"[0,-1,0,-100,136]",3,1
312999a1,312999,"[1,0,0,-289,1820]",3,1
313059b1,313059,"[0,1,1,-262,1702]",3,1
313122c1,313122,"[1,0,1,-997,6944]",3,1
313158a1,313158,"[1,1,0,-6342,237780]",3,1
313168c1,313168,"[0,1,0,-1096,13668]",3,1
313171a1,313171,"[0,1,1,158,-118]",3,1
313183a1,313183,"[0,1,1,39,42]",3,1
313256a1,313256,"[0,0,0,-55,-38]",3,1
313312a1,313312,"[0,0,0,-35,134]",3,1
313348a1,313348,"[0,0,0,-4693,-64619]",3,1
313373a1,313373,"[0,1,1,-23,-42]",3,1
313382a1,313382,"[1,-1,0,-73,205]",3,1
313400c1,313400,"[0,-1,0,52,292]",3,1
313434c1,313434,"[1,-1,0,-33576,2376448]",3,1
313434d1,313434,"[1,-1,0,-306,688]",3,1
313479d1,313479,"[0,0,1,-102,-394]",3,1
313515a1,313515,"[0,0,1,-183,-162]",3,1
313536bm1,313536,"[0,1,0,-4769,-39585]",3,2
313536bm2,313536,"[0,1,0,-43649,3467391]",3,2
313558d1,313558,"[1,0,0,-29574,1317988]",3,1
313674a1,313674,"[1,1,0,-34,-56]",3,1
314025a1,314025,"[0,-1,1,-9958,385818]",3,1
314036a1,314036,"[0,0,0,17,214]",3,1
314072c1,314072,"[0,-1,0,-2057,37741]",3,1
314111a1,314111,"[1,1,1,-14525,672516]",3,1
314136d1,314136,"[0,0,0,-723,7459]",3,1
314200d1,314200,"[0,-1,0,-3633,87637]",3,1
314202b1,314202,"[1,0,1,-288,8362]",3,1
314222a1,314222,"[1,0,1,-77,300]",3,1
314248a1,314248,"[0,1,0,45,-38]",3,1
314318a1,314318,"[1,1,0,-1244,16336]",3,1
314408a1,314408,"[0,0,0,-148,676]",3,1
314419a1,314419,"[0,-1,1,-120,132]",3,1
314433a1,314433,"[0,0,1,-125391,17053580]",3,1
314448bb1,314448,"[0,1,0,2648,174836]",3,1
314459a1,314459,"[0,0,1,17,0]",3,1
314535a1,314535,"[0,-1,1,-1126,13782]",3,1
314559c1,314559,"[0,0,1,-48,1120]",3,1
314562c1,314562,"[1,0,1,-7437,-213176]",3,1
314570d1,314570,"[1,0,0,-6070,187812]",3,1
314634g1,314634,"[1,0,1,125,1070]",3,1
314664a1,314664,"[0,-1,0,-820,7876]",3,2
314664a2,314664,"[0,-1,0,-3760,-80324]",3,2
314704e1,314704,"[0,1,0,-7808,87796]",3,2
314704e2,314704,"[0,1,0,-100368,12194644]",3,2
314718c1,314718,"[1,0,1,-307,5714]",3,1
314736d1,314736,"[0,-1,0,-664,6640]",3,1
314752b1,314752,"[0,1,0,-35,-83]",3,1
314800k1,314800,"[0,-1,0,-2008,6512]",3,1
314825a1,314825,"[0,1,1,-3838,90584]",3,1
314838a1,314838,"[1,-1,0,-4221,106623]",3,1
314838d1,314838,"[1,-1,1,-689,15329]",3,1
314937a1,314937,"[0,0,1,-111,616]",3,1
314998a1,314998,"[1,-1,0,14,148]",3,1
314998b1,314998,"[1,1,0,1291,27241]",3,1
315010e1,315010,"[1,1,0,-422668,105591572]",3,1
315027a1,315027,"[0,0,1,-20709,1148492]",3,1
315050m1,315050,"[1,0,0,-87188,9902992]",3,1
315056a1,315056,"[0,0,0,-1627,163210]",3,1
315166a1,315166,"[1,1,0,-62,70]",3,1
315171b1,315171,"[0,0,1,-243,1460]",3,1
315186a1,315186,"[1,1,0,-9,261]",3,1
315218b1,315218,"[1,1,0,-107,-467]",3,1
315288a1,315288,"[0,0,0,333,1630]",3,1
315296a1,315296,"[0,1,0,-385,2799]",3,1
315322a1,315322,"[1,-1,0,-943,-8351]",3,1
315394a1,315394,"[1,0,1,13,34]",3,1
315483a1,315483,"[0,-1,1,-10645,426312]",3,1
315486d1,315486,"[1,-1,1,-5207,347375]",3,1
315552d1,315552,"[0,-1,0,-10449,413505]",3,1
315600a1,315600,"[0,-1,0,-408,21312]",3,1
315678d1,315678,"[1,0,1,-320,2450]",3,1
315962a1,315962,"[1,0,1,-61,84]",3,1
315968a1,315968,"[0,1,0,-417,3199]",3,1
315991a1,315991,"[0,0,1,-233,-1398]",3,1
316032i1,316032,"[0,1,0,-2137,22199]",3,1
316068b1,316068,"[0,1,0,-17,7584]",3,1
316100a1,316100,"[0,1,0,-5133,120988]",3,2
316100a2,316100,"[0,1,0,8492,665988]",3,2
316116a1,316116,"[0,0,0,-111,790]",3,1
316285b1,316285,"[0,1,1,-4961,132681]",3,1
316308a1,316308,"[0,-1,0,-85,241]",3,1
316320c1,316320,"[0,1,0,-3761,89439]",3,1
316371a1,316371,"[1,1,1,22,-16]",3,1
316371b1,316371,"[0,1,1,61,182]",3,1
316430a1,316430,"[1,0,1,-3508,79806]",3,1
316436b1,316436,"[0,0,0,-512,4537]",3,1
316458a1,316458,"[1,-1,0,-1521,23193]",3,1
316479a1,316479,"[0,-1,1,-590,-4618]",3,1
316480l1,316480,"[0,-1,0,-8161,300161]",3,1
316480n1,316480,"[0,-1,0,-31681,2182625]",3,1
316558a1,316558,"[1,-1,1,-138,393]",3,1
316609b1,316609,"[0,1,1,-537,5148]",3,1
316691a1,316691,"[0,0,1,-4,27]",3,1
316704a1,316704,"[0,-1,0,14,-68]",3,1
316771c1,316771,"[0,1,1,-25527,-1581180]",3,1
316771c2,316771,"[0,1,1,44093,-7787803]",3,1
316771c3,316771,"[0,1,1,-408437,247484370]",3,1
316965a1,316965,"[0,-1,1,564,51896]",3,1
316976c1,316976,"[0,1,0,-177904,28822740]",3,1
317008b1,317008,"[0,-1,0,88,496]",3,1
317024a1,317024,"[0,-1,0,-209,-1055]",3,1
317076a1,317076,"[0,-1,0,-188,984]",3,1
317079a1,317079,"[0,0,1,-1911,24610]",3,1
317144a1,317144,"[0,1,0,-10155,391834]",3,1
317155a1,317155,"[1,0,0,-31,-30]",3,1
317268a1,317268,"[0,0,0,-15384,734596]",3,1
317360d1,317360,"[0,0,0,-1043,13842]",3,1
317400b1,317400,"[0,-1,0,-153,477]",3,1
317448a1,317448,"[0,0,0,-87,410]",3,1
317499a1,317499,"[0,-1,1,-540,5942]",3,1
317568d1,317568,"[0,-1,0,-121,-311]",3,1
317668a1,317668,"[0,1,0,-8130,273289]",3,1
317691a1,317691,"[0,0,1,-1257,25486]",3,1
317720m1,317720,"[0,-1,0,-576,5485]",3,1
317778a1,317778,"[1,0,1,-63,622]",3,1
317789a1,317789,"[0,1,1,-17,0]",3,1
317800a1,317800,"[0,0,0,-1900,34900]",3,1
317872a1,317872,"[0,1,0,-264,1780]",3,1
317888f1,317888,"[0,0,0,-44,624]",3,1
317905a1,317905,"[1,-1,1,-33,102]",3,1
317965a1,317965,"[0,0,1,632,-2511]",3,1
318024a1,318024,"[0,0,0,-10092,387700]",3,1
318177a1,318177,"[0,0,1,-24,65]",3,1
318245a1,318245,"[1,0,0,-50,7]",3,1
318258d1,318258,"[1,-1,1,-13061,576765]",3,1
318554a1,318554,"[1,-1,0,-34,4]",3,1
318691a1,318691,"[1,-1,1,-154,772]",3,1
318808a1,318808,"[0,0,0,-916,13060]",3,1
318825a1,318825,"[0,0,1,-1065,13806]",3,1
318876c1,318876,"[0,1,0,-1825,28424]",3,1
318880a1,318880,"[0,0,0,52,672]",3,1
318927a1,318927,"[0,-1,1,-16612,756720]",3,1
318941a1,318941,"[0,1,1,-408,3168]",3,1
319025a1,319025,"[1,-1,1,-30,372]",3,1
319071a1,319071,"[0,1,1,-64,118]",3,1
319098a1,319098,"[1,1,0,136,444]",3,1
319098h1,319098,"[1,0,1,-1170,30052]",3,1
319207a1,319207,"[1,0,0,29,42]",3,1
319306b1,319306,"[1,-1,1,-36,327]",3,1
319338a1,319338,"[1,-1,0,-2034,-33116]",3,1
319369a1,319369,"[1,-1,1,-14991,710196]",3,1
319734a1,319734,"[1,-1,0,-59814,5589684]",3,1
319754a1,319754,"[1,-1,1,-451,28867]",3,1
319889a1,319889,"[1,0,0,-33,1906]",3,1
320194a1,320194,"[1,0,0,-1565,30001]",3,1
320220a1,320220,"[0,0,0,-408,3193]",3,1
320338c1,320338,"[1,1,1,-612,5605]",3,1
320400b1,320400,"[0,0,0,-5475,156850]",3,1
320418a1,320418,"[1,-1,0,-306,9828]",3,1
320590a1,320590,"[1,0,1,-674,6672]",3,1
320654a1,320654,"[1,0,0,-1830,118756]",3,1
320662c1,320662,"[1,0,0,-147,289]",3,1
320698c1,320698,"[1,0,0,-9085,331761]",3,1
320712a1,320712,"[0,-1,0,-257,1509]",3,1
320954a1,320954,"[1,0,0,-443,3553]",3,1
320976b1,320976,"[0,0,0,-1539,20034]",3,1
321046a1,321046,"[1,0,1,478,756]",3,1
321062a1,321062,"[1,-1,0,-3379,102469]",3,1
321134a1,321134,"[1,0,1,-113,372]",3,1
321159a1,321159,"[0,-1,1,-114,506]",3,1
321159b1,321159,"[0,-1,1,-93,-286]",3,1
321280a1,321280,"[0,1,0,-31,45]",3,1
321282a1,321282,"[1,-1,0,-156,828]",3,1
321295a1,321295,"[1,0,0,-546,4801]",3,1
321351a1,321351,"[1,0,0,-12087,510624]",3,1
321369a1,321369,"[0,-1,1,-28,84]",3,1
321386a1,321386,"[1,-1,0,-2390,45572]",3,1
321386c1,321386,"[1,0,0,-7117,202641]",3,1
321425a1,321425,"[0,1,1,-2158,52094]",3,1
321451a1,321451,"[0,-1,1,-92,-210]",3,1
321605a1,321605,"[0,0,1,-2458,57813]",3,1
321651a1,321651,"[0,0,1,171,812]",3,1
321690b1,321690,"[1,1,1,-2661,55083]",3,1
321723a1,321723,"[0,0,1,-1335,18904]",3,1
321723b1,321723,"[0,0,1,114,2160]",3,1
321777a1,321777,"[1,-1,1,-104,614]",3,1
321790d1,321790,"[1,-1,1,-1818,26457]",3,1
321840c1,321840,"[0,0,0,-2883,59618]",3,1
321895a1,321895,"[0,1,1,-1926,-26904]",3,1
321950d1,321950,"[1,-1,0,-5507,227301]",3,1
321951a1,321951,"[1,1,1,-67,-118]",3,1
321984g1,321984,"[0,0,0,504,1016]",3,2
321984g2,321984,"[0,0,0,-2076,8240]",3,2
321990b1,321990,"[1,0,1,-27543,1730806]",3,1
321998a1,321998,"[1,0,1,-640,5070]",3,1
322031a1,322031,"[0,-1,1,-6094,93754]",3,1
322070b1,322070,"[1,-1,0,-1174,15568]",3,1
322074f1,322074,"[1,-1,0,-5790,171032]",3,1
322132a1,322132,"[0,1,0,-410,3049]",3,1
322277b1,322277,"[0,1,1,-1129,14231]",3,1
322296a1,322296,"[0,-1,0,-81,117]",3,1
322385b1,322385,"[1,1,1,-2421,26368]",3,1
322440a1,322440,"[0,-1,0,-36,765]",3,1
322454a1,322454,"[1,0,1,-61,180]",3,1
322480d1,322480,"[0,0,0,-2107,37306]",3,1
322493c1,322493,"[0,1,1,-39,166]",3,1
322502a1,322502,"[1,-1,0,-31,-47]",3,1
322531b1,322531,"[1,0,1,15,-13]",3,1
322578a1,322578,"[1,-1,0,39,-27]",3,1
322578c1,322578,"[1,-1,1,-8294,293109]",3,1
322623a1,322623,"[1,-1,1,-47,-80]",3,1
322640b1,322640,"[0,-1,0,-981,11881]",3,1
322656a1,322656,"[0,-1,0,-97,1681]",3,1
322671a1,322671,"[0,-1,1,-120,-448]",3,1
322690b1,322690,"[1,1,0,-68,172]",3,1
322786a1,322786,"[1,-1,0,-1238,17124]",3,1
322848g1,322848,"[0,0,0,-2541,99520]",3,2
322848g2,322848,"[0,0,0,-51276,4466176]",3,2
323007a1,323007,"[0,1,1,-52,-50]",3,1
323007d1,323007,"[0,1,1,-43927,3528985]",3,1
323037a1,323037,"[0,0,1,-1533,24732]",3,1
323148c1,323148,"[0,1,0,-4725,142884]",3,1
323150j1,323150,"[1,0,0,-57938,5983492]",3,1
323241a1,323241,"[0,-1,1,-24,74]",3,1
323282b1,323282,"[1,-1,1,-207,3735]",3,1
323351a1,323351,"[1,0,0,-1373,19144]",3,1
323354a1,323354,"[1,0,0,-81,169]",3,1
323562b1,323562,"[1,1,0,-10,64]",3,1
323670a1,323670,"[1,1,0,-218,1188]",3,1
323757a1,323757,"[1,-1,1,-12224,523342]",3,1
323773a1,323773,"[1,1,1,-574,5040]",3,1
323817b1,323817,"[0,-1,1,-234,8210]",3,1
323825a1,323825,"[0,0,1,-325,1656]",3,1
323860a1,323860,"[0,-1,0,-605,1897]",3,1
323946a1,323946,"[1,-1,0,-288,1980]",3,1
323991a1,323991,"[1,-1,1,13,40]",3,1
324002b1,324002,"[1,-1,1,-1206,16581]",3,1
324094a1,324094,"[1,1,0,-366,2620]",3,1
324240a1,324240,"[0,-1,0,-1496,22320]",3,2
324240a2,324240,"[0,-1,0,184,68016]",3,2
324384j1,324384,"[0,1,0,-60017,5644479]",3,1
324402g1,324402,"[1,1,1,-3172,103397]",3,1
324406b1,324406,"[1,-1,1,-3954,96369]",3,1
324620a1,324620,"[0,0,0,68,169]",3,1
324648a1,324648,"[0,0,0,-1134,14661]",3,1
324648b1,324648,"[0,0,0,-54,-99]",3,1
324802b1,324802,"[1,-1,1,-2701,37301]",3,2
324802b2,324802,"[1,-1,1,7539,246197]",3,2
324853a1,324853,"[0,1,1,-244,878]",3,1
324936a1,324936,"[0,0,0,-2514,48521]",3,1
325020b1,325020,"[0,-1,0,-70380,7210872]",3,1
325038a1,325038,"[1,1,0,3812,28084]",3,1
325104b1,325104,"[0,-1,0,616,4848]",3,1
325107a1,325107,"[0,0,1,-21,90]",3,1
325130c1,325130,"[1,0,1,-3528,80198]",3,2
325130c2,325130,"[1,0,1,-2308,136806]",3,2
325243a1,325243,"[0,1,1,-4,26]",3,1
325308a1,325308,"[0,1,0,-277,1271]",3,1
325346b1,325346,"[1,-1,0,-371,2853]",3,1
325377a1,325377,"[1,-1,1,-218,2998]",3,1
325395h1,325395,"[0,0,1,72,154]",3,1
325420d1,325420,"[0,-1,0,-86,361]",3,1
325430a1,325430,"[1,0,1,-74,72]",3,2
325430a2,325430,"[1,0,1,276,632]",3,2
325456a1,325456,"[0,-1,0,-224,1024]",3,1
325485a1,325485,"[1,-1,1,-10802,434404]",3,1
325494e1,325494,"[1,-1,0,-1143,27405]",3,2
325494e2,325494,"[1,-1,0,-22203,1278369]",3,2
325528a1,325528,"[0,1,0,-105,-101]",3,1
325550a1,325550,"[1,0,1,99,8948]",3,1
325560b1,325560,"[0,-1,0,-56,81]",3,1
325580a1,325580,"[0,1,0,-830,8953]",3,1
325672b1,325672,"[0,0,0,-71,170]",3,1
325719a1,325719,"[0,0,1,-381,2830]",3,1
325790a1,325790,"[1,0,1,-73,156]",3,1
325800a1,325800,"[0,0,0,-975,16850]",3,1
325848e1,325848,"[0,1,0,-492,13104]",3,1
325871a1,325871,"[0,0,1,464,2957]",3,1
326080c1,326080,"[0,1,0,-121,519]",3,1
326120a1,326120,"[0,0,0,-3622,83761]",3,1
326138a1,326138,"[1,-1,0,-25,-23]",3,1
326192f1,326192,"[0,-1,0,-96,5872]",3,1
326199a1,326199,"[0,-1,1,-5554,161184]",3,1
326218a1,326218,"[1,0,0,-1168,20736]",3,1
326230a1,326230,"[1,0,1,-154,636]",3,2
326230a2,326230,"[1,0,1,226,3372]",3,2
326244a1,326244,"[0,-1,0,35,361]",3,1
326305a1,326305,"[1,0,0,-636,2341]",3,1
326306e1,326306,"[1,0,0,-1552,3456]",3,1
326325a1,326325,"[1,1,1,-183,756]",3,2
326325a2,326325,"[1,1,1,292,4556]",3,2
326559a1,326559,"[0,-1,1,-15,677]",3,1
326595a1,326595,"[0,-1,1,-136,-258]",3,1
326699a1,326699,"[0,-1,1,-6,30]",3,1
326706a1,326706,"[1,1,0,-3479,77541]",3,1
326758a1,326758,"[1,-1,0,452,-2480]",3,1
326800c1,326800,"[0,1,0,-6208,187188]",3,1
326837a1,326837,"[0,1,1,-68,78]",3,1
326876a1,326876,"[0,0,0,-4057,124825]",3,1
326913b1,326913,"[0,1,1,-4032,97220]",3,1
326920a1,326920,"[0,0,0,-103,202]",3,1
326953a1,326953,"[0,0,1,-367,2886]",3,1
326975c1,326975,"[1,-1,1,-4105,85272]",3,2
326975c2,326975,"[1,-1,1,-19230,-943228]",3,4
326975c3,326975,"[1,-1,1,20645,-4372478]",3,2
326975c4,326975,"[1,-1,1,-301105,-63519478]",3,2
327016a1,327016,"[0,-1,0,-545,4981]",3,1
327140a1,327140,"[0,0,0,-52468,4625233]",3,1
327204a1,327204,"[0,0,0,-552,5065]",3,1
327360c1,327360,"[0,-1,0,-261,-1419]",3,2
327360c2,327360,"[0,-1,0,-881,8625]",3,2
327525a1,327525,"[0,-1,1,-808,-1332]",3,1
327694a1,327694,"[1,0,1,-91,-330]",3,1
327710a1,327710,"[1,0,0,-601,-1095]",3,1
327824g1,327824,"[0,-1,0,-448,3584]",3,1
327876a1,327876,"[0,-1,0,355,7566]",3,1
327942a1,327942,"[1,-1,0,-45,9]",3,1
327959a1,327959,"[0,1,1,-46,2]",3,1
328016a1,328016,"[0,0,0,101,-12374]",3,1
328016k1,328016,"[0,0,0,-50339,4346994]",3,1
328041a1,328041,"[0,0,1,-2679,53070]",3,1
328060a1,328060,"[0,0,0,-2008,34468]",3,1
328159a1,328159,"[0,1,1,62,-1258]",3,1
328170c1,328170,"[1,0,1,-434,7832]",3,1
328214a1,328214,"[1,0,1,133,-1386]",3,1
328445a1,328445,"[0,-1,1,-131906,18483402]",3,1
328450i1,328450,"[1,0,0,62,1092]",3,1
328475a1,328475,"[0,1,1,-1058,12894]",3,1
328488a1,328488,"[0,1,0,-497,531]",3,1
328512d1,328512,"[0,-1,0,-225,801]",3,1
328512o1,328512,"[0,-1,0,-30593,2068353]",3,1
328512o2,328512,"[0,-1,0,-105473,-10878975]",3,1
328525b1,328525,"[0,-1,1,-883,9793]",3,1
328550a1,328550,"[1,1,0,-1375,-2875]",3,1
328582a1,328582,"[1,1,0,-23,49]",3,1
328640b1,328640,"[0,1,0,-1021,11715]",3,2
328640b2,328640,"[0,1,0,559,46159]",3,2
328681a1,328681,"[0,0,1,-6473,200450]",3,1
328745b1,328745,"[1,1,1,350,-2208]",3,1
328748a1,328748,"[0,1,0,-362,2761]",3,1
328882c1,328882,"[1,-1,0,-3233,70665]",3,2
328882c2,328882,"[1,-1,0,-343,190311]",3,2
328885a1,328885,"[0,0,1,-157,312]",3,1
328887a1,328887,"[0,0,1,-2109,37480]",3,1
328953a1,328953,"[1,0,0,-759,7974]",3,1
329012a1,329012,"[0,0,0,-175,918]",3,1
329034f1,329034,"[1,0,1,-187640,35980742]",3,1
329139a1,329139,"[0,0,1,42,225]",3,1
329152g1,329152,"[0,1,0,139,283]",3,1
329180a1,329180,"[0,0,0,-217,1849]",3,1
329286b1,329286,"[1,0,0,-600,576]",3,1
329294b1,329294,"[1,0,1,38203,-12725904]",3,1
329358b1,329358,"[1,0,1,158,26084]",3,1
329427a1,329427,"[0,0,1,-441,5402]",3,1
329430g1,329430,"[1,1,0,-282,576]",3,1
329614b1,329614,"[1,1,0,-3486,-80456]",3,1
329630a1,329630,"[1,0,1,-284,2046]",3,1
329633a1,329633,"[0,-1,1,-509,3744]",3,1
329658g1,329658,"[1,0,1,-114787,18411614]",3,2
329658g2,329658,"[1,0,1,-1951867,1049380910]",3,2
329681a1,329681,"[0,0,1,-499,52782]",3,1
329742a1,329742,"[1,-1,0,-84,144]",3,1
329742b1,329742,"[1,-1,0,-12978,571536]",3,1
329771a1,329771,"[0,-1,1,-512,6630]",3,1
329778b1,329778,"[1,-1,0,-12978,217904]",3,1
329780c1,329780,"[0,-1,0,-781,8825]",3,1
329800a1,329800,"[0,1,0,-273,883]",3,1
329846m1,329846,"[1,0,0,-35032,-2447136]",3,1
329846m2,329846,"[1,0,0,-404687,98275321]",3,1
329888a1,329888,"[0,0,0,-169,676]",3,1
329904b1,329904,"[0,0,0,-1899,31914]",3,1
329976a1,329976,"[0,0,0,-348,2484]",3,1
330039a1,330039,"[0,0,1,-111,130]",3,1
330565a1,330565,"[0,0,1,-112,-435]",3,1
330624b1,330624,"[0,0,0,-612,5840]",3,1
330644a1,330644,"[0,1,0,-61,156]",3,1
330688a1,330688,"[0,1,0,-305,1999]",3,1
330709a1,330709,"[0,1,1,-938,10758]",3,1
330720a1,330720,"[0,-1,0,-4566,120276]",3,2
330720a2,330720,"[0,-1,0,-4161,142065]",3,2
330804a1,330804,"[0,0,0,-144,36]",3,1
330968a1,330968,"[0,1,0,-89,331]",3,1
330980b1,330980,"[0,0,0,-26857,1697569]",3,1
331060a1,331060,"[0,1,0,-66,145]",3,1
331144a1,331144,"[0,1,0,116,240]",3,1
331218a1,331218,"[1,-1,0,279,1053]",3,1
331231a1,331231,"[1,0,0,-12,31]",3,1
331242a1,331242,"[1,1,0,-36,36]",3,1
331242k1,331242,"[1,0,0,-9565,76721]",3,1
331307c1,331307,"[0,0,1,-10,30]",3,1
331374d1,331374,"[1,1,1,-2027,34265]",3,1
331376a1,331376,"[0,1,0,-2792,56884]",3,1
331452b1,331452,"[0,0,0,-2997,62325]",3,1
331453b1,331453,"[0,-1,1,-1,133]",3,1
331455b1,331455,"[0,1,1,144,12656]",3,1
331482a1,331482,"[1,1,0,-33986,2397456]",3,1
331551d1,331551,"[1,-1,1,-1469,22204]",3,1
331557a1,331557,"[0,-1,1,-531,4898]",3,1
331661a1,331661,"[0,1,1,-766,7904]",3,1
331690b1,331690,"[1,-1,0,-28415,1850681]",3,2
331690b2,331690,"[1,-1,0,-29665,1679931]",3,2
331797a1,331797,"[0,1,1,-324,2126]",3,1
331826b1,331826,"[1,0,0,-13169,233065]",3,1
331905e1,331905,"[1,1,1,-511,3764]",3,2
331905e2,331905,"[1,1,1,714,20424]",3,2
331918a1,331918,"[1,-1,1,-4674,41537]",3,1
331953a1,331953,"[0,1,1,-22,142]",3,1
332005a1,332005,"[0,-1,1,-86,336]",3,1
332006b1,332006,"[1,0,0,-799,8409]",3,1
332022a1,332022,"[1,1,0,48,180]",3,1
332050a1,332050,"[1,0,1,-3626,83148]",3,2
332050a2,332050,"[1,0,1,-6126,-46852]",3,2
332075a1,332075,"[0,1,1,-6258,395394]",3,1
332217a1,332217,"[0,0,1,-1029,12712]",3,1
332227a1,332227,"[0,1,1,-1302,17880]",3,1
332237a1,332237,"[1,0,0,-240,1411]",3,1
332258h1,332258,"[1,-1,1,-39066,2982105]",3,1
332267a1,332267,"[0,1,1,5390,3715410]",3,1
332267b1,332267,"[0,0,1,-256,1617]",3,1
332328a1,332328,"[0,-1,0,-3145,71581]",3,1
332376a1,332376,"[0,-1,0,-1017,12861]",3,1
332382b1,332382,"[1,1,0,-865,9433]",3,1
332498a1,332498,"[1,0,1,-1707,26994]",3,1
332505a1,332505,"[0,0,1,-153,704]",3,1
332511a1,332511,"[0,1,1,-33322,2624830]",3,1
332517b1,332517,"[0,1,1,-494,4058]",3,1
332517c1,332517,"[1,1,1,-122,470]",3,1
332686a1,332686,"[1,-1,0,-6764,221904]",3,1
332709a1,332709,"[0,-1,1,-59714,5636354]",3,1
332759a1,332759,"[1,0,0,-2941,60402]",3,1
332766u1,332766,"[1,-1,1,-33602,2200385]",3,2
332766u2,332766,"[1,-1,1,-114242,-12314815]",3,2
332780c1,332780,"[0,1,0,-225,1000]",3,1
332842b1,332842,"[1,1,0,-64,236]",3,1
332992b1,332992,"[0,0,0,-220,1936]",3,1
333019a1,333019,"[1,-1,1,-54,162]",3,1
333032a1,333032,"[0,1,0,-1072,15549]",3,1
333111a1,333111,"[0,1,1,-2650,65770]",3,1
333111b1,333111,"[0,1,1,16986726,30857100518]",3,1
333111c1,333111,"[0,1,1,-344,2396]",3,1
333210e1,333210,"[1,1,1,1914,145539]",3,1
333222c1,333222,"[1,0,1,-63362,6138776]",3,1
333225d1,333225,"[1,-1,1,1345,-4678]",3,1
333309a1,333309,"[1,1,1,-483,3882]",3,1
333322b1,333322,"[1,-1,1,-2898,60753]",3,1
333322c1,333322,"[1,1,1,-28782,-1186133]",3,1
333331a1,333331,"[0,1,1,-317,2070]",3,1
333339a1,333339,"[1,0,0,-3002,81519]",3,1
333350p1,333350,"[1,0,0,-45213,3706417]",3,1
333399a1,333399,"[0,-1,1,-192,-100]",3,1
333399c1,333399,"[0,1,1,-24706,1472842]",3,1
333420a1,333420,"[0,-1,0,-501,4401]",3,1
333445b1,333445,"[1,-1,1,-132,15264]",3,1
333472c1,333472,"[0,0,0,-584,-976]",3,1
333552a1,333552,"[0,-1,0,-1200,16416]",3,1
333567a1,333567,"[0,0,1,-309,-1638]",3,1
333567h1,333567,"[0,0,1,-498,4277]",3,1
333684c1,333684,"[0,0,0,-1416,10865]",3,2
333684c2,333684,"[0,0,0,-19551,1051814]",3,2
333738c1,333738,"[1,-1,0,57,-1091]",3,1
333754a1,333754,"[1,0,1,-992,11934]",3,1
333783a1,333783,"[0,0,1,-219,-1170]",3,1
333792a1,333792,"[0,0,0,-117,5660]",3,2
333792a2,333792,"[0,0,0,-5532,157280]",3,2
333826d1,333826,"[1,-1,1,-444,639]",3,1
333928d1,333928,"[0,-1,0,-12636,550852]",3,1
334041a1,334041,"[0,1,1,-37338,2764586]",3,1
334047a1,334047,"[1,1,1,-5950,175166]",3,1
334112g1,334112,"[0,0,0,-17816,-796336]",3,1
334145a1,334145,"[0,-1,1,-1526,8982]",3,1
334145c1,334145,"[0,0,1,-598,5628]",3,1
334209a1,334209,"[0,-1,1,-124,594]",3,1
334232a1,334232,"[0,1,0,48,304]",3,1
334350b1,334350,"[1,-1,0,-11142,456516]",3,1
334374a1,334374,"[1,1,0,-192,960]",3,1
334374c1,334374,"[1,0,1,198,3016]",3,1
334486c1,334486,"[1,0,1,-359273,82856620]",3,1
334496a1,334496,"[0,1,0,15,319]",3,1
334532a1,334532,"[0,0,0,-631,6574]",3,1
334704i1,334704,"[0,1,0,-4432,99284]",3,1
334710i1,334710,"[1,-1,0,-13554,614628]",3,1
334731a1,334731,"[1,0,0,-67582,6756401]",3,1
334774b1,334774,"[1,0,0,-189,1009]",3,1
334806a1,334806,"[1,0,1,-273,1672]",3,1
334836a1,334836,"[0,0,0,-2397,45245]",3,1
334894b1,334894,"[1,-1,1,-27234,1748577]",3,1
334904a1,334904,"[0,0,0,13,35]",3,1
334914c1,334914,"[1,1,1,-124,605]",3,1
335005a1,335005,"[1,1,1,-31,78]",3,1
335038a1,335038,"[1,-1,0,-472,5932]",3,1
335038b1,335038,"[1,1,0,11214,865204]",3,1
335100a1,335100,"[0,-1,0,-233,1362]",3,1
335184o1,335184,"[0,1,0,-2632,50756]",3,1
335235a1,335235,"[0,-1,1,-106,306]",3,1
335573a1,335573,"[1,0,0,-126,529]",3,1
335606a1,335606,"[1,1,1,-197,1995]",3,1
335688a1,335688,"[0,-1,0,-339,2520]",3,1
335744a1,335744,"[0,1,0,-77,2059]",3,1
335776a1,335776,"[0,0,0,-556,5056]",3,1
335776d1,335776,"[0,-1,0,-41105,3309601]",3,1
335823b1,335823,"[0,-1,1,-707,-6193]",3,1
335862m1,335862,"[1,-1,1,-137,585]",3,1
335967b1,335967,"[0,-1,1,-4651,123408]",3,1
336063f1,336063,"[0,-1,1,-229,1419]",3,1
336099a1,336099,"[0,-1,1,-90,332]",3,1
336128e1,336128,"[0,-1,0,-4267,108719]",3,1
336207a1,336207,"[1,0,0,-2527,48686]",3,1
336222a1,336222,"[1,-1,0,-468,8464]",3,1
336245a1,336245,"[0,1,1,104,7760]",3,1
336335b1,336335,"[1,0,0,-1956,37811]",3,1
336413b1,336413,"[0,-1,1,-551922,158324010]",3,1
336478a1,336478,"[1,-1,0,17,25]",3,1
336479a1,336479,"[0,-1,1,-342,2550]",3,1
336492a1,336492,"[0,0,0,-309,1901]",3,1
336492c1,336492,"[0,0,0,-14673,-522871]",3,1
336497a1,336497,"[1,0,0,-112,441]",3,1
336498h1,336498,"[1,1,1,-387,5217]",3,1
336517a1,336517,"[1,1,1,-69,190]",3,1
336699b1,336699,"[1,-1,1,-6866,220682]",3,1
336704a1,336704,"[0,1,0,-77,211]",3,1
336744a1,336744,"[0,0,0,-16092,785700]",3,1
336745a1,336745,"[1,-1,1,-897,-9504]",3,1
336822a1,336822,"[1,1,0,-881,1749]",3,2
336822a2,336822,"[1,1,0,3439,18165]",3,2
336897a1,336897,"[0,0,1,-69,380]",3,1
336922d1,336922,"[1,0,0,-7272,238144]",3,1
336983a1,336983,"[1,0,0,-48,121]",3,1
337061a1,337061,"[1,-1,1,-5578,154700]",3,1
337086a1,337086,"[1,-1,0,9,2461]",3,1
337086b1,337086,"[1,-1,0,-10710,429304]",3,1
337100b1,337100,"[0,0,0,-5,125]",3,1
337180c1,337180,"[0,-1,0,-27205,1736150]",3,1
337237a1,337237,"[1,1,0,-21,676]",3,1
337239a1,337239,"[1,-1,1,79,182]",3,1
337284a1,337284,"[0,0,0,-81,225]",3,1
337364b1,337364,"[0,-1,0,-8020,-180664]",3,1
337395a1,337395,"[0,-1,1,-186,-754]",3,1
337482a1,337482,"[1,-1,0,-3048,65600]",3,1
337536d1,337536,"[0,0,0,-516,-2864]",3,1
337578a1,337578,"[1,0,1,-819,8938]",3,1
337600b1,337600,"[0,0,0,-22300,1282000]",3,1
337600ba1,337600,"[0,-1,0,47,977]",3,1
337600bf1,337600,"[0,-1,0,-313,2297]",3,1
337617a1,337617,"[0,0,1,-531,4420]",3,1
337645a1,337645,"[0,1,1,-3696,85860]",3,1
337683b1,337683,"[1,1,1,-311,1982]",3,1
337728b1,337728,"[0,-1,0,-57,441]",3,1
337728bc1,337728,"[0,1,0,-17,2319]",3,1
337776g1,337776,"[0,1,0,-25224,1755252]",3,1
337821b1,337821,"[0,-1,1,-192565,32605707]",3,1
337886a1,337886,"[1,-1,1,-141,-75]",3,1
337898a1,337898,"[1,-1,1,-5109,130317]",3,1
337938h1,337938,"[1,0,0,-2997,6561]",3,1
337942a1,337942,"[1,1,1,43,315]",3,1
337952a1,337952,"[0,-1,0,118,-236]",3,1
337990e1,337990,"[1,1,0,-2547,64009]",3,1
338032a1,338032,"[0,-1,0,2160,-48704]",3,1
338070b1,338070,"[1,1,0,633,4869]",3,1
338136h1,338136,"[0,1,0,-334084,74036480]",3,2
338136h2,338136,"[0,1,0,-202864,132928016]",3,2
338146a1,338146,"[1,-1,0,38,-140]",3,1
338146b1,338146,"[1,1,0,-1267,16865]",3,1
338175a1,338175,"[1,-1,1,160,-1538]",3,1
338282a1,338282,"[1,0,1,-18,2]",3,1
338328a1,338328,"[0,0,0,1977,40426]",3,1
338358b1,338358,"[1,0,1,-428,3422]",3,1
338424a1,338424,"[0,-1,0,-38512,2921869]",3,1
338440a1,338440,"[0,1,0,-200,-527]",3,1
338478a1,338478,"[1,1,0,-714,7056]",3,1
338509a1,338509,"[0,-1,1,66,276]",3,1
338575a1,338575,"[0,0,1,-1075,13656]",3,1
338600a1,338600,"[0,0,0,-2050,35725]",3,1
338600c1,338600,"[0,-1,0,-83,-188]",3,1
338600d1,338600,"[0,-1,0,-2708,51412]",3,1
338706d1,338706,"[1,-1,0,-129,1661]",3,1
338718d1,338718,"[1,1,1,-70,1091]",3,1
338728d1,338728,"[0,0,0,-38,81]",3,1
338769a1,338769,"[1,-1,1,31,42]",3,1
338782c1,338782,"[1,-1,1,891,17277]",3,1
338840a1,338840,"[0,0,0,-247,739]",3,1
338856a1,338856,"[0,-1,0,-644,6468]",3,2
338856a2,338856,"[0,-1,0,-224,14364]",3,2
338864a1,338864,"[0,0,0,-91,106]",3,1
338910c1,338910,"[1,1,0,-5228,144732]",3,2
338910c2,338910,"[1,1,0,-83878,9315322]",3,2
338919a1,338919,"[0,1,1,-162,830]",3,1
338932a1,338932,"[0,0,0,-37,205]",3,1
338938a1,338938,"[1,1,1,281,21021]",3,1
338982f1,338982,"[1,0,1,-2133,37972]",3,1
338990b1,338990,"[1,-1,1,-453,3837]",3,1
339063a1,339063,"[0,-1,1,-32,62]",3,1
339216a1,339216,"[0,-1,0,-33792,2451456]",3,1
339298a1,339298,"[1,-1,1,42,1253]",3,1
339325a1,339325,"[0,0,1,-1225,15006]",3,1
339328g1,339328,"[0,1,0,33,121]",3,1
339342c1,339342,"[1,0,1,-97039,11626370]",3,1
339517a1,339517,"[0,0,1,-40,93]",3,1
339640a1,339640,"[0,0,0,-388,2788]",3,1
339678a1,339678,"[1,-1,0,-543,5009]",3,1
339678b1,339678,"[1,-1,0,297,-1571]",3,1
339762b1,339762,"[1,1,0,17,289]",3,1
339815a1,339815,"[0,0,1,-10297,1773420]",3,1
339888w1,339888,"[0,1,0,-2144,36036]",3,2
339888w2,339888,"[0,1,0,1096,138420]",3,2
339912a1,339912,"[0,0,0,-876,12436]",3,1
339977a1,339977,"[0,0,1,-697,4206]",3,1
340014d1,340014,"[1,1,1,-7897,266855]",3,1
340150a1,340150,"[1,0,1,-376,-2352]",3,1
340150g1,340150,"[1,0,0,-608,5632]",3,1
340211a1,340211,"[1,1,1,-515,4284]",3,1
340296b1,340296,"[0,1,0,-2025,37179]",3,1
340365c1,340365,"[0,1,1,-556,5656]",3,1
340416b1,340416,"[0,0,0,-84,736]",3,1
340433b1,340433,"[1,1,1,-441,-3718]",3,1
340451a1,340451,"[1,0,0,-21,-26]",3,1
340485a1,340485,"[0,-1,1,-156,812]",3,1
340678a1,340678,"[1,0,0,-625,9321]",3,1
340688b1,340688,"[0,1,0,-208,660]",3,1
341100a1,341100,"[0,0,0,-4200,104625]",3,1
341117a1,341117,"[0,0,1,86,420]",3,1
341185b1,341185,"[1,0,0,-131,520]",3,2
341185b2,341185,"[1,0,0,-456,-3185]",3,2
341185c1,341185,"[1,-1,1,-88,242]",3,2
341185c2,341185,"[1,-1,1,237,1412]",3,2
341271a1,341271,"[1,-1,1,-6179,188304]",3,1
341280a1,341280,"[0,0,0,-588,5888]",3,1
341431a1,341431,"[1,0,0,-29,64]",3,1
341481a1,341481,"[0,-1,1,-800,9302]",3,1
341591a1,341591,"[0,1,1,54,12]",3,1
341757a1,341757,"[1,-1,1,-146,432]",3,2
341757a2,341757,"[1,-1,1,-2051,36246]",3,2
341799a1,341799,"[0,-1,1,-134,-364]",3,1
341799b1,341799,"[0,-1,1,-1305,18587]",3,1
341925a1,341925,"[0,-1,1,-2008,35418]",3,1
342012d1,342012,"[0,1,0,-3762,88209]",3,1
342050d1,342050,"[1,-1,1,-8700,315327]",3,1
342091b1,342091,"[0,0,1,-1762,28536]",3,1
342139c1,342139,"[0,0,1,-40,-63]",3,1
342144a1,342144,"[0,0,0,-324,144]",3,1
342262a1,342262,"[1,-1,0,-13,85]",3,1
342359a1,342359,"[1,0,0,-317,2146]",3,1
342376a1,342376,"[0,0,0,-92,-300]",3,1
342400a1,342400,"[0,0,0,-1300,22000]",3,1
342495a1,342495,"[0,0,1,9477,2110934]",3,1
342498f1,342498,"[1,1,1,-1665,22911]",3,1
342592b1,342592,"[0,1,0,-2529,48127]",3,1
342592c1,342592,"[0,1,0,127,1759]",3,1
342726c1,342726,"[1,0,1,-115,770]",3,1
342726c2,342726,"[1,0,1,-10870,435272]",3,1
342858a1,342858,"[1,0,1,-222,1300]",3,1
342866a1,342866,"[1,0,0,-754,7044]",3,1
342910a1,342910,"[1,-1,0,-274,2080]",3,1
342910b1,342910,"[1,1,0,-10193,-602027]",3,1
343088c1,343088,"[0,1,0,-6839,220520]",3,1
343098bh1,343098,"[1,-1,1,-8462,279325]",3,1
343101a1,343101,"[0,-1,1,-52,29412]",3,1
343104b1,343104,"[0,-1,0,-305,2001]",3,1
343142a1,343142,"[1,-1,1,-651,6555]",3,1
343216d1,343216,"[0,0,0,-3529,80691]",3,1
343226e1,343226,"[1,-1,1,-1726,243277]",3,1
343260a1,343260,"[0,0,0,-183,7918]",3,1
343291a1,343291,"[0,1,1,-312,5112]",3,1
343296q1,343296,"[0,0,0,-78,256]",3,1
343299a1,343299,"[0,-1,1,-25688862,50123295902]",3,1
343382a1,343382,"[1,1,0,-5906,178264]",3,1
343385a1,343385,"[0,1,1,14,170]",3,1
343386b1,343386,"[1,-1,1,-1436,21471]",3,1
343448c1,343448,"[0,-1,0,-540,4996]",3,1
343452a1,343452,"[0,-1,0,-157,-599]",3,1
343574a1,343574,"[1,1,0,1138,17140]",3,1
343614b1,343614,"[1,0,1,-2473,46112]",3,1
343623b1,343623,"[1,0,0,143,146]",3,1
343828a1,343828,"[0,-1,0,-69,238]",3,1
343880a1,343880,"[0,1,0,-940,6288]",3,1
343880c1,343880,"[0,0,0,-38,13]",3,1
343887a1,343887,"[1,1,1,-31,32]",3,1
343904a1,343904,"[0,0,0,-652,6400]",3,1
343904b1,343904,"[0,-1,0,-2289,17665]",3,1
343957a1,343957,"[0,0,1,169,-2378]",3,1
343957b1,343957,"[1,-1,0,-10048,386671]",3,1
343966a1,343966,"[1,0,1,-318,932]",3,1
344003b1,344003,"[1,-1,0,401,-1556]",3,1
344005a1,344005,"[1,0,0,-186,3391]",3,1
344061a1,344061,"[0,0,1,-39,40]",3,1
344079b1,344079,"[1,-1,1,-35,70]",3,1
344091a1,344091,"[1,0,0,-364,8009]",3,1
344137a1,344137,"[1,-1,1,-1929,24084]",3,1
344214a1,344214,"[1,-1,0,-42876,3442468]",3,1
344214c1,344214,"[1,-1,0,-360,3712]",3,1
344282a1,344282,"[1,-1,1,-246,1797]",3,1
344302g1,344302,"[1,-1,1,-2676,50391]",3,1
344322b1,344322,"[1,-1,0,-153,7645]",3,2
344322b2,344322,"[1,-1,0,-6813,216769]",3,2
344380b1,344380,"[0,1,0,-10790,408025]",3,1
344411a1,344411,"[1,-1,1,-9,-28]",3,1
344416a1,344416,"[0,-1,0,-582,5596]",3,1
344475b1,344475,"[1,-1,1,-3380,80372]",3,1
344496a1,344496,"[0,-1,0,-192,2016]",3,1
344496d1,344496,"[0,-1,0,24,3312]",3,1
344736g1,344736,"[0,0,0,-10764,429984]",3,1
344796c1,344796,"[0,1,0,-585,5184]",3,1
344813a1,344813,"[1,-1,1,-6306,194310]",3,1
344850c1,344850,"[1,1,0,37750,2476500]",3,2
344850c2,344850,"[1,1,0,-204250,22562500]",3,4
344850c3,344850,"[1,1,0,-2926750,1925590000]",3,2
344850c4,344850,"[1,1,0,-1353750,-590121000]",3,2
344852a1,344852,"[0,0,0,65,102]",3,1
344864a1,344864,"[0,1,0,-72,184]",3,1
344926a1,344926,"[1,0,1,-398,-2988]",3,1
344955b1,344955,"[1,1,1,-59915,5619872]",3,2
344955b2,344955,"[1,1,1,-60320,5539520]",3,4
344955b3,344955,"[1,1,1,12805,18204770]",3,4
344955b4,344955,"[1,1,1,-139925,-12260158]",3,2
344987a1,344987,"[0,-1,1,-1038,13224]",3,1
345016b1,345016,"[0,1,0,-4977,133459]",3,1
345045c1,345045,"[1,0,0,-171,-810]",3,1
345216c1,345216,"[0,-1,0,-2457,47721]",3,1
345288c1,345288,"[0,1,0,-1705,34619]",3,1
345291a1,345291,"[1,1,1,-10480,408956]",3,1
345304a1,345304,"[0,1,0,-137,859]",3,1
345366b1,345366,"[1,-1,0,-9639,370489]",3,1
345366c1,345366,"[1,-1,0,-558,6804]",3,1
345386a1,345386,"[1,0,1,-100,570]",3,1
345528a1,345528,"[0,0,0,-732,1460]",3,1
345566b1,345566,"[1,0,0,-165,1]",3,1
345729a1,345729,"[0,-1,1,-492,4412]",3,1
345856c1,345856,"[0,1,0,-519,4381]",3,2
345856c2,345856,"[0,1,0,-589,3051]",3,2
345898a1,345898,"[1,-1,0,-82,532]",3,1
345928a1,345928,"[0,1,0,-49,531]",3,1
346017a1,346017,"[0,-1,1,-50,62]",3,1
346017c1,346017,"[0,-1,1,-298408,62841084]",3,1
346040b1,346040,"[0,-1,0,-2420,136900]",3,1
346091a1,346091,"[0,-1,1,6,-30]",3,1
346091b1,346091,"[0,-1,1,-2869,60115]",3,1
346155a1,346155,"[0,-1,1,-490,3318]",3,1
346160a1,346160,"[0,0,0,-11323,463978]",3,1
346160c1,346160,"[0,-1,0,-1376,21376]",3,1
346164a1,346164,"[0,-1,0,-27970,1862161]",3,1
346164c1,346164,"[0,-1,0,-14,105]",3,1
346176a1,346176,"[0,0,0,-5964,177264]",3,1
346176b1,346176,"[0,0,0,-2604,41456]",3,1
346178a1,346178,"[1,0,1,-18,212]",3,1
346311a1,346311,"[1,-1,1,-258773,50765640]",3,1
346465a1,346465,"[1,-1,1,-34302,2453904]",3,1
346472a1,346472,"[0,0,0,-3412,76900]",3,1
346557a1,346557,"[1,1,1,-31,-58]",3,1
346664a1,346664,"[0,0,0,-436,-2204]",3,1
346746c1,346746,"[1,1,1,-1629,2355]",3,1
346778c1,346778,"[1,-1,1,-36,-9]",3,1
346801a1,346801,"[0,1,1,-222,1230]",3,1
346898a1,346898,"[1,-1,0,-29,29]",3,1
346898b1,346898,"[1,0,0,-4139,-99407]",3,1
346958a1,346958,"[1,-1,0,-43,85]",3,1
346982a1,346982,"[1,0,1,-65,372]",3,1
347016a1,347016,"[0,-1,0,-92,189]",3,1
347106q1,347106,"[1,1,1,-51934,3607835]",3,2
347106q2,347106,"[1,1,1,-264414,-49257189]",3,2
347113a1,347113,"[0,-1,1,-42,42]",3,1
347157b1,347157,"[0,0,1,-1389,17532]",3,1
347184f1,347184,"[0,0,0,-2568,50924]",3,1
347185c1,347185,"[0,1,1,-2305,41834]",3,1
347212b1,347212,"[0,0,0,103,185]",3,1
347232g1,347232,"[0,1,0,-5217,120591]",3,1
347301a1,347301,"[1,-1,1,-10559,1277614]",3,1
347328a1,347328,"[0,0,0,-252,-720]",3,1
347334d1,347334,"[1,0,1,-200902,34617800]",3,2
347334d2,347334,"[1,0,1,-157162,50119256]",3,2
347345b1,347345,"[0,1,1,-2241,40101]",3,1
347382a1,347382,"[1,-1,0,-13518,608404]",3,1
347385a1,347385,"[0,-1,1,-331,1806]",3,1
347426a1,347426,"[1,1,0,-382,2720]",3,1
347452a1,347452,"[0,0,0,-241,985]",3,1
347461a1,347461,"[1,-1,1,48,30]",3,1
347485a1,347485,"[1,1,1,-250,1242]",3,1
347700e1,347700,"[0,-1,0,-4733,126462]",3,2
347700e2,347700,"[0,-1,0,-7108,-11288]",3,2
347702a1,347702,"[1,1,0,-3999,95689]",3,1
347792a1,347792,"[0,1,0,-44,-20]",3,1
347792f1,347792,"[0,0,0,-47,-50]",3,1
347870b1,347870,"[1,-1,0,-590,-4844]",3,2
347870b2,347870,"[1,-1,0,-9190,-336804]",3,2
347884a1,347884,"[0,1,0,-37,231]",3,1
347913f1,347913,"[0,0,1,-114,380]",3,1
347937b1,347937,"[0,1,1,13,50]",3,1
348090a1,348090,"[1,1,0,-148,652]",3,1
348140a1,348140,"[0,-1,0,-5126,141985]",3,1
348190a1,348190,"[1,1,0,-367,3221]",3,1
348198b1,348198,"[1,0,1,-160,842]",3,1
348202a1,348202,"[1,0,1,-75,182]",3,1
348216e1,348216,"[0,1,0,-3740,75504]",3,1
348240e1,348240,"[0,-1,0,-2760,57600]",3,1
348294a1,348294,"[1,1,0,-1784,28224]",3,1
348342e1,348342,"[1,0,1,-1432,-2584]",3,1
348342g1,348342,"[1,0,0,-5125,139841]",3,1
348378a1,348378,"[1,1,0,-1956,49104]",3,1
348397a1,348397,"[0,-1,1,-49588,4267600]",3,1
348426a1,348426,"[1,-1,0,-234,2704]",3,1
348443a1,348443,"[0,0,1,-31,72]",3,1
348514b1,348514,"[1,0,0,-361,2649]",3,1
348544a1,348544,"[0,1,0,23,231]",3,1
348555a1,348555,"[0,-1,1,-760,28248]",3,1
348585a1,348585,"[1,0,0,-28356,1835145]",3,1
348608a1,348608,"[0,0,0,68,400]",3,1
348608f1,348608,"[0,-1,0,-4529,141745]",3,1
348688a1,348688,"[0,0,0,-787,13810]",3,1
348910d1,348910,"[1,-1,0,-575,4761]",3,2
348910d2,348910,"[1,-1,0,-2425,-40749]",3,2
348939a1,348939,"[1,-1,1,-38,280]",3,1
348958a1,348958,"[1,1,0,-258,1156]",3,1
348969a1,348969,"[1,0,0,-38918,2951895]",3,1
349018a1,349018,"[1,1,1,-93,-365]",3,1
349024b1,349024,"[0,0,0,-1244,7616]",3,1
349026a1,349026,"[1,1,0,-322,-2180]",3,1
349026c1,349026,"[1,1,1,-1784,28217]",3,1
349066a1,349066,"[1,-1,0,-148,736]",3,1
349181a1,349181,"[0,0,1,-187,1116]",3,1
349346a1,349346,"[1,1,0,-62,160]",3,1
349386c1,349386,"[1,0,0,-2850,64836]",3,1
349398c1,349398,"[1,-1,0,972,19840]",3,2
349398c2,349398,"[1,-1,0,-7848,222700]",3,4
349398c3,349398,"[1,-1,0,-119358,15901006]",3,2
349398c4,349398,"[1,-1,0,-37458,-2578406]",3,2
349421b1,349421,"[0,1,1,-51,-156]",3,1
349503b1,349503,"[0,1,1,-2870,64430]",3,1
349554e1,349554,"[1,0,1,-88137,11937484]",3,1
349612a1,349612,"[0,1,0,-69,295]",3,1
349622e1,349622,"[1,0,0,-28900,1706256]",3,2
349622e2,349622,"[1,0,0,37660,8428816]",3,2
349633a1,349633,"[1,0,0,-11,-188]",3,1
349633b1,349633,"[0,1,1,-3250090,2254148825]",3,1
349636a1,349636,"[0,1,0,-70,249]",3,1
349695b1,349695,"[0,0,1,-18,-2402]",3,1
349725b1,349725,"[1,1,1,-73,-244]",3,1
349885a1,349885,"[0,-1,1,-341,2631]",3,1
349912a1,349912,"[0,-1,0,-167,676]",3,1
349954a1,349954,"[1,-1,0,-653,8869]",3,1
350010a1,350010,"[1,-1,0,-30,176]",3,1
350050b1,350050,"[1,-1,0,-212,1296]",3,1
350108b1,350108,"[0,0,0,-71,-34]",3,1
350110b1,350110,"[1,-1,0,-6170,191096]",3,1
350315c1,350315,"[1,0,0,-81,520]",3,1
350382a1,350382,"[1,1,0,-4327,107665]",3,1
350496c1,350496,"[0,0,0,-129,844]",3,1
350506a1,350506,"[1,0,1,-212,210]",3,2
350506a2,350506,"[1,0,1,828,1874]",3,2
350626a1,350626,"[1,0,0,-576,5632]",3,1
350640a1,350640,"[0,0,0,-1443,17858]",3,1
350772c1,350772,"[0,1,0,-6785,212424]",3,1
350847a1,350847,"[0,0,1,3039,36400]",3,1
350901c1,350901,"[0,0,1,-8184,-192438]",3,1
351052b1,351052,"[0,-1,0,-172,344]",3,1
351070a1,351070,"[1,1,0,-53,-143]",3,1
351080a1,351080,"[0,0,0,92,2932]",3,1
351115a1,351115,"[0,1,1,150,156]",3,1
351124a1,351124,"[0,0,0,-28,1]",3,1
351142b1,351142,"[1,1,0,-79,-271]",3,1
351246a1,351246,"[1,1,0,-357,2205]",3,1
351290c1,351290,"[1,0,0,-1170,14212]",3,1
351320a1,351320,"[0,1,0,100,4048]",3,1
351350a1,351350,"[1,0,1,-201,1148]",3,1
351366a1,351366,"[1,1,0,-29,81]",3,1
351370a1,351370,"[1,0,1,-7909,276432]",3,1
351536c1,351536,"[0,1,0,-4192,102996]",3,1
351571a1,351571,"[1,0,0,-99,484]",3,1
351578a1,351578,"[1,-1,0,-170,1304]",3,1
351615b1,351615,"[0,-1,1,-5070,139988]",3,1
351657a1,351657,"[0,0,1,-14241,654376]",3,1
351808m1,351808,"[0,-1,0,-585,5641]",3,1
351846b1,351846,"[1,-1,0,-1206,15876]",3,1
351870b1,351870,"[1,1,0,-5217,177669]",3,1
351888b1,351888,"[0,1,0,-1024,14996]",3,1
351942a1,351942,"[1,0,1,-9367,350330]",3,1
351978b1,351978,"[1,1,0,-876,9504]",3,1
352121a1,352121,"[0,0,1,-398677,96956226]",3,1
352215a1,352215,"[1,-1,1,-1028,-9044]",3,1
352251b1,352251,"[1,-1,1,25,0]",3,1
352253a1,352253,"[0,0,1,8,-159]",3,1
352294b1,352294,"[1,-1,1,33,135]",3,1
352394a1,352394,"[1,0,1,612,5402]",3,1
352464a1,352464,"[0,-1,0,-1904,32928]",3,1
352491a1,352491,"[1,0,0,-134,639]",3,1
352494f1,352494,"[1,-1,1,-1469,21637]",3,1
352521b1,352521,"[1,-1,1,19,-2324]",3,2
352521b2,352521,"[1,-1,1,-2516,-46940]",3,2
352546a1,352546,"[1,0,1,-46,6]",3,1
352675a1,352675,"[0,1,1,-508,4244]",3,1
352702a1,352702,"[1,-1,0,-29639668,62116736464]",3,1
352702d1,352702,"[1,-1,0,-58,5256]",3,1
352710b1,352710,"[1,-1,0,-810,2916]",3,1
352730a1,352730,"[1,-1,0,-1489,9373]",3,1
352862b1,352862,"[1,1,1,-506,3975]",3,1
352935b1,352935,"[1,-1,1,-2183,48606]",3,2
352935b2,352935,"[1,-1,1,-37058,2754906]",3,2
353006a1,353006,"[1,-1,1,-111,1911]",3,1
353141a1,353141,"[0,1,1,-192,840]",3,1
353247a1,353247,"[0,-1,1,-158,692]",3,1
353425b1,353425,"[0,0,1,-950,11156]",3,1
353526a1,353526,"[1,1,0,-618,5796]",3,1
353643a1,353643,"[0,1,1,-310,20860]",3,1
353648c1,353648,"[0,0,0,-403,2914]",3,1
353679a1,353679,"[1,1,1,-204,1002]",3,1
353934be1,353934,"[1,-1,1,-5297,139745]",3,1
353938a1,353938,"[1,-1,0,2,40]",3,1
353942a1,353942,"[1,1,0,-16,56]",3,1
353955c1,353955,"[0,-1,1,-1240,18756]",3,1
353968a1,353968,"[0,1,0,36,-68]",3,1
354008e1,354008,"[0,0,0,-751,7890]",3,2
354008e2,354008,"[0,0,0,-371,15870]",3,2
354010a1,354010,"[1,1,0,-4213,103517]",3,1
354068b1,354068,"[0,1,0,-66,-47]",3,1
354074a1,354074,"[1,-1,0,-1136,14958]",3,1
354120f1,354120,"[0,-1,0,-4265,122637]",3,1
354234c1,354234,"[1,0,1,-5745,169540]",3,1
354298a1,354298,"[1,1,0,-2221,39425]",3,1
354624r1,354624,"[0,1,0,-5009,134607]",3,1
354663a1,354663,"[0,0,1,-3072,71698]",3,1
354709a1,354709,"[0,0,1,-37,-82]",3,1
354752f1,354752,"[0,-1,0,-65,961]",3,1
354752k1,354752,"[0,-1,0,-8353,308513]",3,1
354752k2,354752,"[0,-1,0,43167,751585]",3,1
354800a1,354800,"[0,0,0,5,1450]",3,1
354830a1,354830,"[1,-1,0,-3379,304153]",3,1
354870b1,354870,"[1,-1,0,-1374,21968]",3,1
354984a1,354984,"[0,-1,0,28,1956]",3,1
354999a1,354999,"[1,1,1,19,1280]",3,1
355060a1,355060,"[0,-1,0,-1900,35000]",3,1
355089a1,355089,"[1,1,1,-12985,564086]",3,2
355089a2,355089,"[1,1,1,-12250,631706]",3,2
355152h1,355152,"[0,-1,0,-1584,24480]",3,1
355192a1,355192,"[0,1,0,-297,2059]",3,1
355224i1,355224,"[0,1,0,-151740,22756464]",3,1
355230h1,355230,"[1,-1,1,-13838,626717]",3,1
355326e1,355326,"[1,0,1,-562,-3976]",3,1
355334a1,355334,"[1,0,1,-400,3042]",3,1
355338a1,355338,"[1,-1,0,-186,-604]",3,1
355347b1,355347,"[1,-1,1,-497,4420]",3,1
355392a1,355392,"[0,0,0,-1884,23024]",3,1
355419d1,355419,"[1,-1,1,-308,2170]",3,1
355429a1,355429,"[1,0,0,9,-26]",3,1
355605a1,355605,"[0,-1,1,-10860,439256]",3,1
355696h1,355696,"[0,0,0,-16283,714074]",3,1
355779a1,355779,"[0,0,1,81,722]",3,1
355838e1,355838,"[1,0,0,-2402,-34364]",3,1
355845a1,355845,"[0,-1,1,174,416]",3,1
355900a1,355900,"[0,0,0,-5800,170500]",3,1
355923a1,355923,"[1,-1,1,-275,1640]",3,1
355928a1,355928,"[0,1,0,5,42]",3,1
356003a1,356003,"[0,1,1,-128,546]",3,1
356064c1,356064,"[0,1,0,-6654,208800]",3,1
356070c1,356070,"[1,1,0,-12107,632601]",3,1
356112b1,356112,"[0,0,0,-1371,20810]",3,1
356224b1,356224,"[0,1,0,-74697,-7591289]",3,1
356224q1,356224,"[0,0,0,-308,-1936]",3,1
356241a1,356241,"[1,1,1,-55,26]",3,1
356272a1,356272,"[0,1,0,-2920,60804]",3,1
356274a1,356274,"[1,-1,0,-576,5616]",3,1
356278b1,356278,"[1,0,0,-5609,162649]",3,1
356279a1,356279,"[1,0,0,-2206,39969]",3,1
356286a1,356286,"[1,1,0,-9614,375984]",3,1
356322c1,356322,"[1,0,0,-1312,11264]",3,1
356346e1,356346,"[1,-1,1,-2489,48089]",3,1
356376b1,356376,"[0,1,0,-4489,120827]",3,1
356408a1,356408,"[0,1,0,-384,1285]",3,1
356524b1,356524,"[0,1,0,-261,1588]",3,1
356542a1,356542,"[1,0,0,-3833,91129]",3,1
356547b1,356547,"[0,1,1,-5439,144101]",3,1
356550b1,356550,"[1,1,0,-160,700]",3,1
356590d1,356590,"[1,0,1,-2708,61518]",3,3
356590d2,356590,"[1,0,1,18417,-259582]",3,1
356606a1,356606,"[1,0,1,-152,-1626]",3,1
356606b1,356606,"[1,-1,1,-4983,-119217]",3,1
356677b1,356677,"[0,-1,1,-1058,10680]",3,1
356736a1,356736,"[0,-1,0,-87,351]",3,1
356802a1,356802,"[1,0,0,-8270,292356]",3,1
356844a1,356844,"[0,-1,0,1476,-47880]",3,1
356870a1,356870,"[1,-1,0,155,1621]",3,1
356960b1,356960,"[0,1,0,-1910,31900]",3,1
356970e1,356970,"[1,0,1,-2448,78778]",3,1
357024d1,357024,"[0,1,0,-1409,13071]",3,1
357080b1,357080,"[0,1,0,-6575,204598]",3,1
357090f1,357090,"[1,1,1,-351,2949]",3,1
357165a1,357165,"[1,-1,1,-248,3422]",3,1
357184a1,357184,"[0,1,0,-289,-1473]",3,1
357208a1,357208,"[0,0,0,-244,1476]",3,1
357227a1,357227,"[0,1,1,12,28]",3,1
357238b1,357238,"[1,0,1,-1599,24470]",3,1
357246a1,357246,"[1,-1,0,-72306,7514068]",3,1
357258a1,357258,"[1,1,0,-447,3465]",3,1
357259a1,357259,"[0,-1,1,-156,888]",3,1
357398a1,357398,"[1,0,1,-90,12]",3,1
357441a1,357441,"[0,-1,1,-4114,102954]",3,1
357540a1,357540,"[0,-1,0,-6,225]",3,1
357562a1,357562,"[1,0,0,-67,129]",3,1
357618c1,357618,"[1,1,1,-675,6081]",3,1
357675e1,357675,"[1,0,0,-4248,95337]",3,1
357712d1,357712,"[0,0,0,-2567,50070]",3,1
357777a1,357777,"[1,-1,1,-74,352]",3,1
357858q1,357858,"[1,-1,1,-344,4699]",3,1
357858q2,357858,"[1,-1,1,-34184,2441179]",3,1
357900a1,357900,"[0,-1,0,-948,11592]",3,1
357916a1,357916,"[0,1,0,-13,204]",3,1
357916b1,357916,"[0,0,0,-4820,128801]",3,1
357972a1,357972,"[0,1,0,-2457,46656]",3,1
357994j1,357994,"[1,0,0,-16430,819076]",3,1
358034a1,358034,"[1,0,0,-435,4321]",3,1
358034b1,358034,"[1,0,0,-34908,2511184]",3,1
358083a1,358083,"[1,-1,1,-2459,47504]",3,1
358118a1,358118,"[1,1,0,-3773,87649]",3,1
358119a1,358119,"[0,0,1,-687,6916]",3,1
358146g1,358146,"[1,-1,1,-3569,-10591]",3,1
358146h1,358146,"[1,-1,1,-674,6897]",3,1
358210b1,358210,"[1,1,0,-16923,838777]",3,1
358210c1,358210,"[1,1,0,-298,1808]",3,1
358264a1,358264,"[0,1,0,-369,2515]",3,1
358267a1,358267,"[1,-1,1,-54,144]",3,1
358360g1,358360,"[0,1,0,-4465,-19725]",3,1
358422b1,358422,"[1,1,0,24,144]",3,1
358458b1,358458,"[1,0,0,-5430,155556]",3,1
358461a1,358461,"[1,-1,1,-131,762]",3,1
358505b1,358505,"[1,1,1,-116,-216]",3,1
358538a1,358538,"[1,-1,0,-23,65]",3,1
358549a1,358549,"[0,-1,1,-52,160]",3,1
358592g1,358592,"[0,-1,0,-2761,56777]",3,1
358662v1,358662,"[1,0,0,-3277,43409]",3,1
358662v2,358662,"[1,0,0,-235117,43861169]",3,1
358752d1,358752,"[0,-1,0,-6221,190917]",3,1
358944i1,358944,"[0,1,0,-2961,60831]",3,1
358952b1,358952,"[0,-1,0,-327,2344]",3,1
359024a1,359024,"[0,0,0,-379,2986]",3,1
359026e1,359026,"[1,1,1,-35,321]",3,1
359042b1,359042,"[1,-1,1,-1093,14205]",3,1
359173a1,359173,"[0,0,1,-85,300]",3,1
359191a1,359191,"[1,1,1,-34,-18]",3,1
359262a1,359262,"[1,-1,0,-306,2196]",3,1
359304a1,359304,"[0,1,0,-6985,226619]",3,1
359344a1,359344,"[0,1,0,-24,916]",3,1
359442f1,359442,"[1,-1,1,1534,264705]",3,1
359466a1,359466,"[1,1,0,122,724]",3,1
359508a1,359508,"[0,-1,0,-29,30]",3,1
359537a1,359537,"[1,0,0,-447,3586]",3,1
359542b1,359542,"[1,-1,0,-866,10068]",3,1
359552l1,359552,"[0,-1,0,71,-55]",3,1
359586d1,359586,"[1,-1,1,-3317,74765]",3,1
359644a1,359644,"[0,-1,0,-508,4856]",3,1
359714b1,359714,"[1,0,1,-32,174]",3,1
359738a1,359738,"[1,0,1,-198,980]",3,1
359846a1,359846,"[1,0,1,-17,84]",3,1
359847a1,359847,"[1,-1,1,-284,1964]",3,1
359858f1,359858,"[1,-1,1,-3033,64185]",3,1
359952a1,359952,"[0,-1,0,-200,1296]",3,1
359952d1,359952,"[0,-1,0,3536,8128]",3,1
359974e1,359974,"[1,0,0,-1153,10761]",3,1
360012c1,360012,"[0,1,0,3,3924]",3,1
360037a1,360037,"[0,-1,1,-35,87]",3,1
360122a1,360122,"[1,-1,0,-161,893]",3,1
360134c1,360134,"[1,1,0,-191,931]",3,1
360162j1,360162,"[1,-1,0,-843,9585]",3,2
360162j2,360162,"[1,-1,0,-1353,-2961]",3,2
360202a1,360202,"[1,0,1,-113,-300]",3,1
360266a1,360266,"[1,-1,0,-104,784]",3,1
360342b1,360342,"[1,-1,1,-461,5941]",3,1
360458c1,360458,"[1,0,0,-1404,19984]",3,1
360512a1,360512,"[0,1,0,-1569,24895]",3,1
360544a1,360544,"[0,0,0,-412,3520]",3,1
360569b1,360569,"[1,-1,1,-259,1634]",3,1
360624w1,360624,"[0,1,0,248,16916]",3,1
360693a1,360693,"[0,0,1,-8703,312500]",3,1
360696h1,360696,"[0,1,0,-537,17451]",3,1
360768b1,360768,"[0,-1,0,-217,1369]",3,1
360768z1,360768,"[0,1,0,1303,27351]",3,1
360795b1,360795,"[1,1,1,-561,4908]",3,1
360847b1,360847,"[1,-1,1,-2029,35532]",3,1
360906a1,360906,"[1,1,0,-994,11956]",3,1
360932a1,360932,"[0,1,0,-40565,3151324]",3,1
361055a1,361055,"[0,0,1,7,64]",3,1
361088a1,361088,"[0,0,0,-8644,312016]",3,1
361178c1,361178,"[1,0,0,-441,3529]",3,1
361178d1,361178,"[1,0,0,-66,20932]",3,1
361188a1,361188,"[0,0,0,-19344,-994556]",3,1
361193a1,361193,"[1,0,0,-2205,38416]",3,1
361231a1,361231,"[0,0,1,1390,22040]",3,1
361322a1,361322,"[1,-1,0,-64,-116]",3,1
361322g1,361322,"[1,1,0,-24170,1432852]",3,1
361333a1,361333,"[0,0,1,29,486]",3,1
361406c1,361406,"[1,0,0,-112,384]",3,1
361416e1,361416,"[0,-1,0,-419,-3156]",3,2
361416e2,361416,"[0,-1,0,-604,100]",3,2
361598a1,361598,"[1,-1,1,-6,117]",3,1
361686d1,361686,"[1,0,1,-320,-1330]",3,1
361720a1,361720,"[0,-1,0,-1300,18500]",3,1
361722k1,361722,"[1,0,1,-787,1514]",3,1
361728a1,361728,"[0,0,0,-366,2696]",3,1
361738c1,361738,"[1,-1,1,-96,771]",3,1
361744b1,361744,"[0,1,0,-3632,83284]",3,1
361792d1,361792,"[0,0,0,-620,6224]",3,1
361816e1,361816,"[0,-1,0,-5112,142129]",3,1
361820a1,361820,"[0,0,0,1427,-9603]",3,1
361838b1,361838,"[1,1,1,-251235,48364801]",3,1
361899a1,361899,"[1,-1,1,-59,-786]",3,1
361920a1,361920,"[0,-1,0,-2501,48981]",3,2
361920a2,361920,"[0,-1,0,-2321,56145]",3,2
361937a1,361937,"[1,0,0,-214,1933]",3,1
361949a1,361949,"[1,-1,1,4293,-11970]",3,1
362112b1,362112,"[0,-1,0,-179,963]",3,2
362112b2,362112,"[0,-1,0,-409,-1751]",3,2
362112d1,362112,"[0,-1,0,-303,-1881]",3,2
362112d2,362112,"[0,-1,0,-713,4761]",3,2
362117c1,362117,"[1,-1,1,-571552,817812710]",3,1
362128e1,362128,"[0,-1,0,-520,4736]",3,1
362136g1,362136,"[0,1,0,-212,1101]",3,1
362153d1,362153,"[1,1,1,-3209,69840]",3,1
362194a1,362194,"[1,1,0,-2,40]",3,1
362194b1,362194,"[1,1,0,-31530,2141896]",3,1
362278a1,362278,"[1,1,0,-8948,317164]",3,1
362299a1,362299,"[0,0,1,-304,1932]",3,1
362341a1,362341,"[0,1,1,-1554,23238]",3,1
362585a1,362585,"[0,1,1,-96,3636]",3,1
362688a1,362688,"[0,-1,0,-621345,188722881]",3,1
362688e1,362688,"[0,-1,0,-289,2305]",3,1
362688h1,362688,"[0,-1,0,79,-783]",3,1
362731a1,362731,"[0,1,1,-2,-30]",3,1
362760b1,362760,"[0,-1,0,-1740,29412]",3,1
362881a1,362881,"[0,0,1,-884,10060]",3,1
362924a1,362924,"[0,-1,0,-29,94]",3,1
362958a1,362958,"[1,1,1,-3167,67205]",3,1
362990a1,362990,"[1,0,1,-243,5306]",3,1
363024a1,363024,"[0,0,0,-507,5690]",3,1
363026a1,363026,"[1,0,0,-524,2704]",3,1
363070b1,363070,"[1,1,0,-38,-8]",3,1
363072y1,363072,"[0,1,0,-10417,543119]",3,1
363096d1,363096,"[0,0,0,-246,1681]",3,1
363111a1,363111,"[1,1,1,-27,132]",3,1
363114b1,363114,"[1,-1,0,-18081,940333]",3,1
363114e1,363114,"[1,-1,0,-24,576]",3,1
363162a1,363162,"[1,1,0,-1382,19860]",3,1
363316a1,363316,"[0,-1,0,-382,2969]",3,1
363321b1,363321,"[1,-1,1,-2186,-34810]",3,1
363328z1,363328,"[0,0,0,-524,-464]",3,1
363378b1,363378,"[1,0,0,-2480,36096]",3,1
363410c1,363410,"[1,-1,1,-22392,1278459]",3,1
363460a1,363460,"[0,-1,0,-76,1016]",3,1
363558l1,363558,"[1,1,1,-5887,662885]",3,1
363584a1,363584,"[0,0,0,-844,9136]",3,1
363608a1,363608,"[0,1,0,503,6939]",3,1
363609a1,363609,"[0,0,1,-201,1122]",3,1
363718a1,363718,"[1,-1,1,-11262,463245]",3,1
363783a1,363783,"[0,-1,1,-6494,-101656]",3,1
364008e1,364008,"[0,1,0,-1612,23984]",3,1
364072c1,364072,"[0,-1,0,-388,2996]",3,1
364190a1,364190,"[1,-1,0,-79,553]",3,1
364205a1,364205,"[0,1,1,-800,7656]",3,1
364260a1,364260,"[0,-1,0,-2106,38025]",3,1
364280b1,364280,"[0,1,0,-3361,56835]",3,1
364310a1,364310,"[1,-1,0,-100,100]",3,1
364338a1,364338,"[1,-1,0,1902,-2476]",3,1
364395b1,364395,"[1,1,1,-14680,690650]",3,1
364416a1,364416,"[0,-1,0,-27,99]",3,1
364434g1,364434,"[1,1,1,-5690,163271]",3,1
364443a1,364443,"[1,0,0,-1464,21393]",3,1
364464a1,364464,"[0,0,0,96,3116]",3,1
364466a1,364466,"[1,0,1,-11,42]",3,1
364479a1,364479,"[1,1,1,-108,384]",3,1
364526b1,364526,"[1,0,1,-159,1778]",3,1
364623a1,364623,"[0,-1,1,-57,-1303]",3,1
364646a1,364646,"[1,-1,0,-367,2809]",3,1
364646b1,364646,"[1,1,0,-6,-224]",3,1
364658b1,364658,"[1,-1,0,-667,-5531]",3,1
364658f1,364658,"[1,1,0,-66567,6582745]",3,1
364658f2,364658,"[1,1,0,-679312,-213303040]",3,1
364707f1,364707,"[0,0,1,-504,-4300]",3,1
364713a1,364713,"[0,-1,1,-36,110]",3,1
364898a1,364898,"[1,-1,0,-173,961]",3,1
364974a1,364974,"[1,1,0,-14,564]",3,1
364992j1,364992,"[0,-1,0,-701,7149]",3,1
364992bi1,364992,"[0,1,0,-505,4679]",3,1
365088a1,365088,"[0,-1,0,-1745,28641]",3,1
365110a1,365110,"[1,0,1,-2498,-9522]",3,1
365110c1,365110,"[1,0,0,-4065,97225]",3,1
365118d1,365118,"[1,1,0,-158,744]",3,1
365118e1,365118,"[1,1,0,14332,-727536]",3,1
365300a1,365300,"[0,1,0,-2633,-17912]",3,1
365309a1,365309,"[1,1,1,-69,-200]",3,1
365364a1,365364,"[0,0,0,-1128,-8476]",3,1
365382g1,365382,"[1,-1,1,-2771,-30093]",3,1
365442a1,365442,"[1,1,0,-2426,101760]",3,2
365442a2,365442,"[1,1,0,-50936,4399746]",3,2
365442b1,365442,"[1,1,0,-1831,30325]",3,2
365442b2,365442,"[1,1,0,-29551,1943005]",3,2
365463a1,365463,"[0,0,1,-5949,176592]",3,1
365516a1,365516,"[0,-1,0,-205,1166]",3,1
365541e1,365541,"[1,0,0,-239,28590]",3,1
365594d1,365594,"[1,0,0,-1186,4932]",3,1
365655a1,365655,"[0,1,1,-1406,20306]",3,1
365670c1,365670,"[1,-1,0,-6075,188325]",3,2
365670c2,365670,"[1,-1,0,-97875,11810205]",3,2
365706a1,365706,"[1,-1,0,-8133,284309]",3,1
365727a1,365727,"[1,0,0,-294,1359]",3,1
365778b1,365778,"[1,-1,0,-1611,25353]",3,1
365778e1,365778,"[1,-1,0,2520,730944]",3,1
365794a1,365794,"[1,0,1,49,30]",3,1
365859a1,365859,"[0,0,1,-6789,210982]",3,1
365868a1,365868,"[0,0,0,-39,414]",3,1
365880a1,365880,"[0,-1,0,-996,12420]",3,2
365880a2,365880,"[0,-1,0,-696,19740]",3,2
365888b1,365888,"[0,-1,0,-289,2753]",3,1
365991a1,365991,"[1,0,0,-876,12159]",3,1
365997a1,365997,"[1,1,1,-202,1022]",3,1
366065a1,366065,"[0,0,1,-433,-1362]",3,1
366079a1,366079,"[1,-1,1,-279,1152]",3,1
366114b1,366114,"[1,0,1,-27248,1787042]",3,1
366246a1,366246,"[1,-1,0,-324,-1706]",3,1
366246h1,366246,"[1,-1,1,-5891,165507]",3,1
366338b1,366338,"[1,1,0,-29652,1959940]",3,1
366410g1,366410,"[1,-1,1,-453,5181]",3,1
366495a1,366495,"[1,1,1,-55,350]",3,1
366575b1,366575,"[0,0,1,-115,306]",3,1
366665a1,366665,"[0,1,1,-2200,38906]",3,1
366669a1,366669,"[0,0,1,-273,-1548]",3,1
366756b1,366756,"[0,1,0,-289,-208]",3,1
366811a1,366811,"[0,1,1,18,0]",3,1
366822a1,366822,"[1,-1,0,9,121]",3,1
366849b1,366849,"[1,-1,1,-236,1432]",3,1
367023a1,367023,"[0,1,1,-89992,10304272]",3,1
367095b1,367095,"[0,1,1,-1560,20306]",3,1
367100a1,367100,"[0,1,0,867,8863]",3,1
367120g1,367120,"[0,0,0,-24787,1498066]",3,1
367158d1,367158,"[1,0,1,-3865,92072]",3,1
367166c1,367166,"[1,-1,1,204,5271]",3,1
367308a1,367308,"[0,0,0,24,169]",3,1
367314c1,367314,"[1,0,1,-3577,81416]",3,1
367371a1,367371,"[1,-1,1,-581,5550]",3,1
367390a1,367390,"[1,-1,0,-220,-800]",3,1
367433a1,367433,"[0,1,1,-23,-114]",3,1
367442b1,367442,"[1,0,0,-2601,50137]",3,1
367488o1,367488,"[0,0,0,-246,11180]",3,2
367488o2,367488,"[0,0,0,-9156,335504]",3,2
367554f1,367554,"[1,1,1,-17837,-397213]",3,1
367622a1,367622,"[1,-1,0,-1772,29172]",3,1
367647a1,367647,"[0,-1,1,-1682,26060]",3,1
367734d1,367734,"[1,1,1,-152,857]",3,1
367826a1,367826,"[1,1,0,-160,-832]",3,1
367852a1,367852,"[0,1,0,-7349,240055]",3,1
367916c1,367916,"[0,-1,0,-53049,4720570]",3,1
367940a1,367940,"[0,-1,0,-165,-575]",3,1
367967b1,367967,"[1,1,0,-370,2591]",3,1
367980e1,367980,"[0,1,0,-966,15345]",3,1
368024a1,368024,"[0,1,0,-404,-3215]",3,1
368032e1,368032,"[0,-1,0,-1825,46001]",3,1
368058a1,368058,"[1,0,1,-2110,37100]",3,1
368066f1,368066,"[1,-1,1,-1296,14835]",3,1
368114d1,368114,"[1,1,1,-334,2187]",3,1
368159a1,368159,"[0,0,1,-49,-90]",3,1
368195a1,368195,"[0,0,1,-1408,20313]",3,1
368256e1,368256,"[0,-1,0,-1279,-665]",3,2
368256e2,368256,"[0,-1,0,-13609,613369]",3,2
368256q1,368256,"[0,1,0,-2777,62391]",3,1
368265a1,368265,"[0,1,1,-68520,-3525226]",3,1
368277c1,368277,"[1,1,1,-2457,147012]",3,1
368412d1,368412,"[0,1,0,-2585,49464]",3,1
368498a1,368498,"[1,-1,0,-3194,70324]",3,1
368524a1,368524,"[0,1,0,-190,969]",3,1
368529a1,368529,"[0,-1,1,-6806,218378]",3,1
368595a1,368595,"[0,0,1,-3387,78390]",3,1
368626a1,368626,"[1,-1,1,-346056,78496011]",3,1
368720f1,368720,"[0,-1,0,-1416,28480]",3,1
368809c1,368809,"[0,-1,1,-9205,343012]",3,1
368818a1,368818,"[1,0,1,-470,3880]",3,1
368850p1,368850,"[1,1,1,-988,8381]",3,1
368852a1,368852,"[0,1,0,-34077,2409919]",3,1
368878a1,368878,"[1,-1,0,-143,1741]",3,1
368973b1,368973,"[0,0,1,-636,6171]",3,1
369075a1,369075,"[0,-1,1,342,6968]",3,1
369088c1,369088,"[0,-1,0,-657,5329]",3,1
369090m1,369090,"[1,-1,1,-608,7427]",3,1
369104g1,369104,"[0,-1,0,9248,-21381376]",3,1
369104g2,369104,"[0,-1,0,-83232,577371136]",3,1
369123a1,369123,"[0,1,1,-61669,5874031]",3,1
369131b1,369131,"[0,0,1,-62,171]",3,1
369230a1,369230,"[1,-1,0,-5119,142333]",3,1
369308b1,369308,"[0,1,0,-4102,99849]",3,1
369376a1,369376,"[0,0,0,-124,1024]",3,1
369510e1,369510,"[1,1,0,-577,5041]",3,1
369512a1,369512,"[0,0,0,-3004,133876]",3,1
369520a1,369520,"[0,1,0,-21856,3395700]",3,2
369520a2,369520,"[0,1,0,-498656,135183220]",3,2
369531b1,369531,"[1,-1,1,-599,65792]",3,1
369556a1,369556,"[0,-1,0,-1517,22126]",3,1
369576a1,369576,"[0,0,0,-147,155]",3,1
369672a1,369672,"[0,-1,0,-868,-8636]",3,2
369672a2,369672,"[0,-1,0,-13528,-601124]",3,2
369712a1,369712,"[0,1,0,-992,11476]",3,1
369712b1,369712,"[0,1,0,-376,-2604]",3,1
369748a1,369748,"[0,0,0,-472,3940]",3,1
369760a1,369760,"[0,1,0,-1105,11103]",3,1
369774b1,369774,"[1,-1,0,-33,25]",3,1
369785a1,369785,"[0,0,1,-27517,1756782]",3,1
369810a1,369810,"[1,-1,0,-540,3100]",3,2
369810a2,369810,"[1,-1,0,-3690,-83210]",3,2
369894a1,369894,"[1,0,1,-360,1702]",3,1
369915c1,369915,"[1,1,1,-1701,26574]",3,1
369919a1,369919,"[0,1,1,-144,612]",3,1
369926a1,369926,"[1,-1,0,-37,37]",3,1
369950b1,369950,"[1,-1,0,-1822,30736]",3,1
369952a1,369952,"[0,1,0,3,1099]",3,1
369972a1,369972,"[0,0,0,-4449,114689]",3,1
370035a1,370035,"[0,0,1,213,1840]",3,1
370135a1,370135,"[0,0,1,-97,492]",3,1
370139a1,370139,"[1,0,0,-12394,-493701]",3,2
370139a2,370139,"[1,0,0,-41489,2677654]",3,2
370161c1,370161,"[1,-1,1,-13433,596310]",3,1
370166a1,370166,"[1,1,0,1,-29]",3,1
370166b1,370166,"[1,-1,1,-4374,112677]",3,1
370166c1,370166,"[1,1,1,-102552,12604345]",3,1
370177b1,370177,"[1,1,0,-21,16]",3,1
370235a1,370235,"[1,0,0,-185,-650]",3,1
370253a1,370253,"[0,0,1,-211,1266]",3,1
370266b1,370266,"[1,1,0,-54,36]",3,1
370304a1,370304,"[0,0,0,556,6896]",3,1
370404a1,370404,"[0,0,0,-480,4068]",3,1
370480b1,370480,"[0,1,0,-2056,-24300]",3,1
370514a1,370514,"[1,0,0,90,-1244]",3,1
370574b1,370574,"[1,0,0,-15502,657924]",3,1
370604a1,370604,"[0,0,0,-3136,78340]",3,1
370619a1,370619,"[0,0,1,-298,1980]",3,1
370620b1,370620,"[0,0,0,-8853,325373]",3,1
370624a1,370624,"[0,1,0,-257,1759]",3,1
370730d1,370730,"[1,0,0,-166435,26141697]",3,1
370768a1,370768,"[0,1,0,72,4]",3,1
370886a1,370886,"[1,1,0,-31,41]",3,1
370905a1,370905,"[0,1,1,-2140,26644]",3,1
371020a1,371020,"[0,0,0,-532,5281]",3,1
371072e1,371072,"[0,-1,0,-55,71]",3,1
371106b1,371106,"[1,-1,0,-1008,12420]",3,1
371120a1,371120,"[0,1,0,-160,-300]",3,1
371120b1,371120,"[0,1,0,-18920,978100]",3,1
371154a1,371154,"[1,1,0,-4326,107604]",3,1
371196a1,371196,"[0,0,0,-237,1325]",3,1
371206a1,371206,"[1,0,1,-2515,47202]",3,1
371318a1,371318,"[1,-1,0,-883,7855]",3,1
371437a1,371437,"[0,0,1,-115,348]",3,1
371480a1,371480,"[0,0,0,-9388,-274412]",3,1
371514b1,371514,"[1,1,0,-176,204]",3,2
371514b2,371514,"[1,1,0,-1606,-25250]",3,2
371522c1,371522,"[1,0,0,-422,3556]",3,1
371522c2,371522,"[1,0,0,-34902,2506804]",3,1
371605a1,371605,"[0,0,1,-3007,60762]",3,1
371605c1,371605,"[0,0,1,-178,-831]",3,1
371616c1,371616,"[0,-1,0,-8934,327888]",3,2
371616c2,371616,"[0,-1,0,-7464,437844]",3,2
371824a1,371824,"[0,1,0,-1752,28756]",3,1
371824b1,371824,"[0,1,0,264,-812]",3,1
371852c1,371852,"[0,0,0,-40,769]",3,1
371854a1,371854,"[1,1,0,-756,7840]",3,1
371925f1,371925,"[1,-1,1,-22730,1324622]",3,1
371936a1,371936,"[0,1,0,-493,3195]",3,1
372001a1,372001,"[1,0,0,-846,11287]",3,1
372050a1,372050,"[1,-1,0,-442,7216]",3,1
372067a1,372067,"[1,1,1,-44,90]",3,1
372098a1,372098,"[1,-1,0,-158,-724]",3,1
372098c1,372098,"[1,0,0,-955,10641]",3,1
372170a1,372170,"[1,-1,1,-888,15867]",3,1
372290a1,372290,"[1,0,1,-2604,50906]",3,1
372308a1,372308,"[0,1,0,-129,520]",3,1
372348a1,372348,"[0,0,0,-3504,79076]",3,1
372350a1,372350,"[1,1,0,-22025,1253125]",3,1
372350a2,372350,"[1,1,0,49475,6637625]",3,1
372381a1,372381,"[1,1,1,-12381,525270]",3,1
372400a1,372400,"[0,0,0,-2275,41650]",3,1
372416bk1,372416,"[0,0,0,-3404,76176]",3,1
372476c1,372476,"[0,1,0,-76210,14399529]",3,1
372490c1,372490,"[1,0,0,-2320,45312]",3,1
372490c2,372490,"[1,0,0,13120,48400]",3,1
372523a1,372523,"[0,1,1,10,30]",3,1
372544b1,372544,"[0,-1,0,-177,-719]",3,1
372558a1,372558,"[1,1,1,-2172,38205]",3,1
372561a1,372561,"[0,-1,1,-56,110]",3,1
372672c1,372672,"[0,0,0,276,-2736]",3,1
372672e1,372672,"[0,0,0,-4044,108304]",3,1
372696a1,372696,"[0,-1,0,-172,901]",3,1
372713b1,372713,"[1,1,0,489,55816]",3,1
372726a1,372726,"[1,-1,0,54,616]",3,1
372726b1,372726,"[1,-1,0,-2166,39348]",3,1
372828c1,372828,"[0,1,0,-234,2025]",3,1
372934c1,372934,"[1,-1,1,-601,2105]",3,1
372963a1,372963,"[1,1,1,-105836,13210202]",3,1
372994a1,372994,"[1,1,0,-1,41]",3,1
373040a1,373040,"[0,1,0,-16,660]",3,1
373103a1,373103,"[0,1,1,-211,377]",3,1
373133a1,373133,"[1,0,0,-3209,69700]",3,1
373136a1,373136,"[0,1,0,-72,4]",3,1
373156a1,373156,"[0,1,0,-250,1449]",3,1
373170d1,373170,"[1,1,0,-1953,32553]",3,1
373241a1,373241,"[1,0,0,-320,2179]",3,1
373274q1,373274,"[1,-1,1,-3051,5967675]",3,1
373281a1,373281,"[1,1,1,-89,290]",3,1
373320p1,373320,"[0,0,0,-11172,527236]",3,1
373342a1,373342,"[1,-1,0,-26,-24]",3,1
373398g1,373398,"[1,0,1,-3893,93332]",3,1
373445a1,373445,"[0,1,1,-6161,184095]",3,1
373504a1,373504,"[0,1,0,-2733,54091]",3,1
373504c1,373504,"[0,0,0,-152,-640]",3,1
373520e1,373520,"[0,1,0,-6496,-38220]",3,2
373520e2,373520,"[0,1,0,-64496,6248980]",3,2
373542e1,373542,"[1,0,1,-450,4312]",3,1
373565a1,373565,"[1,1,1,-106,-306]",3,1
373568g1,373568,"[0,-1,0,-1953,33793]",3,1
373586a1,373586,"[1,0,0,-8762,314596]",3,1
373784a1,373784,"[0,1,0,-129,547]",3,1
373824v1,373824,"[0,0,0,-7716,260800]",3,2
373824v2,373824,"[0,0,0,-6636,336400]",3,2
373825a1,373825,"[0,1,1,-58,644]",3,1
373848d1,373848,"[0,1,0,-457,3899]",3,1
373890bq1,373890,"[1,1,1,-1856,38369]",3,1
373975b1,373975,"[1,1,1,-1638,22906]",3,1
373982c1,373982,"[1,1,1,848,3345]",3,1
373984b1,373984,"[0,1,0,-1617,19039]",3,1
373990b1,373990,"[1,0,1,46,-348]",3,1
374005a1,374005,"[0,-1,1,-361,3196]",3,1
374016b1,374016,"[0,-1,0,73,579]",3,1
374018c1,374018,"[1,0,0,-82,324]",3,1
374022a1,374022,"[1,-1,0,-51,2501]",3,1
374080ba1,374080,"[0,-1,0,-1281,23425]",3,1
374112a1,374112,"[0,0,0,-2604,51136]",3,1
374112b1,374112,"[0,0,0,-1404,-18144]",3,1
374114a1,374114,"[1,1,0,-54,16]",3,1
374114e1,374114,"[1,-1,1,-47364,3976359]",3,1
374149a1,374149,"[0,0,1,-19,12]",3,1
374227a1,374227,"[0,0,1,-1189,15312]",3,1
374331a1,374331,"[0,1,1,-1234,16282]",3,1
374475b1,374475,"[0,1,1,-1908,-19906]",3,1
374496g1,374496,"[0,1,0,5503,99471]",3,1
374511a1,374511,"[1,1,1,-95,416]",3,1
374592i1,374592,"[0,-1,0,-121,697]",3,1
374592bh1,374592,"[0,1,0,-1617,25551]",3,1
374608a1,374608,"[0,0,0,-3715,87682]",3,1
374697a1,374697,"[0,0,1,-82359,7825132]",3,1
374697b1,374697,"[0,0,1,-1083,-13478]",3,1
374709a1,374709,"[0,-1,1,-335,2162]",3,1
374731a1,374731,"[0,1,1,-2150,-37800]",3,1
374737c1,374737,"[1,0,0,-63,1420]",3,1
374794c1,374794,"[1,0,0,-24997,1509249]",3,1
374848c1,374848,"[0,1,0,-1009,12015]",3,1
374855c1,374855,"[1,0,0,-2445,46312]",3,2
374855c2,374855,"[1,0,0,-2050,61875]",3,2
374886m1,374886,"[1,-1,1,-5696,166755]",3,1
374900a1,374900,"[0,0,0,1000,-25500]",3,1
374920a1,374920,"[0,0,0,-26407,1663594]",3,1
374975a1,374975,"[0,1,1,-8,1644]",3,1
374982g1,374982,"[1,0,0,-2292,41616]",3,1
375006e1,375006,"[1,0,1,-4749,120568]",3,1
375092a1,375092,"[0,0,0,65,-122]",3,1
375099a1,375099,"[1,1,1,89,422]",3,1
375100a1,375100,"[0,1,0,-6453,176548]",3,2
375100a2,375100,"[0,1,0,-100228,12179748]",3,2
375120e1,375120,"[0,0,0,-1443,22642]",3,1
375122d1,375122,"[1,1,0,-74134,9056324]",3,1
375122d2,375122,"[1,1,0,522651,-52412531]",3,1
375150b1,375150,"[1,1,0,-58750,5456500]",3,2
375150b2,375150,"[1,1,0,-60750,5062500]",3,4
375150b3,375150,"[1,1,0,91750,26565000]",3,2
375150b4,375150,"[1,1,0,-245250,-41616000]",3,2
375162f1,375162,"[1,1,1,-869,9515]",3,1
375168h1,375168,"[0,-1,0,-2441,47097]",3,1
375232g1,375232,"[0,1,0,83,339]",3,1
375232cf1,375232,"[0,1,0,-211617,37398719]",3,1
375297b1,375297,"[1,0,0,-477,3726]",3,1
375310a1,375310,"[1,0,1,281,1626]",3,1
375371a1,375371,"[0,-1,1,-2,30]",3,1
375387a1,375387,"[1,0,0,-1184,15603]",3,1
375412a1,375412,"[0,1,0,-788,8260]",3,1
375450a1,375450,"[1,1,0,-100,100]",3,1
375462a1,375462,"[1,-1,0,-144,1264]",3,1
375506e1,375506,"[1,-1,1,-336,2355]",3,1
375564b1,375564,"[0,-1,0,-110572,14160184]",3,1
375635b1,375635,"[0,1,1,279,5760]",3,1
375642r1,375642,"[1,-1,1,-89969,10160417]",3,1
375672a1,375672,"[0,-1,0,-2529,-33435]",3,1
375728a1,375728,"[0,0,0,44,-36]",3,1
375760a1,375760,"[0,0,0,-1483,3418]",3,1
375832a1,375832,"[0,-1,0,108,-1724]",3,1
375882a1,375882,"[1,1,0,-459,3609]",3,1
375882c1,375882,"[1,1,0,47262,1658484]",3,1
375917a1,375917,"[1,0,0,-25,36]",3,1
376061a1,376061,"[0,0,1,-265,1662]",3,1
376061f1,376061,"[0,-1,1,335,-26783]",3,1
376126a1,376126,"[1,0,0,-1157,15169]",3,1
376134e1,376134,"[1,0,1,-602,3404]",3,1
376146b1,376146,"[1,-1,0,-261,4293]",3,1
376240c1,376240,"[0,1,0,-1240,-2412]",3,1
376240f1,376240,"[0,0,0,-203,-1062]",3,1
376272a1,376272,"[0,0,0,573,4930]",3,1
376425e1,376425,"[0,0,1,-9525,667656]",3,1
376442a1,376442,"[1,-1,0,-9097,-41681]",3,1
376442d1,376442,"[1,1,1,-37560,-32519]",3,1
376465a1,376465,"[0,0,1,-3907,93750]",3,1
376474d1,376474,"[1,0,0,-2645,52321]",3,1
376607a1,376607,"[1,-1,1,-4674,105924]",3,1
376730c1,376730,"[1,-1,1,-1557,10989]",3,1
376735a1,376735,"[1,0,0,-40,-75]",3,1
376768c1,376768,"[0,0,0,116,13456]",3,1
376805a1,376805,"[0,0,1,-12523,-225966]",3,1
376805d1,376805,"[0,0,1,-1468,-20352]",3,1
376929b1,376929,"[1,-1,1,-977,240]",3,2
376929b2,376929,"[1,-1,1,-10742,429900]",3,2
377001a1,377001,"[1,-1,1,-41,56]",3,1
377036a1,377036,"[0,0,0,-216304,39518116]",3,1
377079a1,377079,"[0,1,1,-1734,27218]",3,1
377085a1,377085,"[0,1,1,-83950,9346504]",3,1
377099a1,377099,"[1,-1,1,-3,30]",3,1
377124a1,377124,"[0,-1,0,-45,441]",3,1
377152a1,377152,"[0,0,0,-1996,-24176]",3,1
377152g1,377152,"[0,-1,0,-569,5785]",3,1
377264b1,377264,"[0,1,0,-464,3556]",3,2
377264b2,377264,"[0,1,0,-1224,-11948]",3,2
377275a1,377275,"[0,1,1,142,-306]",3,1
377275b1,377275,"[0,0,1,-5300,149656]",3,1
377286a1,377286,"[1,1,0,-392,4560]",3,1
377289a1,377289,"[0,0,1,303,15066]",3,1
377289d1,377289,"[0,0,1,-17670,906635]",3,1
377328a1,377328,"[0,-1,0,-112,3136]",3,1
377482c1,377482,"[1,0,0,-2762,55684]",3,1
377552a1,377552,"[0,0,0,-2659,52834]",3,1
377600a1,377600,"[0,0,0,50,1600]",3,1
377649a1,377649,"[1,-1,1,-77,-470]",3,1
377655a1,377655,"[0,1,1,-450,12656]",3,1
377697a1,377697,"[0,-1,1,-151,783]",3,1
377735a1,377735,"[1,1,1,-31,-6]",3,1
377835a1,377835,"[1,0,0,-725,-3000]",3,1
377961a1,377961,"[1,0,0,-25329,1958940]",3,1
377990a1,377990,"[1,-1,1,-5148,142431]",3,1
378030a1,378030,"[1,1,0,-312,1836]",3,2
378030a2,378030,"[1,1,0,-1062,-11514]",3,2
378094a1,378094,"[1,-1,0,-13,49]",3,1
378191a1,378191,"[1,-1,1,236,11732]",3,1
378222a1,378222,"[1,1,0,-19776,1002240]",3,2
378222a2,378222,"[1,1,0,-60336,-4489584]",3,2
378313a1,378313,"[0,0,1,-49,-78]",3,1
378343a1,378343,"[1,0,0,241,-152]",3,1
378362a1,378362,"[1,0,1,205,-1038]",3,1
378362b1,378362,"[1,0,1,-299,2070]",3,1
378448c1,378448,"[0,1,0,-4144,145236]",3,2
378448c2,378448,"[0,1,0,-73904,7707220]",3,2
378486a1,378486,"[1,-1,0,-69,1169]",3,1
378520a1,378520,"[0,1,0,-56,169]",3,1
378525a1,378525,"[0,-1,1,-758,2918]",3,1
378552a1,378552,"[0,-1,0,-35,-24]",3,1
378558a1,378558,"[1,-1,0,-396,2916]",3,1
378594a1,378594,"[1,-1,0,-31119,2124269]",3,1
378595a1,378595,"[0,0,1,-853,6954]",3,1
378595b1,378595,"[0,-1,1,-236,-954]",3,1
378730a1,378730,"[1,-1,0,-259,1513]",3,1
378732b1,378732,"[0,1,0,-1229,16860]",3,1
378755a1,378755,"[0,0,1,113,3672]",3,1
378755b1,378755,"[0,-1,1,-546,5112]",3,1
378816bk1,378816,"[0,1,0,-2377,44279]",3,1
378898g1,378898,"[1,1,1,-8902,320835]",3,1
378910a1,378910,"[1,0,1,-29,252]",3,1
378917e1,378917,"[1,0,0,-540,33991]",3,2
378917e2,378917,"[1,0,0,-19405,1033836]",3,2
378945b1,378945,"[0,0,1,-1623,25434]",3,1
378958d1,378958,"[1,1,1,139,-1125]",3,1
379011b1,379011,"[1,0,0,-182,-519]",3,1
379025a1,379025,"[0,-1,1,-2178,39858]",3,1
379026f1,379026,"[1,-1,1,-32,515]",3,1
379115c1,379115,"[1,0,0,-1695,25312]",3,2
379115c2,379115,"[1,0,0,-5050,-106875]",3,2
379136c1,379136,"[0,1,0,-23,-19]",3,1
379166a1,379166,"[1,-1,0,-34,-56]",3,1
379175a1,379175,"[1,1,1,-163,6]",3,1
379192a1,379192,"[0,1,0,-1152,14761]",3,1
379214a1,379214,"[1,1,0,218,1940]",3,1
379236a1,379236,"[0,-1,0,-745,6226]",3,2
379236a2,379236,"[0,-1,0,-4060,-93224]",3,2
379269b1,379269,"[1,-1,1,31,-66]",3,1
379422a1,379422,"[1,-1,0,-9,1309]",3,1
379434d1,379434,"[1,1,1,-1535,23141]",3,1
379457a1,379457,"[1,-1,1,-471,4046]",3,2
379457a2,379457,"[1,-1,1,-556,2550]",3,2
379479a1,379479,"[0,1,1,-1950,32240]",3,1
379495a1,379495,"[1,-1,1,168,31164]",3,1
379520a1,379520,"[0,1,0,39,535]",3,1
379525a1,379525,"[0,1,1,-1408,35594]",3,1
379581a1,379581,"[1,0,0,-2509,48164]",3,1
379605a1,379605,"[0,-1,1,-1300,18708]",3,1
379613a1,379613,"[0,1,1,-130,380]",3,1
379618a1,379618,"[1,0,1,59,-756]",3,1
379771a1,379771,"[1,-1,1,-2991,60842]",3,1
379841a1,379841,"[1,0,0,-189,490]",3,1
379890a1,379890,"[1,-1,0,-645,6425]",3,1
379925a1,379925,"[0,0,1,-355,1956]",3,1
379930b1,379930,"[1,-1,1,-7377,248001]",3,1
379930c1,379930,"[1,1,1,34,-21]",3,1
379945a1,379945,"[0,1,1,-210,1056]",3,1
379966a1,379966,"[1,0,1,-93,332]",3,1
380093a1,380093,"[0,-1,1,-2,-78]",3,1
380127a1,380127,"[0,-1,1,-54,20]",3,1
380127c1,380127,"[0,-1,1,-269,230]",3,1
380235a1,380235,"[0,-1,1,-46,-24]",3,1
380256d1,380256,"[0,1,0,-849,2655]",3,1
380267a1,380267,"[0,1,1,2,30]",3,1
380267b1,380267,"[0,0,1,-3940,95190]",3,1
380280h1,380280,"[0,1,0,-1236,15264]",3,2
380280h2,380280,"[0,1,0,-3936,-77616]",3,2
380305a1,380305,"[0,1,1,-46,86]",3,1
380326a1,380326,"[1,-1,0,1126,1844]",3,1
380400f1,380400,"[0,-1,0,-1608,3312]",3,1
380453a1,380453,"[0,1,1,-18,-12]",3,1
380548a1,380548,"[0,1,0,-1302,17689]",3,1
380582i1,380582,"[1,0,0,-823482,287558164]",3,1
380582i2,380582,"[1,0,0,-734497,352127049]",3,1
380582i3,380582,"[1,0,0,5925688,-5089244096]",3,1
380643a1,380643,"[0,-1,1,-649,1560]",3,1
380662a1,380662,"[1,0,0,172,400]",3,1
380691a1,380691,"[0,0,1,-273,1912]",3,1
380691b1,380691,"[0,0,1,-46704,3884895]",3,1
380788a1,380788,"[0,0,0,-64,1156]",3,1
380788b1,380788,"[0,1,0,-218861,39336623]",3,1
380808a1,380808,"[0,0,0,-399,3026]",3,1
380880d1,380880,"[0,0,0,-483,1058]",3,2
380880d2,380880,"[0,0,0,-6003,178802]",3,2
380906a1,380906,"[1,1,0,-27,25]",3,1
380908a1,380908,"[0,0,0,-1603855,781800118]",3,1
380908d1,380908,"[0,-1,0,-84,-152]",3,1
380973a1,380973,"[0,1,1,-2020,34270]",3,1
381045c1,381045,"[1,1,1,-76,248]",3,1
381064a1,381064,"[0,0,0,-715,7603]",3,1
381064c1,381064,"[0,0,0,-77519,12849874]",3,1
381120b1,381120,"[0,-1,0,-721,7921]",3,1
381144a1,381144,"[0,1,0,-144,81]",3,1
381200a1,381200,"[0,0,0,-1075,-2750]",3,1
381208a1,381208,"[0,-1,0,-252,1636]",3,1
381240f1,381240,"[0,0,0,-1407,23906]",3,1
381285a1,381285,"[0,0,1,-1083,14004]",3,1
381285h1,381285,"[0,0,1,-732522,241314095]",3,1
381294g1,381294,"[1,-1,0,-135,9]",3,1
381327a1,381327,"[1,0,0,-15538,1149353]",3,1
381354b1,381354,"[1,1,1,-914,10271]",3,1
381376g1,381376,"[0,-1,0,-557,5389]",3,1
381470c1,381470,"[1,0,0,-11181,465745]",3,1
381489a1,381489,"[0,1,1,-1404,113906]",3,1
381510c1,381510,"[1,-1,0,-150,800]",3,1
381520h1,381520,"[0,1,0,-6400,70548]",3,1
381642i1,381642,"[1,0,0,-11650,478916]",3,1
381648l1,381648,"[0,1,0,-6592,285044]",3,1
381668a1,381668,"[0,0,0,527,6141]",3,1
381708a1,381708,"[0,0,0,-1461,21949]",3,1
381851a1,381851,"[0,-1,1,-158,552]",3,1
381876a1,381876,"[0,-1,0,-524,1080]",3,1
381897a1,381897,"[0,0,1,-3081,65956]",3,1
381909a1,381909,"[0,-1,1,-726,-1870]",3,1
381916a1,381916,"[0,0,0,-199,1054]",3,1
381973a1,381973,"[0,1,1,-101,339]",3,1
381978f1,381978,"[1,-1,1,-1202,-9295]",3,1
381978h1,381978,"[1,-1,1,-133916,18894687]",3,1
382053c1,382053,"[0,1,1,4688,144190]",3,1
382124a1,382124,"[0,0,0,-304,2041]",3,1
382146a1,382146,"[1,0,1,-1762,28580]",3,1
382191c1,382191,"[1,0,0,-26994,1705113]",3,1
382270o1,382270,"[1,-1,1,-8787,365811]",3,1
382275b1,382275,"[1,-1,1,-230,1372]",3,1
382428a1,382428,"[0,0,0,243,-675]",3,1
382458a1,382458,"[1,1,1,86,311]",3,1
382469a1,382469,"[0,1,1,-22,20]",3,1
382481a1,382481,"[0,1,1,-9984,380562]",3,1
382497a1,382497,"[1,0,0,-1062,-865971]",3,1
382538a1,382538,"[1,0,1,5,42]",3,1
382596b1,382596,"[0,1,0,-154,-559]",3,1
382678a1,382678,"[1,0,1,-54,140]",3,1
382739a1,382739,"[0,0,1,-35,12]",3,1
382797b1,382797,"[1,-1,1,49,780]",3,1
382863b1,382863,"[0,-1,1,-81,263]",3,1
383026a1,383026,"[1,0,1,-1530,22892]",3,1
383090a1,383090,"[1,0,1,21,56]",3,1
383115a1,383115,"[1,1,1,4,68]",3,1
383128a1,383128,"[0,0,0,-604,5716]",3,1
383162a1,383162,"[1,0,1,78,2180]",3,1
383163a1,383163,"[1,0,0,-204,765]",3,1
383175a1,383175,"[0,0,1,-202575,35085406]",3,1
383175b1,383175,"[0,0,1,-225,156]",3,1
383202h1,383202,"[1,-1,1,-1787,32235]",3,1
383208d1,383208,"[0,1,0,-22860,1346544]",3,1
383226c1,383226,"[1,1,1,-7242,234327]",3,1
383265a1,383265,"[0,0,1,-5103,169904]",3,1
383271a1,383271,"[0,1,1,-880,9220]",3,1
383275a1,383275,"[0,0,1,-1550,23781]",3,1
383344b1,383344,"[0,1,0,-4181,130111]",3,1
383346a1,383346,"[1,-1,0,-31713,2115161]",3,1
383381a1,383381,"[0,0,1,-23,30]",3,1
383408b1,383408,"[0,-1,0,-5,121]",3,1
383416a1,383416,"[0,-1,0,-129,133]",3,1
383475a1,383475,"[0,-1,1,-198,-952]",3,1
383513a1,383513,"[0,0,1,-16337,803518]",3,1
383712b1,383712,"[0,-1,0,-945,31041]",3,1
383719c1,383719,"[1,-1,1,-1210,31826]",3,1
383749a1,383749,"[0,-1,1,-5154,141240]",3,1
383808r1,383808,"[0,1,0,-4217,109191]",3,1
383816a1,383816,"[0,-1,0,-60,-44]",3,1
383827a1,383827,"[1,0,0,-20,-19]",3,1
383872a1,383872,"[0,1,0,55,199]",3,1
383873a1,383873,"[0,1,1,-102114,12310278]",3,1
383904a1,383904,"[0,0,0,-10524,416576]",3,1
384009a1,384009,"[1,1,1,45,-84]",3,1
384032a1,384032,"[0,1,0,-241,831]",3,1
384060c1,384060,"[0,-1,0,-790,8737]",3,1
384066d1,384066,"[1,-1,0,-90,344]",3,1
384110e1,384110,"[1,0,0,-7750,262500]",3,1
384208a1,384208,"[0,0,0,-6043,181834]",3,1
384274b1,384274,"[1,-1,1,-2964,64119]",3,1
384275a1,384275,"[1,-1,1,-580,4422]",3,2
384275a2,384275,"[1,-1,1,-2955,-57328]",3,2
384426g1,384426,"[1,-1,0,-1230,-11116]",3,1
384438a1,384438,"[1,1,0,-224,1236]",3,1
384538l1,384538,"[1,0,0,-2527,47961]",3,1
384570a1,384570,"[1,-1,0,-270,2916]",3,1
384576a1,384576,"[0,-1,0,-321,4257]",3,1
384605b1,384605,"[1,0,0,-111,376]",3,2
384605b2,384605,"[1,0,0,194,2145]",3,2
384612a1,384612,"[0,-1,0,-141,702]",3,1
384612b1,384612,"[0,1,0,159,576]",3,1
384617a1,384617,"[0,-1,1,170,-3998]",3,1
384698a1,384698,"[1,0,1,-98856,10894214]",3,1
384698b1,384698,"[1,0,0,-940,10896]",3,1
384729c1,384729,"[0,-1,1,-133,639]",3,1
384736a1,384736,"[0,0,0,-25,64]",3,1
384862a1,384862,"[1,1,1,-9,-89]",3,1
384921a1,384921,"[1,-1,0,27,-270]",3,1
385030b1,385030,"[1,0,1,-778,6]",3,1
385030i1,385030,"[1,0,0,-18930,997252]",3,1
385118a1,385118,"[1,0,0,-40710,1906276]",3,2
385118a2,385118,"[1,0,0,-281350,-56087964]",3,2
385210b1,385210,"[1,-1,0,-2374,44680]",3,1
385215b1,385215,"[1,1,1,-410,1190]",3,2
385215b2,385215,"[1,1,1,1465,10940]",3,2
385264c1,385264,"[0,1,0,-304,1956]",3,1
385307a1,385307,"[0,0,1,-10,32]",3,1
385334a1,385334,"[1,0,1,-117,476]",3,1
385448a1,385448,"[0,0,0,-206,1381]",3,1
385482f1,385482,"[1,1,1,-417,2655]",3,1
385502b1,385502,"[1,0,0,-222,-956]",3,1
385542b1,385542,"[1,-1,0,-126,1296]",3,1
385595a1,385595,"[1,0,0,-111,-434]",3,1
385599a1,385599,"[1,1,1,-9347,344000]",3,1
385599b1,385599,"[1,1,0,12,-21]",3,1
385655a1,385655,"[0,1,1,-295,1856]",3,1
385791a1,385791,"[0,-1,1,-22,150]",3,1
385896c1,385896,"[0,1,0,-2577,50931]",3,1
385925a1,385925,"[0,1,1,41992,11316894]",3,1
385968a1,385968,"[0,-1,0,-88440,10152816]",3,2
385968a2,385968,"[0,-1,0,-88280,10191216]",3,2
386013a1,386013,"[1,1,1,-23,-40]",3,1
386110e1,386110,"[1,-1,1,-2232,33339]",3,1
386185a1,386185,"[1,0,0,-481,4020]",3,1
386293a1,386293,"[0,-1,1,8,202]",3,1
386353a1,386353,"[1,-1,1,-1,-30]",3,1
386394d1,386394,"[1,0,0,-22240,1197056]",3,1
386442b1,386442,"[1,-1,0,-1044,14044]",3,1
386442c1,386442,"[1,-1,0,1647,-18851]",3,1
386476a1,386476,"[0,0,0,-2065,36121]",3,1
386542a1,386542,"[1,0,1,-57,-64]",3,1
386588a1,386588,"[0,1,0,-21942,1243729]",3,1
386592a1,386592,"[0,-1,0,-50,276]",3,1
386616a1,386616,"[0,-1,0,-177,-171]",3,1
386673d1,386673,"[0,-1,1,-847,9777]",3,1
386739a1,386739,"[0,0,1,-399,3172]",3,1
386754a1,386754,"[1,1,0,295,1701]",3,1
386774a1,386774,"[1,0,1,-108,422]",3,1
386801a1,386801,"[1,-1,1,-36,96]",3,1
386813a1,386813,"[0,0,1,-139,3930]",3,1
386870a1,386870,"[1,0,1,-26808,1741418]",3,1
386870f1,386870,"[1,-1,1,-16197,479421]",3,1
386930a1,386930,"[1,1,0,-67,3719]",3,1
386930b1,386930,"[1,-1,1,-4017,106209]",3,1
386965a1,386965,"[1,0,0,5,150]",3,1
387018i1,387018,"[1,-1,1,-1721,27865]",3,1
387021a1,387021,"[1,0,0,-2484,48843]",3,1
387091a1,387091,"[1,-1,0,-11,36]",3,1
387112a1,387112,"[0,1,0,-67,186]",3,1
387112c1,387112,"[0,-1,0,615,9373]",3,1
387152a1,387152,"[0,1,0,-160,564]",3,1
387152c1,387152,"[0,1,0,-888,9892]",3,1
387152e1,387152,"[0,0,0,-8171,-256486]",3,1
387200k1,387200,"[0,1,0,-1833,29863]",3,1
387312a1,387312,"[0,-1,0,-572,5424]",3,1
387328g1,387328,"[0,0,0,-226,1296]",3,2
387328g2,387328,"[0,0,0,-56,3200]",3,2
387380a1,387380,"[0,1,0,-386,3289]",3,1
387422a1,387422,"[1,1,0,-287,1585]",3,1
387491c1,387491,"[1,0,1,-242,321]",3,1
387532a1,387532,"[0,1,0,-8041,276168]",3,1
387574b1,387574,"[1,0,0,-2134,39204]",3,1
387670c1,387670,"[1,0,0,-1926,32356]",3,1
387686a1,387686,"[1,0,1,35,132]",3,1
387704a1,387704,"[0,0,0,-47,210]",3,1
387718a1,387718,"[1,0,0,-92,16]",3,1
387775b1,387775,"[1,1,1,-1588,23406]",3,1
387801d1,387801,"[1,-1,0,-150,-471]",3,1
387847a1,387847,"[1,0,0,-7402,-240099]",3,1
387883a1,387883,"[0,0,1,-1595,24518]",3,1
387930a1,387930,"[1,1,0,-98,102]",3,1
388010b1,388010,"[1,-1,0,-469,4225]",3,1
388032c1,388032,"[0,-1,0,-39637,2721061]",3,1
388032e1,388032,"[0,-1,0,-237,1341]",3,1
388056e1,388056,"[0,1,0,-357737,83285211]",3,1
388215b1,388215,"[1,-1,1,-11597,485696]",3,1
388256a1,388256,"[0,0,0,-92,480]",3,1
388281a1,388281,"[0,1,1,-120,650]",3,1
388325l1,388325,"[0,-1,1,-8633,311793]",3,1
388353a1,388353,"[0,-1,1,-474,4016]",3,1
388416a1,388416,"[0,-1,0,-9905,382641]",3,2
388416a2,388416,"[0,-1,0,-8545,490081]",3,2
388448a1,388448,"[0,1,0,-16977,845791]",3,1
388507b1,388507,"[0,1,1,-789,8272]",3,1
388512g1,388512,"[0,0,0,339,-14780]",3,2
388512g2,388512,"[0,0,0,-7356,-230240]",3,2
388538a1,388538,"[1,1,0,-296,1840]",3,1
388672a1,388672,"[0,1,0,351,3007]",3,1
388782d1,388782,"[1,-1,0,-252,4320]",3,1
388839a1,388839,"[1,0,0,990,9801]",3,1
388891a1,388891,"[0,1,1,-12,30]",3,1
388926a1,388926,"[1,-1,0,-576,15808]",3,1
388926c1,388926,"[1,-1,0,-20550,1174352]",3,1
388968c1,388968,"[0,1,0,-420,23904]",3,1
389003a1,389003,"[1,1,1,15,-14]",3,1
389098a1,389098,"[1,0,1,-37,0]",3,1
389136k1,389136,"[0,-1,0,-7784,265344]",3,2
389136k2,389136,"[0,-1,0,-2944,586720]",3,2
389180f1,389180,"[0,-1,0,-1066,88841]",3,1
389182a1,389182,"[1,1,0,-13,41]",3,1
389240a1,389240,"[0,1,0,-5185,142083]",3,1
389291a1,389291,"[1,0,0,-81659,-8877860]",3,1
389304a1,389304,"[0,0,0,-84,36]",3,1
389306a1,389306,"[1,0,1,-1439,20880]",3,1
389306b1,389306,"[1,-1,1,-118,133]",3,1
389312k1,389312,"[0,1,0,3871,3871]",3,2
389312k2,389312,"[0,1,0,-15489,15487]",3,2
389402d1,389402,"[1,0,0,-1515209,717425689]",3,2
389402d2,389402,"[1,0,0,-1248969,977648665]",3,2
389406d1,389406,"[1,0,1,-892,12266]",3,1
389406h1,389406,"[1,1,1,-211,-175]",3,1
389449a1,389449,"[1,0,0,-111,442]",3,1
389580b1,389580,"[0,-1,0,-72605,7562025]",3,1
389775a1,389775,"[1,1,1,-10138,389156]",3,1
389802b1,389802,"[1,1,0,-94,256]",3,1
389841a1,389841,"[0,-1,1,-9,56]",3,1
389862a1,389862,"[1,-1,0,-9279,127309]",3,2
389862a2,389862,"[1,-1,0,34281,954949]",3,2
389965c1,389965,"[0,0,1,-4402,110835]",3,1
389968a1,389968,"[0,0,0,-2771,56146]",3,1
390070c1,390070,"[1,0,1,-523,4578]",3,1
390072b1,390072,"[0,1,0,-809,8187]",3,1
390085b1,390085,"[1,0,0,-21,20]",3,1
390086a1,390086,"[1,0,0,-49,153]",3,1
390124a1,390124,"[0,1,0,-29,76]",3,1
390162b1,390162,"[1,1,1,-1632,89985]",3,1
390162c1,390162,"[1,0,0,-3767,92841]",3,1
390169a1,390169,"[1,0,0,-123,526]",3,1
390172a1,390172,"[0,0,0,-24967,1518430]",3,1
390236a1,390236,"[0,1,0,-709,7335]",3,1
390251a1,390251,"[0,-1,1,-280,1900]",3,1
390294a1,390294,"[1,-1,0,-111,473]",3,1
390339b1,390339,"[0,0,1,-1404,18920]",3,1
390418e1,390418,"[1,0,0,1918,84676]",3,1
390438v1,390438,"[1,-1,1,-3572,-72105]",3,1
390438z1,390438,"[1,-1,1,-5711,167447]",3,1
390467a1,390467,"[0,1,1,-887,9840]",3,1
390476a1,390476,"[0,1,0,338,-2271]",3,1
390476b1,390476,"[0,0,0,-929,11409]",3,1
390548a1,390548,"[0,1,0,-45,-116]",3,1
390675h1,390675,"[0,-1,1,-413,3353]",3,1
390678f1,390678,"[1,0,1,-30478,2403452]",3,1
390694a1,390694,"[1,1,0,1799,21299]",3,1
390694d1,390694,"[1,-1,1,1698,16365]",3,1
390775b1,390775,"[0,0,1,-162925,25328406]",3,1
390775c1,390775,"[0,1,1,-758,7494]",3,1
390775g1,390775,"[0,0,1,-60515,-5497004]",3,1
390868a1,390868,"[0,1,0,-457,3936]",3,1
390928h1,390928,"[0,-1,0,-1648,22928]",3,1
391005a1,391005,"[1,-1,1,-473,5172]",3,1
391025a1,391025,"[1,1,1,-288,1906]",3,1
391058a1,391058,"[1,-1,0,-1111,-13667]",3,1
391058b1,391058,"[1,-1,0,-703,9025]",3,1
391088a1,391088,"[0,0,0,-91,586]",3,1
391130a1,391130,"[1,1,0,62,68]",3,1
391193c1,391193,"[1,0,1,-663,8897]",3,1
391209a1,391209,"[0,1,1,-20860,1069780]",3,1
391290d1,391290,"[1,1,0,-7577,-196251]",3,1
391325b1,391325,"[1,0,0,27,-38]",3,1
391360a1,391360,"[0,1,0,-241,-1041]",3,1
391366a1,391366,"[1,-1,1,-11574,482117]",3,1
391417a1,391417,"[0,0,1,-43,0]",3,1
391430e1,391430,"[1,-1,1,-124347,17366571]",3,1
391446a1,391446,"[1,-1,0,-1044,13324]",3,1
391446b1,391446,"[1,-1,0,147,18341]",3,1
391503a1,391503,"[0,-1,1,660,181172]",3,1
391508b1,391508,"[0,-1,0,-137532,19677976]",3,1
391566a1,391566,"[1,1,0,-18391,950629]",3,1
391600c1,391600,"[0,1,0,-2508,78988]",3,2
391600c2,391600,"[0,1,0,-47008,3905988]",3,2
391686b1,391686,"[1,1,1,-1104,-10959]",3,2
391686b2,391686,"[1,1,1,2736,-66255]",3,2
391686c1,391686,"[1,1,1,-1364,18821]",3,2
391686c2,391686,"[1,1,1,-1424,16997]",3,2
391698a1,391698,"[1,-1,0,-207,5485]",3,1
391713b1,391713,"[0,-1,1,-477,4637]",3,1
391714b1,391714,"[1,0,0,-3739,84945]",3,2
391714b2,391714,"[1,0,0,1381,301009]",3,2
391729a1,391729,"[1,0,1,-26,117]",3,1
391761a1,391761,"[0,0,1,-15069,805270]",3,1
391840b1,391840,"[0,1,0,-3350,51748]",3,2
391840b2,391840,"[0,1,0,8895,352975]",3,2
391878a1,391878,"[1,-1,0,-2391,72881]",3,1
391935d1,391935,"[0,1,1,-1136,26516]",3,1
391936a1,391936,"[0,1,0,-55,-171]",3,1
391986b1,391986,"[1,-1,0,-25506,1574356]",3,1
392016a1,392016,"[0,-1,0,40,816]",3,1
392048a1,392048,"[0,0,0,-148,619]",3,1
392048b1,392048,"[0,-1,0,-45636,3756784]",3,1
392066b1,392066,"[1,1,1,-175,501]",3,1
392105a1,392105,"[0,0,1,-313,5568]",3,1
392130n1,392130,"[1,-1,0,-5049,117693]",3,1
392132a1,392132,"[0,1,0,-2821,55623]",3,1
392214h1,392214,"[1,0,0,-2577,54441]",3,1
392225a1,392225,"[1,0,0,-8163,283192]",3,2
392225a2,392225,"[1,0,0,-8038,292317]",3,2
392288b1,392288,"[0,1,0,-534,532]",3,2
392288b2,392288,"[0,1,0,2111,6351]",3,2
392412b1,392412,"[0,-1,0,26,25]",3,1
392468a1,392468,"[0,1,0,-29,-20]",3,1
392475b1,392475,"[0,1,1,-1018,12124]",3,1
392475f1,392475,"[0,1,1,-65533,-5418281]",3,1
392499b1,392499,"[0,0,1,6,90]",3,1
392544a1,392544,"[0,0,0,843,-5920]",3,1
392566a1,392566,"[1,0,0,-1284,13840]",3,1
392622a1,392622,"[1,1,0,-55,139]",3,1
392622b1,392622,"[1,0,0,-715,35441]",3,1
392640cn1,392640,"[0,1,0,404,-406]",3,2
392640cn2,392640,"[0,1,0,-1641,-4905]",3,2
392702b1,392702,"[1,1,1,-2312,-39543]",3,1
392751a1,392751,"[0,0,1,11271,610440]",3,1
392819a1,392819,"[0,0,1,-1693,26810]",3,1
392886a1,392886,"[1,-1,0,-2589,49589]",3,2
392886a2,392886,"[1,-1,0,-6729,-144991]",3,2
392928i1,392928,"[0,1,0,98,-64]",3,1
392965a1,392965,"[0,-1,1,-160,-152]",3,1
392976a1,392976,"[0,0,0,1149,-5470]",3,1
393024c1,393024,"[0,-1,0,-3937,95809]",3,1
393024f1,393024,"[0,-1,0,-20961,1155969]",3,1
393041a1,393041,"[0,1,1,-164,762]",3,1
393042e1,393042,"[1,0,1,-437,3584]",3,1
393106a1,393106,"[1,0,1,186,-352]",3,1
393174a1,393174,"[1,-1,0,-123,-91]",3,1
393183a1,393183,"[0,0,1,-237,1876]",3,1
393198b1,393198,"[1,1,0,-69,801]",3,1
393224a1,393224,"[0,0,0,-1036,12820]",3,1
393254b1,393254,"[1,-1,1,524,-425]",3,1
393261a1,393261,"[1,1,1,-171,762]",3,1
393282c1,393282,"[1,-1,1,-356,2567]",3,1
393426c1,393426,"[1,-1,0,-873,16321]",3,1
393435b1,393435,"[0,0,1,-1083,11574]",3,1
393465a1,393465,"[0,1,1,-416,2576]",3,1
393472a1,393472,"[0,1,0,53,-159]",3,1
393509a1,393509,"[0,1,1,-1382,16050]",3,1
393557a1,393557,"[1,0,0,-19,-12]",3,1
393741a1,393741,"[0,0,1,-351,2396]",3,1
393744a1,393744,"[0,-1,0,-1080,14256]",3,1
393803a1,393803,"[0,-1,1,16,-24]",3,1
393812a1,393812,"[0,0,0,-1615,24982]",3,1
393936a1,393936,"[0,-1,0,-272,-1344]",3,1
393936w1,393936,"[0,1,0,-437376,110719476]",3,1
394016a1,394016,"[0,1,0,-42,784]",3,1
394110a1,394110,"[1,-1,0,-3285,141241]",3,1
394148b1,394148,"[0,0,0,-41,81]",3,1
394190d1,394190,"[1,0,0,-421,3201]",3,1
394306b1,394306,"[1,0,0,-574,4164]",3,1
394368w1,394368,"[0,1,0,-21385,923399]",3,1
394374a1,394374,"[1,1,0,-26,-6]",3,1
394394d1,394394,"[1,-1,1,-40947,2991315]",3,1
394562a1,394562,"[1,0,1,-74,240]",3,1
394683a1,394683,"[1,0,0,216,729]",3,1
394688a1,394688,"[0,0,0,-292,2560]",3,1
394747a1,394747,"[1,0,0,-159,758]",3,1
394749a1,394749,"[1,-1,1,-77,10860]",3,1
394753a1,394753,"[1,0,0,-96,289]",3,1
394776a1,394776,"[0,0,0,-372,5380]",3,1
394782a1,394782,"[1,1,0,-701,6861]",3,1
394786a1,394786,"[1,0,1,-7785,265580]",3,1
394797b1,394797,"[0,-1,1,-719745,235518212]",3,1
394934a1,394934,"[1,0,1,-27,374]",3,1
394934d1,394934,"[1,-1,0,-65228,12087504]",3,1
394947b1,394947,"[1,-1,1,-68,6500]",3,1
394992a1,394992,"[0,0,0,-627,50]",3,2
394992a2,394992,"[0,0,0,-6867,-218350]",3,2
395052b1,395052,"[0,-1,0,-134,705]",3,1
395127a1,395127,"[1,-1,1,-131,776]",3,1
395190n1,395190,"[1,-1,1,-4493,115381]",3,1
395240a1,395240,"[0,1,0,-3460,76608]",3,2
395240a2,395240,"[0,1,0,-5960,-51392]",3,2
395243a1,395243,"[0,0,1,-1,30]",3,1
395252a1,395252,"[0,1,0,-2122,36849]",3,1
395284a1,395284,"[0,1,0,-669,6367]",3,1
395371a1,395371,"[0,0,1,1,30]",3,1
395381a1,395381,"[1,0,0,-246,-113]",3,1
395394b1,395394,"[1,0,0,-467,6561]",3,1
395402a1,395402,"[1,-1,0,-343,2401]",3,1
395435a1,395435,"[0,-1,1,145,303]",3,1
395486a1,395486,"[1,1,0,-11686,483284]",3,1
395540a1,395540,"[0,1,0,-465,3400]",3,1
395552a1,395552,"[0,1,0,-49,351]",3,1
395583b1,395583,"[1,0,0,-6709,210968]",3,1
395590a1,395590,"[1,0,1,-37648,2808078]",3,2
395590a2,395590,"[1,0,1,-41228,2241006]",3,2
395632e1,395632,"[0,0,0,-107,490]",3,1
395645a1,395645,"[1,-1,1,-72,296]",3,1
395677a1,395677,"[0,-1,1,-7339,244456]",3,1
395712b1,395712,"[0,0,0,-732,7760]",3,1
395717a1,395717,"[1,-1,0,35,4]",3,1
395820a1,395820,"[0,0,0,-93,533]",3,1
395824c1,395824,"[0,-1,0,-222032,-40095296]",3,1
395824c2,395824,"[0,-1,0,-1080112,398643776]",3,1
395838a1,395838,"[1,-1,0,-114,504]",3,1
395862f1,395862,"[1,1,1,-54,2355]",3,1
395876b1,395876,"[0,1,0,-5957,357604]",3,1
395906a1,395906,"[1,0,1,-59,1590]",3,1
395913b1,395913,"[0,-1,1,791,15555]",3,1
396117a1,396117,"[1,-1,1,118,-170]",3,1
396134c1,396134,"[1,1,1,123,2827]",3,1
396174a1,396174,"[1,1,0,-20,336]",3,1
396274b1,396274,"[1,0,0,-78,196]",3,1
396324b1,396324,"[0,0,0,-681,6921]",3,1
396326a1,396326,"[1,0,0,-3114,66724]",3,1
396420f1,396420,"[0,1,0,-1681,23600]",3,1
396430a1,396430,"[1,1,0,-148,608]",3,1
396450g1,396450,"[1,-1,0,-57,1]",3,1
396496a1,396496,"[0,0,0,-91,-230]",3,1
396593b1,396593,"[1,-1,1,-34,154]",3,1
396628a1,396628,"[0,0,0,-53495,5020206]",3,1
396672c1,396672,"[0,-1,0,-263,1863]",3,1
396680a1,396680,"[0,0,0,593,1906]",3,1
396690c1,396690,"[1,1,0,-2128,33232]",3,1
396706a1,396706,"[1,-1,0,-23,9]",3,1
396796a1,396796,"[0,1,0,-100,1092]",3,1
396801a1,396801,"[1,-1,1,-56,182]",3,1
396802f1,396802,"[1,0,0,-10347,406321]",3,1
396876a1,396876,"[0,1,0,-277,2324]",3,1
396886a1,396886,"[1,0,1,-325,2220]",3,1
396934a1,396934,"[1,0,1,-73,-228]",3,1
396955b1,396955,"[0,0,1,-12158,515988]",3,1
397113a1,397113,"[0,-1,1,24,20]",3,1
397120g1,397120,"[0,1,0,-1521,21679]",3,2
397120g2,397120,"[0,1,0,479,76479]",3,2
397164e1,397164,"[0,1,0,-134,465]",3,1
397239b1,397239,"[0,-1,1,-1433,14825]",3,1
397244a1,397244,"[0,0,0,11,-59]",3,1
397280b1,397280,"[0,1,0,-28230,1816228]",3,2
397280b2,397280,"[0,1,0,-29185,1685775]",3,2
397345a1,397345,"[0,-1,1,-1550,-18594]",3,1
397350a1,397350,"[1,-1,0,-19917,1086241]",3,1
397350f1,397350,"[1,-1,0,-147,-139]",3,1
397362a1,397362,"[1,1,0,-479,3861]",3,1
397395a1,397395,"[0,0,1,-1047,11920]",3,1
397398e1,397398,"[1,1,1,-344,2585]",3,1
397401a1,397401,"[1,0,0,-386,29079]",3,1
397413a1,397413,"[0,0,1,-2397,45166]",3,1
397424c1,397424,"[0,1,0,168,4964]",3,1
397453a1,397453,"[0,0,1,1,80]",3,1
397453b1,397453,"[0,1,1,-16087,780017]",3,1
397509b1,397509,"[0,-1,1,-85,342]",3,1
397523a1,397523,"[1,1,1,-77,240]",3,1
397578h1,397578,"[1,0,1,53881,3356318]",3,1
397596a1,397596,"[0,-1,0,-169,898]",3,1
397605a1,397605,"[1,1,1,-61,188]",3,1
397614g1,397614,"[1,1,1,-1950,30171]",3,1
397632b1,397632,"[0,-1,0,-337,2641]",3,1
397632bo1,397632,"[0,1,0,2583,210519]",3,1
397767a1,397767,"[1,0,0,-109,920]",3,1
397776c1,397776,"[0,1,0,-65272,6390356]",3,1
397848a1,397848,"[0,-1,0,15,981]",3,1
397909a1,397909,"[0,0,1,-19,-10]",3,1
397930a1,397930,"[1,0,1,-354,2552]",3,1
397940a1,397940,"[0,1,0,84,484]",3,1
397958b1,397958,"[1,1,1,-2514,32095]",3,1
397970d1,397970,"[1,0,0,405,31537]",3,1
397995h1,397995,"[1,0,0,-946,10451]",3,2
397995h2,397995,"[1,0,0,809,45200]",3,2
398008a1,398008,"[0,-1,0,-105,781]",3,1
398044a1,398044,"[0,1,0,-142,609]",3,1
398050j1,398050,"[1,-1,1,-14655,911847]",3,1
398134a1,398134,"[1,1,0,-4796,125824]",3,1
398159a1,398159,"[1,-1,1,-3,-30]",3,1
398170e1,398170,"[1,0,0,-861,5041]",3,1
398200b1,398200,"[0,1,0,-503,-902]",3,2
398200b2,398200,"[0,1,0,-5028,134848]",3,2
398216a1,398216,"[0,1,0,-1209,19435]",3,1
398274a1,398274,"[1,1,0,-8971,323341]",3,1
398280d1,398280,"[0,1,0,-641,4995]",3,1
398288a1,398288,"[0,1,0,-1262,-65561]",3,1
398297a1,398297,"[0,-1,1,-100,442]",3,1
398322a1,398322,"[1,-1,0,144,-432]",3,1
398325j1,398325,"[0,-1,1,-43133,3464918]",3,1
398325j2,398325,"[0,-1,1,46867,15103043]",3,1
398334c1,398334,"[1,0,1,-1414,20348]",3,1
398446b1,398446,"[1,0,0,-103,201]",3,1
398464b1,398464,"[0,1,0,263,2199]",3,1
398506b1,398506,"[1,1,0,-400,3008]",3,1
398538a1,398538,"[1,-1,0,-1701,37093]",3,1
398605b1,398605,"[1,1,1,-35,90]",3,1
398615f1,398615,"[0,1,1,-3201,68730]",3,1
398656e1,398656,"[0,1,0,-353,-2273]",3,1
398684a1,398684,"[0,0,0,-1897,29305]",3,1
398730a1,398730,"[1,1,0,52,108]",3,1
398772f1,398772,"[0,0,0,-11928,501329]",3,1
398786e1,398786,"[1,0,0,2840,123456]",3,1
398815a1,398815,"[0,1,1,-506,4200]",3,1
398838a1,398838,"[1,1,0,-352,2800]",3,1
398894a1,398894,"[1,1,0,-110,-332]",3,1
398918c1,398918,"[1,1,1,-10666,268215]",3,1
398956a1,398956,"[0,-1,0,-69,358]",3,1
398960e1,398960,"[0,-1,0,-4840,179312]",3,1
398979a1,398979,"[1,-1,1,-26,46]",3,1
398992a1,398992,"[0,0,0,-499,3634]",3,1
399020a1,399020,"[0,0,0,-292,2449]",3,1
399043a1,399043,"[0,1,1,-19,38]",3,1
399088a1,399088,"[0,0,0,101,-566]",3,1
399110b1,399110,"[1,1,0,-3188,68368]",3,1
399110g1,399110,"[1,0,0,-38300,2890000]",3,1
399124a1,399124,"[0,0,0,-49,241]",3,1
399127a1,399127,"[0,-1,1,-4019,99534]",3,1
399210g1,399210,"[1,1,0,-542,6696]",3,1
399216a1,399216,"[0,-1,0,-296,912]",3,1
399228e1,399228,"[0,-1,0,-24106,1450777]",3,1
399270b1,399270,"[1,1,0,23,841]",3,1
399294a1,399294,"[1,-1,0,-4068,100116]",3,1
399354a1,399354,"[1,1,0,-1093,12109]",3,1
399355a1,399355,"[1,0,0,-716,7231]",3,2
399355a2,399355,"[1,0,0,-111,19210]",3,2
399398c1,399398,"[1,0,0,-431,6457]",3,1
399426c1,399426,"[1,1,1,-355,2561]",3,1
399438a1,399438,"[1,-1,0,-756,7456]",3,1
399576d1,399576,"[0,1,0,-1252,14624]",3,1
399620a1,399620,"[0,0,0,-868,2577]",3,2
399620a2,399620,"[0,0,0,3337,20238]",3,2
399624a1,399624,"[0,1,0,-9,891]",3,1
399744a1,399744,"[0,0,0,-132,720]",3,1
399826a1,399826,"[1,0,1,-52,-90]",3,1
399826c1,399826,"[1,0,0,-9139,-316191]",3,1
399836a1,399836,"[0,0,0,-1148,14969]",3,1
399864a1,399864,"[0,-1,0,-124,484]",3,1
399888c1,399888,"[0,0,0,-219,3994]",3,1
399917a1,399917,"[1,0,0,-39,-92]",3,1
399949a1,399949,"[0,0,1,-125,620]",3,1
399976a1,399976,"[0,0,0,-391,2890]",3,1
400166a1,400166,"[1,0,1,-60,230]",3,1
400203a1,400203,"[1,-1,1,-13100,-572164]",3,1
400266e1,400266,"[1,-1,1,-713,-5047]",3,1
400292a1,400292,"[0,-1,0,-134,4105]",3,1
400311a1,400311,"[0,0,1,-2307,32976]",3,1
400348a1,400348,"[0,1,0,-377,2704]",3,1
400349a1,400349,"[1,1,1,21,136]",3,1
400360a1,400360,"[0,1,0,-545,-2525]",3,1
400395a1,400395,"[0,1,1,-2816,55790]",3,1
400428b1,400428,"[0,0,0,-1029,10829]",3,1
400512a1,400512,"[0,-1,0,-505,4681]",3,1
400537a1,400537,"[1,0,0,-1191,15722]",3,1
400595a1,400595,"[1,0,0,-46,45]",3,1
400606a1,400606,"[1,0,0,-100,336]",3,1
400640e1,400640,"[0,-1,0,-131,631]",3,1
400681a1,400681,"[1,1,1,-26,30]",3,1
400723a1,400723,"[1,1,1,-333,2200]",3,1
400809d1,400809,"[0,1,1,-630,20]",3,1
400850a1,400850,"[1,-1,0,23,81]",3,1
400880g1,400880,"[0,0,0,37,538]",3,1
400914f1,400914,"[1,-1,1,-2807,57935]",3,1
400914g1,400914,"[1,-1,1,1939,50645]",3,1
400953a1,400953,"[0,1,1,13048,908570]",3,1
400968a1,400968,"[0,0,0,84,36]",3,1
400987a1,400987,"[0,1,1,12,30]",3,1
401124a1,401124,"[0,1,0,-4485,119079]",3,1
401143a1,401143,"[0,1,1,160,1350]",3,1
401184b1,401184,"[0,0,0,-4332,148160]",3,1
401254a1,401254,"[1,0,1,-2573,49992]",3,1
401297a1,401297,"[1,1,1,43,0]",3,1
401388a1,401388,"[0,-1,0,-14482,677161]",3,1
401390f1,401390,"[1,0,0,-373726,87882180]",3,2
401390f2,401390,"[1,0,0,-322526,112837060]",3,2
401455a1,401455,"[1,-1,1,-43,122]",3,1
401486a1,401486,"[1,0,0,2167,38809]",3,1
401578b1,401578,"[1,0,0,-1761,28297]",3,1
401631a1,401631,"[0,1,1,-110,380]",3,1
401635a1,401635,"[0,-1,1,-4246,-69548]",3,1
401659a1,401659,"[0,-1,1,20,-128]",3,1
401672b1,401672,"[0,-1,0,404,3812]",3,1
401690d1,401690,"[1,-1,1,-1113,13881]",3,1
401742b1,401742,"[1,-1,0,-1071,18873]",3,1
401800a1,401800,"[0,0,0,-63700,10118500]",3,1
401860a1,401860,"[0,1,0,-201,1024]",3,1
401976c1,401976,"[0,0,0,-135,4698]",3,1
401982a1,401982,"[1,1,0,-1214,15204]",3,1
401986a1,401986,"[1,-1,0,-8359,296257]",3,1
402034a1,402034,"[1,1,0,-217,1145]",3,1
402042d1,402042,"[1,1,1,-5052,72477]",3,1
402046h1,402046,"[1,1,1,176,-975]",3,1
402062b1,402062,"[1,0,0,93,1]",3,1
402104a1,402104,"[0,1,0,-20,49]",3,1
402138a1,402138,"[1,-1,0,-3276,72976]",3,1
402144f1,402144,"[0,1,0,-2865,51039]",3,1
402157a1,402157,"[1,1,1,-641,-2340]",3,1
402177a1,402177,"[1,0,0,-2322,57591]",3,1
402213b1,402213,"[1,1,1,-70,236]",3,1
402228a1,402228,"[0,0,0,-849,9569]",3,1
402234o1,402234,"[1,1,1,-6437,196715]",3,1
402335b1,402335,"[0,1,1,-4695,-125244]",3,1
402368d1,402368,"[0,-1,0,-145,881]",3,1
402426e1,402426,"[1,-1,1,-467,14195]",3,1
402438b1,402438,"[1,1,0,-145,1]",3,1
402480b1,402480,"[0,0,0,-9363,347362]",3,2
402480b2,402480,"[0,0,0,-4683,694618]",3,2
402486e1,402486,"[1,1,0,-361,2101]",3,2
402486e2,402486,"[1,1,0,-5541,156465]",3,2
402552a1,402552,"[0,0,0,-87,90]",3,1
402612b1,402612,"[0,-1,0,-756,8232]",3,1
402626b1,402626,"[1,-1,1,-492,10095]",3,1
402686a1,402686,"[1,0,1,-5387,151710]",3,1
402686d1,402686,"[1,-1,1,-76,-49]",3,1
402696c1,402696,"[0,0,0,-2964,111204]",3,1
402702d1,402702,"[1,0,1,-3437,74360]",3,1
402888a1,402888,"[0,-1,0,-655,6676]",3,1
402938a1,402938,"[1,-1,0,-400,3172]",3,1
402982a1,402982,"[1,0,1,-345,2432]",3,1
403013c1,403013,"[1,0,0,-79,208]",3,1
403070a1,403070,"[1,1,0,-5018,134788]",3,1
403113a1,403113,"[1,0,0,61,210]",3,1
403145a1,403145,"[1,1,1,-241,1338]",3,1
403280a1,403280,"[0,0,0,-37843,2833042]",3,1
403308a1,403308,"[0,0,0,-1119,-11194]",3,1
403384a1,403384,"[0,0,0,5,43]",3,1
403386c1,403386,"[1,0,0,-2985,65241]",3,1
403389e1,403389,"[1,-1,1,451,18142]",3,1
403430b1,403430,"[1,0,0,-97245,11561137]",3,1
403479c1,403479,"[0,0,1,-197184,33701985]",3,1
403496c1,403496,"[0,-1,0,-23,4]",3,1
403546b1,403546,"[1,0,1,-9508,156642]",3,2
403546b2,403546,"[1,0,1,33652,1192482]",3,2
403598h1,403598,"[1,1,1,-204514,37301487]",3,1
403640b1,403640,"[0,-1,0,-91,380]",3,1
403648k1,403648,"[0,1,0,-229,-165]",3,2
403648k2,403648,"[0,1,0,-2609,-52049]",3,2
403660b1,403660,"[0,0,0,-14293,657717]",3,1
403692a1,403692,"[0,-1,0,-42,9]",3,1
403725c1,403725,"[0,-1,1,-10008,38918]",3,1
403806c1,403806,"[1,0,1,-677,6860]",3,1
403811a1,403811,"[1,0,0,-38,169]",3,1
403820a1,403820,"[0,-1,0,-4701,125641]",3,1
403878b1,403878,"[1,0,1,-1898,31592]",3,1
404025a1,404025,"[0,-1,1,-1308,18668]",3,1
404025b1,404025,"[0,-1,1,-833,22193]",3,1
404062a1,404062,"[1,0,0,-500,5776]",3,1
404096e1,404096,"[0,-1,0,-217,1001]",3,1
404098b1,404098,"[1,1,1,-288,-1727]",3,1
404111a1,404111,"[1,1,1,-392,2880]",3,1
404120b1,404120,"[0,-1,0,44,356]",3,1
404200f1,404200,"[0,-1,0,-14408,206812]",3,1
404261a1,404261,"[0,0,1,12221,482820]",3,1
404271a1,404271,"[1,-1,1,646,31402]",3,1
404278a1,404278,"[1,1,0,641,4421]",3,1
404286b1,404286,"[1,1,0,1920,-29952]",3,1
404340c1,404340,"[0,-1,0,-3421,82846]",3,1
404340e1,404340,"[0,-1,0,199,426]",3,1
404430a1,404430,"[1,1,0,-18303,945477]",3,2
404430a2,404430,"[1,1,0,-19023,866133]",3,4
404430a3,404430,"[1,1,0,31677,4749753]",3,2
404430a4,404430,"[1,1,0,-81243,-8081103]",3,2
404492a1,404492,"[0,0,0,-520,4897]",3,1
404607a1,404607,"[0,1,1,-1792,27550]",3,1
404620b1,404620,"[0,-1,0,-330,2425]",3,1
404729a1,404729,"[0,1,1,-44,-42]",3,1
404781a1,404781,"[0,-1,1,-16,198]",3,1
404807a1,404807,"[1,0,0,-66,169]",3,1
404834b1,404834,"[1,0,1,-39,-220]",3,1
404852a1,404852,"[0,1,0,-882,9769]",3,1
404906a1,404906,"[1,-1,0,-115,537]",3,1
404910l1,404910,"[1,-1,0,-8529,296585]",3,2
404910l2,404910,"[1,-1,0,2721,1014335]",3,2
405018a1,405018,"[1,-1,0,-444,3664]",3,1
405069a1,405069,"[1,1,1,106,-844]",3,1
405087a1,405087,"[0,1,1,-262,1540]",3,1
405130b1,405130,"[1,1,0,82,472]",3,1
405150d1,405150,"[1,1,0,-350,3000]",3,1
405192a1,405192,"[0,-1,0,-284,2148]",3,1
405262c1,405262,"[1,0,1,-12679,588798]",3,1
405315d1,405315,"[0,0,1,-3918,-81252]",3,1
405344a1,405344,"[0,-1,0,-19569,1060225]",3,1
405438i1,405438,"[1,1,1,-12139,288857]",3,1
405535a1,405535,"[0,1,1,7340,199556]",3,1
405542b1,405542,"[1,0,0,-330,-1244]",3,1
405542c1,405542,"[1,0,0,-3864,92128]",3,1
405734c1,405734,"[1,1,0,-42,1372]",3,1
405890b1,405890,"[1,1,1,34,1563]",3,1
405936f1,405936,"[0,0,0,-25563,1574026]",3,1
405940a1,405940,"[0,1,0,-770,7225]",3,1
405950a1,405950,"[1,-1,0,-58192,-766784]",3,1
405950f1,405950,"[1,1,0,-140,-500]",3,1
405969a1,405969,"[0,1,1,40,140]",3,1
406018c1,406018,"[1,-1,1,-1266,7665]",3,1
406028b1,406028,"[0,1,0,-9917,376831]",3,1
406056a1,406056,"[0,-1,0,-12,81]",3,1
406087a1,406087,"[1,0,0,3393,-62282]",3,1
406128a1,406128,"[0,-1,0,-357,1881]",3,1
406170c1,406170,"[1,-1,0,-9630,-24300]",3,1
406176a1,406176,"[0,-1,0,-42,144]",3,1
406205a1,406205,"[1,1,1,160,-3870]",3,1
406206d1,406206,"[1,-1,1,-437,8525]",3,1
406223a1,406223,"[0,1,1,18,190]",3,1
406227a1,406227,"[0,1,1,-375,2675]",3,1
406275a1,406275,"[1,1,1,-538,12656]",3,1
406295b1,406295,"[0,1,1,-111,420]",3,1
406333a1,406333,"[0,1,1,76,76]",3,1
406370c1,406370,"[1,-1,1,-5718,167781]",3,1
406395a1,406395,"[0,0,1,3603,72092]",3,1
406440g1,406440,"[0,0,0,-3087,63666]",3,2
406440g2,406440,"[0,0,0,1413,233766]",3,2
406446a1,406446,"[1,1,0,-113,69]",3,1
406520a1,406520,"[0,0,0,2,97]",3,1
406544a1,406544,"[0,1,0,-136,516]",3,1
406575a1,406575,"[0,0,1,-85575,9654156]",3,1
406640a1,406640,"[0,1,0,-20176,1727124]",3,2
406640a2,406640,"[0,1,0,-371696,87076180]",3,2
406666b1,406666,"[1,0,0,-332,1936]",3,1
406701a1,406701,"[0,0,1,-189,560]",3,1
406904d1,406904,"[0,-1,0,-115,476]",3,1
406931c1,406931,"[0,1,1,-1933,-17815]",3,1
406942a1,406942,"[1,0,1,17,132]",3,1
406957a1,406957,"[1,-1,1,-27,180]",3,1
406998b1,406998,"[1,-1,0,45,49]",3,1
407090a1,407090,"[1,0,1,-74,216]",3,1
407090b1,407090,"[1,0,0,-6591,199321]",3,1
407150g1,407150,"[1,-1,1,-315,9387]",3,1
407166a1,407166,"[1,0,1,-860,24320]",3,1
407166f1,407166,"[1,0,0,-997,71681]",3,1
407178a1,407178,"[1,-1,0,-234,324]",3,1
407192b1,407192,"[0,1,0,-579,5170]",3,1
407256a1,407256,"[0,-1,0,-1852,31309]",3,1
407288c1,407288,"[0,-1,0,-604,1205]",3,1
407305a1,407305,"[1,1,1,-571690,167130732]",3,1
407349a1,407349,"[1,-1,1,-86,392]",3,1
407360b1,407360,"[0,1,0,-6785,433183]",3,1
407413a1,407413,"[1,-1,1,77,0]",3,1
407426a1,407426,"[1,-1,0,-1063,13609]",3,1
407450b1,407450,"[1,0,1,-856,9558]",3,2
407450b2,407450,"[1,0,1,-956,7158]",3,2
407466b1,407466,"[1,-1,1,-1877,32685]",3,1
407546a1,407546,"[1,-1,0,-1,31]",3,1
407546b1,407546,"[1,1,1,-5401,151335]",3,1
407616i1,407616,"[0,-1,0,479,26017]",3,1
407686b1,407686,"[1,-1,1,-189,-123]",3,1
407690e1,407690,"[1,1,0,-5197,139481]",3,1
407792a1,407792,"[0,1,0,-31872,2181556]",3,1
407836a1,407836,"[0,1,0,-4642,120249]",3,1
407878a1,407878,"[1,-1,0,-329,2469]",3,1
407878b1,407878,"[1,0,0,-644,41488]",3,1
407906a1,407906,"[1,1,0,1,31]",3,1
407906b1,407906,"[1,-1,1,4746,-123]",3,1
407914a1,407914,"[1,-1,0,-406,3268]",3,1
407997e1,407997,"[1,-1,1,187,3808]",3,1
408021a1,408021,"[1,1,1,912,-186]",3,1
408051a1,408051,"[0,0,1,-4791,128992]",3,1
408158d1,408158,"[1,-1,1,-1704,18027]",3,1
408318b1,408318,"[1,0,0,-5300,87696]",3,1
408386a1,408386,"[1,1,0,-15785,756613]",3,1
408526a1,408526,"[1,1,0,-5637,161485]",3,1
408548b1,408548,"[0,0,0,-1069,13501]",3,1
408763a1,408763,"[0,0,1,10,28]",3,1
408789a1,408789,"[0,0,1,-39,3492]",3,1
408800f1,408800,"[0,1,0,-833,10063]",3,1
408822e1,408822,"[1,1,1,111,2415]",3,1
408850a1,408850,"[1,0,1,-4226,105348]",3,2
408850a2,408850,"[1,0,1,-3726,131348]",3,2
408881a1,408881,"[0,1,1,-8909,320712]",3,1
408921a1,408921,"[1,0,0,81,-90]",3,1
408930a1,408930,"[1,1,0,2982,-376092]",3,1
408978b1,408978,"[1,-1,0,-225,1809]",3,1
409120a1,409120,"[0,-1,0,-1850,-27500]",3,1
409149g1,409149,"[1,-1,1,-149,1122]",3,1
409248o1,409248,"[0,0,0,-18081,-926100]",3,2
409248o2,409248,"[0,0,0,-33516,889056]",3,2
409275c1,409275,"[0,0,1,-6675,-20594]",3,1
409293c1,409293,"[0,0,1,-270,-1492]",3,1
409302l1,409302,"[1,-1,1,-986,5145]",3,1
409304a1,409304,"[0,0,0,-796,8020]",3,1
409308b1,409308,"[0,-1,0,-37093,2762113]",3,1
409329b1,409329,"[0,0,1,60,445]",3,1
409335d1,409335,"[0,-1,1,-915,7643]",3,1
409430a1,409430,"[1,0,1,-99,266]",3,2
409430a2,409430,"[1,0,1,251,1806]",3,2
409497a1,409497,"[0,-1,1,-44,140]",3,1
409533a1,409533,"[1,1,1,-39,0]",3,1
409572b1,409572,"[0,0,0,-804,-6959]",3,1
409578g1,409578,"[1,1,1,-240,2001]",3,1
409621a1,409621,"[0,-1,1,-76,280]",3,1
409638b1,409638,"[1,1,0,-3422,59892]",3,1
409638d1,409638,"[1,0,1,-735,7510]",3,1
409647a1,409647,"[0,-1,1,90,902]",3,1
409692a1,409692,"[0,-1,0,-109,-71]",3,1
409728b1,409728,"[0,-1,0,-419,3123]",3,2
409728b2,409728,"[0,-1,0,551,14569]",3,2
409745a1,409745,"[1,0,0,-46,405]",3,1
409746g1,409746,"[1,0,0,-3342,66564]",3,1
409794g1,409794,"[1,0,1,-1368,20242]",3,2
409794g2,409794,"[1,0,1,-22158,1267642]",3,2
409814b1,409814,"[1,-1,0,-356,2668]",3,1
409854a1,409854,"[1,1,0,-101,141]",3,1
409877a1,409877,"[0,1,1,-40,80]",3,1
409882e1,409882,"[1,-1,1,-439086,100090941]",3,1
409887a1,409887,"[1,-1,1,112,1568]",3,1
409893a1,409893,"[0,-1,1,-22775,1324817]",3,1
409926a1,409926,"[1,1,0,41,841]",3,1
409950a1,409950,"[1,-1,0,-1242,16816]",3,1
409952a1,409952,"[0,-1,0,-529,5153]",3,1
409989a1,409989,"[1,1,1,-2733,53922]",3,1
410032a1,410032,"[0,0,0,-56203,5473594]",3,1
410032j1,410032,"[0,-1,0,-1192,23696]",3,1
410080g1,410080,"[0,-1,0,-241,3041]",3,1
410092a1,410092,"[0,1,0,-13,60]",3,1
410172a1,410172,"[0,-1,0,-3410,48441]",3,1
410189a1,410189,"[0,0,1,-532,4901]",3,1
410193a1,410193,"[0,0,1,-11889,498862]",3,1
410266a1,410266,"[1,0,0,-234,1444]",3,1
410344a1,410344,"[0,1,0,-1508,22045]",3,1
410366a1,410366,"[1,0,1,157,1182]",3,1
410376a1,410376,"[0,-1,0,-17,309]",3,1
410430f1,410430,"[1,1,1,-1466,14663]",3,1
410480b1,410480,"[0,0,0,-7867,263674]",3,1
410536a1,410536,"[0,-1,0,-2087,54664]",3,1
410536b1,410536,"[0,-1,0,9,112]",3,1
410590a1,410590,"[1,0,1,-713,7656]",3,1
410628b1,410628,"[0,-1,0,-116,264]",3,1
410669a1,410669,"[0,-1,1,278500,1857582]",3,1
410669a2,410669,"[0,-1,1,-30450870,64694120322]",3,1
410720a1,410720,"[0,1,0,-6,400]",3,2
410720a2,410720,"[0,1,0,-856,9240]",3,2
410730a1,410730,"[1,1,0,-118,532]",3,1
410744a1,410744,"[0,1,0,-68,256]",3,1
410745a1,410745,"[0,1,1,-43936,-1770584]",3,1
410800a1,410800,"[0,1,0,-10608,506788]",3,2
410800a2,410800,"[0,1,0,-179608,29236788]",3,2
410870a1,410870,"[1,0,0,-806,-7964]",3,1
410871a1,410871,"[1,1,1,10,56]",3,1
410893b1,410893,"[0,-1,1,-103,376]",3,1
410894b1,410894,"[1,0,0,68,1776]",3,1
410898b1,410898,"[1,0,1,-733,7292]",3,1
410930a1,410930,"[1,0,1,-2074,35532]",3,2
410930a2,410930,"[1,0,1,-4394,-59124]",3,2
410930b1,410930,"[1,0,1,-1198163,504701406]",3,2
410930b2,410930,"[1,0,1,-1181343,519563558]",3,2
410962a1,410962,"[1,1,0,-318,2164]",3,1
411010a1,411010,"[1,0,1,-334,132]",3,1
411045a1,411045,"[0,-1,1,-116,536]",3,1
411057a1,411057,"[0,0,1,-144,667]",3,1
411100a1,411100,"[0,1,0,-358,2913]",3,1
411109a1,411109,"[0,0,1,-9283,344252]",3,1
411111a1,411111,"[1,-1,1,-1481,33270]",3,1
411129a1,411129,"[1,-1,1,-92504,10852084]",3,1
411300d1,411300,"[0,0,0,-1425,57625]",3,1
411334c1,411334,"[1,0,0,-2937,56569]",3,1
411360d1,411360,"[0,-1,0,-15985,815617]",3,1
411396a1,411396,"[0,1,0,-725,7284]",3,1
411440a1,411440,"[0,0,0,-3568,10492]",3,1
411455a1,411455,"[0,1,1,-30,84]",3,1
411470c1,411470,"[1,0,0,-1311,20185]",3,1
411554a1,411554,"[1,-1,0,-301,7153]",3,1
411585a1,411585,"[1,1,1,-116,-502]",3,1
411585c1,411585,"[1,1,0,-4013,96222]",3,1
411633a1,411633,"[0,0,1,-156,-13014]",3,1
411725a1,411725,"[1,1,1,-188,3906]",3,1
411792a1,411792,"[0,-1,0,-1880,32016]",3,1
411792f1,411792,"[0,-1,0,35724,-150768]",3,1
411800e1,411800,"[0,0,0,70,-475]",3,2
411800e2,411800,"[0,0,0,-655,-5550]",3,2
411822a1,411822,"[1,-1,0,459,26001]",3,1
411858b1,411858,"[1,-1,0,390,3572]",3,1
411957b1,411957,"[1,-1,1,-40037,3117980]",3,2
411957b2,411957,"[1,-1,1,-642002,198154640]",3,2
411985a1,411985,"[1,-1,1,-12,186]",3,1
411998a1,411998,"[1,-1,0,-41,121]",3,1
412040a1,412040,"[0,1,0,-236,1264]",3,1
412070f1,412070,"[1,0,0,-551,4681]",3,1
412122a1,412122,"[1,1,0,-89,-321]",3,1
412122d1,412122,"[1,1,1,-422,1955]",3,1
412190e1,412190,"[1,0,0,-6536,202816]",3,1
412218a1,412218,"[1,-1,0,1359,52893]",3,1
412267a1,412267,"[0,-1,1,29,103]",3,1
412338d1,412338,"[1,1,1,-1602,21327]",3,1
412393a1,412393,"[1,1,1,-8424,7657942]",3,1
412476e1,412476,"[0,1,0,-262,2249]",3,1
412544a1,412544,"[0,0,0,-70,268]",3,1
412568a1,412568,"[0,1,0,-644,6112]",3,1
412570a1,412570,"[1,0,1,-24,2]",3,1
412570b1,412570,"[1,0,1,-23728,1294398]",3,1
412599a1,412599,"[0,1,1,-8712,296480]",3,1
412725c1,412725,"[1,0,0,-413,3942]",3,1
412737a1,412737,"[0,-1,1,-170,212]",3,1
412775b1,412775,"[1,0,0,-358,-693]",3,2
412775b2,412775,"[1,0,0,-3383,74932]",3,2
412800m1,412800,"[0,-1,0,-2633,58137]",3,1
412863a1,412863,"[0,-1,1,-188,1052]",3,1
412912a1,412912,"[0,1,0,-152,-236]",3,1
412912g1,412912,"[0,0,0,-296,1356]",3,1
413055d1,413055,"[0,0,1,132,1773]",3,1
413109a1,413109,"[1,-1,1,-119,442]",3,1
413192a1,413192,"[0,0,0,-79,-206]",3,1
413231b1,413231,"[0,1,1,-23777,1402920]",3,3
413231b2,413231,"[0,1,1,-64407,-4490103]",3,1
413326a1,413326,"[1,0,1,-379,2778]",3,1
413363a1,413363,"[1,0,0,-372,2669]",3,1
413374c1,413374,"[1,1,0,-16,44]",3,1
413413c1,413413,"[1,-1,1,309,1446]",3,1
413470b1,413470,"[1,1,0,-7382,323026]",3,1
413470d1,413470,"[1,-1,1,-1122,26721]",3,1
413507a1,413507,"[0,1,1,-751,-8113]",3,1
413544a1,413544,"[0,-1,0,-92,441]",3,1
413664f1,413664,"[0,1,0,-977,12639]",3,1
413762c1,413762,"[1,-1,1,-196,1095]",3,1
413776a1,413776,"[0,0,0,-499,4594]",3,1
413907a1,413907,"[0,1,1,156,-322]",3,1
414044a1,414044,"[0,-1,0,18,49]",3,1
414048k1,414048,"[0,1,0,-117137,15382431]",3,1
414198e1,414198,"[1,-1,1,-32,1048515]",3,1
414325b1,414325,"[0,-1,1,-183,-882]",3,1
414338b1,414338,"[1,0,0,-575,3481]",3,1
414348c1,414348,"[0,-1,0,-54141,4882857]",3,1
414348f1,414348,"[0,1,0,-37797,4827879]",3,1
414366b1,414366,"[1,1,1,-67,-175]",3,1
414366d1,414366,"[1,1,1,-25846,1586675]",3,1
414369a1,414369,"[0,0,1,-246,-959]",3,1
414458a1,414458,"[1,-1,1,-3522,81345]",3,1
414458b1,414458,"[1,1,1,37256,-2643015]",3,1
414460b1,414460,"[0,0,0,-28837,1944541]",3,1
414468a1,414468,"[0,0,0,-2919,-57026]",3,1
414486a1,414486,"[1,-1,0,81,1129]",3,1
414498g1,414498,"[1,0,1,-465,1300]",3,1
414523a1,414523,"[0,0,1,-32,76]",3,1
414542a1,414542,"[1,-1,1,-1089,14097]",3,1
414542d1,414542,"[1,1,1,-6252,60685]",3,1
414555a1,414555,"[0,-1,1,-306,2162]",3,1
414574a1,414574,"[1,-1,0,-184,1024]",3,1
414576e1,414576,"[0,0,0,-171,746]",3,1
414596b1,414596,"[0,-1,0,-749,41209]",3,1
414656c1,414656,"[0,0,0,-148,736]",3,1
414656i1,414656,"[0,1,0,991,-1985]",3,1
414656bc1,414656,"[0,0,0,366868,344875120]",3,1
414659a1,414659,"[0,1,1,-455,-2340]",3,1
414690h1,414690,"[1,1,0,-5762,164736]",3,2
414690h2,414690,"[1,1,0,-92012,10704486]",3,2
414698a1,414698,"[1,-1,0,-1948,33616]",3,1
414701a1,414701,"[0,0,1,8,-574]",3,1
414800a1,414800,"[0,1,0,-408,2788]",3,1
414818a1,414818,"[1,0,1,23,0]",3,1
414850a1,414850,"[1,0,1,-26,2448]",3,1
414850b1,414850,"[1,-1,0,-70067,7156341]",3,1
414903a1,414903,"[0,1,1,-13232,656642]",3,1
414953a1,414953,"[0,-1,1,-16252,2424592]",3,1
414966d1,414966,"[1,1,1,-9005,198371]",3,2
414966d2,414966,"[1,1,1,-128045,17578211]",3,2
415010a1,415010,"[1,-1,0,-17669,908433]",3,1
415038i1,415038,"[1,1,1,-292769,60804191]",3,2
415038i2,415038,"[1,1,1,-359329,31011935]",3,2
415104k1,415104,"[0,1,0,-2195,6549]",3,2
415104k2,415104,"[0,1,0,8615,60599]",3,2
415116b1,415116,"[0,0,0,-22584,1332164]",3,1
415126a1,415126,"[1,-1,0,-37,133]",3,1
415156a1,415156,"[0,1,0,-449,3520]",3,1
415160c1,415160,"[0,-1,0,-1616,26716]",3,1
415194e1,415194,"[1,0,0,-10960,1239296]",3,1
415251e1,415251,"[0,0,1,-17658,-819673]",3,1
415291a1,415291,"[1,0,0,-47,124]",3,1
415296p1,415296,"[0,0,0,-15804,772784]",3,1
415296p2,415296,"[0,0,0,54756,3955824]",3,1
415378a1,415378,"[1,0,1,-2796,58214]",3,1
415428b1,415428,"[0,1,0,-7677,255231]",3,1
415460a1,415460,"[0,1,0,60,2788]",3,1
415558d1,415558,"[1,1,1,-25944,1767961]",3,1
415560c1,415560,"[0,1,0,-2641,40595]",3,1
415614a1,415614,"[1,0,1,-907,-8590]",3,1
415645c1,415645,"[1,-1,1,-5437,-244126]",3,1
415662a1,415662,"[1,1,0,-1534,23224]",3,1
415870b1,415870,"[1,-1,0,-10624,430468]",3,1
416046e1,416046,"[1,0,0,-13900,622736]",3,1
416075c1,416075,"[1,0,0,-12938,562867]",3,2
416075c2,416075,"[1,0,0,-6063,1160992]",3,2
416142e1,416142,"[1,-1,1,-1022,13965]",3,1
416164a1,416164,"[0,1,0,86,1137]",3,1
416206l1,416206,"[1,0,0,-63799,-2129751]",3,2
416206l2,416206,"[1,0,0,-565559,162146473]",3,2
416298b1,416298,"[1,1,0,-790,2068]",3,1
416364f1,416364,"[0,1,0,-8385,289584]",3,2
416364f2,416364,"[0,1,0,-1500,757764]",3,2
416379a1,416379,"[0,-1,1,19,-7]",3,1
416400b1,416400,"[0,-1,0,-208,2512]",3,1
416433a1,416433,"[0,-1,1,-244,1560]",3,1
416448o1,416448,"[0,0,0,-1596,24496]",3,1
416517a1,416517,"[0,1,1,-212,230]",3,1
416612a1,416612,"[0,1,0,-190,849]",3,1
416663a1,416663,"[0,-1,1,-66,258]",3,1
416703a1,416703,"[0,1,1,-56,2]",3,1
416704a1,416704,"[0,1,0,-5529,-136793]",3,2
416704a2,416704,"[0,1,0,9791,-746529]",3,2
416757a1,416757,"[0,1,1,-14752,-557108]",3,1
416775d1,416775,"[0,-1,1,-333,-1807]",3,1
416832bb1,416832,"[0,1,0,-5377,155039]",3,1
416864a1,416864,"[0,-1,0,-20861,1166677]",3,1
416898b1,416898,"[1,-1,0,-1170,17172]",3,1
416901a1,416901,"[1,1,1,-79,-250]",3,1
416942c1,416942,"[1,0,0,-442,3684]",3,1
416960c1,416960,"[0,1,0,-5345,82975]",3,1
416970d1,416970,"[1,-1,0,-990,-10040]",3,1
416970j1,416970,"[1,-1,0,-11889,494545]",3,1
417024k1,417024,"[0,0,0,-318,-736]",3,1
417053b1,417053,"[0,0,1,-6709,211550]",3,1
417248f1,417248,"[0,-1,0,-42,676]",3,1
417251a1,417251,"[0,-1,1,-27,72]",3,1
417352a1,417352,"[0,1,0,-169,507]",3,1
417368a1,417368,"[0,-1,0,-124,-220]",3,1
417397a1,417397,"[0,0,1,-263,-1288]",3,1
417438a1,417438,"[1,-1,0,387,7749]",3,1
417444a1,417444,"[0,-1,0,-69,270]",3,1
417491a1,417491,"[0,0,1,-136,611]",3,1
417542a1,417542,"[1,-1,0,-8410,299764]",3,1
417594e1,417594,"[1,1,1,-1137,13455]",3,1
417601a1,417601,"[0,-1,1,-20652,1059240]",3,1
417707a1,417707,"[0,1,1,98,2180]",3,1
417786d1,417786,"[1,0,1,106,-2392]",3,1
417824a1,417824,"[0,0,0,-9265,343708]",3,1
417841a1,417841,"[0,1,1,-4664,-10514]",3,1
417937a1,417937,"[1,0,0,81,298]",3,1
418130b1,418130,"[1,0,0,-406,36]",3,1
418150a1,418150,"[1,-1,0,-502,4456]",3,1
418166h1,418166,"[1,1,1,-232,-183]",3,1
418174a1,418174,"[1,0,0,-192,4096]",3,1
418190e1,418190,"[1,0,1,-363,1538]",3,2
418190e2,418190,"[1,0,1,-5113,140238]",3,2
418196a1,418196,"[0,1,0,-57,136]",3,1
418262a1,418262,"[1,-1,0,-4228198,3347479144]",3,1
418293a1,418293,"[1,-1,1,34,-278]",3,1
418302g1,418302,"[1,-1,1,-50864,4430099]",3,1
418342c1,418342,"[1,0,0,51,3985]",3,1
418400e1,418400,"[0,-1,0,-433,3137]",3,1
418539a1,418539,"[1,1,1,-8291,290060]",3,1
418544a1,418544,"[0,1,0,-301,-297]",3,1
418555b1,418555,"[1,0,0,-520,-4263]",3,1
418560j1,418560,"[0,-1,0,-15,387]",3,1
418829a1,418829,"[1,0,0,-37,-84]",3,1
418848a1,418848,"[0,-1,0,-234,1620]",3,1
418894a1,418894,"[1,0,0,-67,321]",3,1
418894b1,418894,"[1,0,0,-294167,61389289]",3,1
418933a1,418933,"[1,0,1,3,-31]",3,1
418938a1,418938,"[1,1,0,-1397,54765]",3,1
418944q1,418944,"[0,1,0,-147,-99]",3,1
419038a1,419038,"[1,1,1,-8337,292975]",3,1
419133a1,419133,"[0,1,1,-6722,210140]",3,1
419168a1,419168,"[0,-1,0,-97,-79]",3,1
419248a1,419248,"[0,1,0,-248,1444]",3,1
419414a1,419414,"[1,-1,1,-69546,7076841]",3,1
419460c1,419460,"[0,-1,0,1275,50625]",3,1
419723a1,419723,"[0,0,1,-301,2010]",3,1
419723b1,419723,"[0,0,1,57319,2126812]",3,1
419787a1,419787,"[1,-1,1,-41,506]",3,1
419790d1,419790,"[1,1,0,-997,10609]",3,1
419818a1,419818,"[1,1,0,-1890,30856]",3,1
419872a1,419872,"[0,0,0,-115,-458]",3,1
419941a1,419941,"[0,0,1,-28,-48]",3,1
419986b1,419986,"[1,1,0,-6709,-203959]",3,1
419993a1,419993,"[1,-1,1,3,30]",3,1
420036a1,420036,"[0,-1,0,-2677,54481]",3,1
420058a1,420058,"[1,-1,0,-41,61]",3,1
420072j1,420072,"[0,1,0,-872,-1011]",3,1
420118c1,420118,"[1,0,0,-411,1489]",3,1
420130a1,420130,"[1,0,1,-29,36]",3,1
420135a1,420135,"[0,-1,1,-2370,45056]",3,1
420149a1,420149,"[0,1,1,-52,-160]",3,1
420156a1,420156,"[0,0,0,-2172,37465]",3,1
420303a1,420303,"[0,1,1,-34662,2472500]",3,1
420337a1,420337,"[1,-1,1,-52,210]",3,1
420357b1,420357,"[1,1,1,-354,2070]",3,2
420357b2,420357,"[1,1,1,591,12276]",3,2
420390p1,420390,"[1,-1,1,-2918,58357]",3,1
420392a1,420392,"[0,0,0,-199,1066]",3,1
420469a1,420469,"[1,0,0,48,181]",3,1
420489a1,420489,"[0,0,1,-129,-11030]",3,1
420600q1,420600,"[0,1,0,-7233,224163]",3,1
420602a1,420602,"[1,-1,0,-658,-2156]",3,1
420656d1,420656,"[0,-1,0,-1816,30464]",3,1
420665d1,420665,"[1,0,0,-42190,2854725]",3,1
420742a1,420742,"[1,1,0,-1319,11641]",3,1
420755a1,420755,"[1,-1,1,-333,552]",3,1
420761a1,420761,"[0,1,1,-9630,360558]",3,1
420862a1,420862,"[1,0,1,-68,-126]",3,1
420870a1,420870,"[1,1,0,-292,-356]",3,1
420906a1,420906,"[1,1,0,-14254,648664]",3,1
420936a1,420936,"[0,-1,0,-249,1629]",3,1
420950d1,420950,"[1,-1,1,-405,5997]",3,1
420952a1,420952,"[0,1,0,-449,1507]",3,1
420996a1,420996,"[0,-1,0,-1829,30753]",3,1
421059a1,421059,"[1,1,1,-225,996]",3,1
421078d1,421078,"[1,-1,1,-1734,15957]",3,1
421128a1,421128,"[0,0,0,84,-76]",3,1
421212f1,421212,"[0,1,0,-837,2916]",3,1
421246c1,421246,"[1,0,0,-179,2785]",3,1
421290d1,421290,"[1,-1,0,-1215,16681]",3,1
421312c1,421312,"[0,1,0,-9,247]",3,1
421390a1,421390,"[1,0,1,-208,306]",3,1
421421a1,421421,"[0,1,1,608,-1830]",3,1
421421h1,421421,"[1,0,1,-8555,303825]",3,1
421442b1,421442,"[1,1,1,-207,1237]",3,1
421509a1,421509,"[0,1,1,-2234,21512]",3,1
421534d1,421534,"[1,-1,1,-306,561]",3,1
421534e1,421534,"[1,1,1,-2444,-12339]",3,1
421755b1,421755,"[0,-1,1,-101,407]",3,1
421966a1,421966,"[1,0,1,-27,26]",3,1
422008c1,422008,"[0,-1,0,-220,4196]",3,1
422037a1,422037,"[0,0,1,-9849,307242]",3,1
422080a1,422080,"[0,0,0,-268,592]",3,1
422094c1,422094,"[1,0,1,-10799,431030]",3,1
422199a1,422199,"[1,-1,1,-176,-754]",3,1
422234b1,422234,"[1,-1,0,37447,1420029]",3,1
422247a1,422247,"[1,1,1,185,-184]",3,1
422247b1,422247,"[1,1,1,-127516,17473370]",3,1
422275a1,422275,"[0,1,1,-52858,4716194]",3,1
422331bc1,422331,"[0,-1,1,-153001,23885175]",3,1
422347a1,422347,"[0,-1,1,-103,160]",3,1
422552b1,422552,"[0,1,0,-8,157]",3,1
422565b1,422565,"[0,-1,1,-13120,581688]",3,1
422616a1,422616,"[0,-1,0,-72,81]",3,1
422670a1,422670,"[1,1,0,-243,-1287]",3,2
422670a2,422670,"[1,1,0,507,-6837]",3,2
422670b1,422670,"[1,1,0,-743,897]",3,2
422670b2,422670,"[1,1,0,-7493,-251553]",3,2
422679a1,422679,"[0,-1,1,-28,30]",3,1
422715a1,422715,"[0,-1,1,-970,11556]",3,1
422723a1,422723,"[0,0,1,-833,-8318]",3,1
422762d1,422762,"[1,0,1,-2435,118690]",3,1
422800k1,422800,"[0,-1,0,-3008,74512]",3,1
422876a1,422876,"[0,-1,0,-1362,19801]",3,1
422886b1,422886,"[1,0,1,-19112,1016246]",3,1
422968a1,422968,"[0,0,0,-259,679]",3,1
423078a1,423078,"[1,1,0,-1904,-29424]",3,1
423312b1,423312,"[0,-1,0,-189,1089]",3,1
423480h1,423480,"[0,1,0,-996,10080]",3,2
423480h2,423480,"[0,1,0,1704,57600]",3,2
423532a1,423532,"[0,0,0,-32,260]",3,1
423536e1,423536,"[0,-1,0,48,1984]",3,1
423558a1,423558,"[1,-1,0,-951,11501]",3,1
423682a1,423682,"[1,0,1,-2600,50772]",3,1
423694c1,423694,"[1,-1,0,-1292,18204]",3,1
423702d1,423702,"[1,-1,1,-794,5977]",3,1
423710a1,423710,"[1,0,1,-5288,146406]",3,1
423717a1,423717,"[1,1,1,-25,26]",3,1
423777a1,423777,"[0,1,1,-3684,84728]",3,1
423785a1,423785,"[0,0,1,122,1704]",3,1
423800g1,423800,"[0,-1,0,-508,11012]",3,1
423840c1,423840,"[0,-1,0,-966,11916]",3,1
423860a1,423860,"[0,1,0,-2285,-28817]",3,1
423872a1,423872,"[0,0,0,44,-224]",3,1
423956c1,423956,"[0,1,0,-1396,-9084]",3,1
424026d1,424026,"[1,-1,1,-1247,6855]",3,1
424069a1,424069,"[0,-1,1,-142,700]",3,1
424086d1,424086,"[1,0,1,-757,8324]",3,1
424146d1,424146,"[1,0,1,-310,-340]",3,1
424230c1,424230,"[1,0,1,-719,5726]",3,1
424254c1,424254,"[1,0,1,-175,902]",3,1
424309b1,424309,"[1,-1,1,-474,3354]",3,1
424378a1,424378,"[1,-1,1,-13074,578577]",3,1
424384a1,424384,"[0,0,0,-124,-176]",3,1
424398c1,424398,"[1,1,0,-890,9876]",3,1
424430d1,424430,"[1,1,1,-141,259]",3,1
424503a1,424503,"[0,0,1,-669,6642]",3,1
424512m1,424512,"[0,0,0,384,27560]",3,2
424512m2,424512,"[0,0,0,-11676,466544]",3,2
424523a1,424523,"[0,0,1,-466,3887]",3,1
424554b1,424554,"[1,1,0,-344,1296]",3,1
424579a1,424579,"[1,1,1,-34,-84]",3,1
424656d1,424656,"[0,0,0,-63,-146]",3,1
424710b1,424710,"[1,-1,0,-765,9081]",3,1
424786d1,424786,"[1,0,0,-429,1873]",3,1
424914g1,424914,"[1,1,1,-587,6905]",3,1
425117a1,425117,"[0,-1,1,-236,10218]",3,1
425130a1,425130,"[1,1,0,-173,477]",3,1
425206a1,425206,"[1,0,1,-156,2090]",3,1
425241a1,425241,"[0,0,1,-1146,14940]",3,1
425310c1,425310,"[1,0,1,-269,1892]",3,1
425325b1,425325,"[0,1,1,-5508,105644]",3,1
425354a1,425354,"[1,-1,0,-254,1624]",3,1
425430c1,425430,"[1,-1,0,-300,-1700]",3,2
425430c2,425430,"[1,-1,0,-4650,-120890]",3,2
425481a1,425481,"[0,1,1,-152,530]",3,1
425510a1,425510,"[1,1,0,-1533,22537]",3,1
425543a1,425543,"[1,0,0,-1654,25623]",3,1
425589a1,425589,"[1,0,0,-568,-5047]",3,1
425616d1,425616,"[0,-1,0,-5136,-138816]",3,1
425616p1,425616,"[0,1,0,-12432,529236]",3,1
425630a1,425630,"[1,1,1,-30516,2039413]",3,1
425650a1,425650,"[1,0,1,-726,7448]",3,1
425655a1,425655,"[0,0,1,-153,758]",3,1
425690f1,425690,"[1,0,0,59,225]",3,1
425697b1,425697,"[1,0,0,-992,12441]",3,1
425760l1,425760,"[0,1,0,-8481,298575]",3,1
425774a1,425774,"[1,0,1,-74,228]",3,1
425797a1,425797,"[0,-1,1,-155,-693]",3,1
425800c1,425800,"[0,-1,0,-113,-203]",3,1
425816b1,425816,"[0,-1,0,-11721,492877]",3,1
425831a1,425831,"[1,1,1,-74,600]",3,1
425862d1,425862,"[1,-1,0,-1131,14921]",3,1
425862e1,425862,"[1,-1,0,-2916,61236]",3,1
425870a1,425870,"[1,-1,0,-1025,-12339]",3,1
425904c1,425904,"[0,-1,0,-11224,487648]",3,1
425985b1,425985,"[0,-1,1,-1860,34256]",3,1
426010g1,426010,"[1,1,1,-2221,65379]",3,1
426039a1,426039,"[0,-1,1,-178,930]",3,1
426084c1,426084,"[0,1,0,-485,9564]",3,1
426114d1,426114,"[1,-1,0,-198,1156]",3,1
426207a1,426207,"[1,1,0,-11061,510396]",3,1
426261a1,426261,"[0,1,1,-4862,98282]",3,1
426279a1,426279,"[0,-1,1,-462,3932]",3,1
426293a1,426293,"[1,1,1,28,72]",3,1
426335c1,426335,"[1,1,1,1484,48774]",3,1
426384e1,426384,"[0,0,0,-531,5490]",3,1
426386a1,426386,"[1,0,1,-6,44]",3,1
426414b1,426414,"[1,0,1,-172,314]",3,1
426432u1,426432,"[0,1,0,-625,14639]",3,1
426440a1,426440,"[0,0,0,-628,6148]",3,1
426444a1,426444,"[0,-1,0,-90,81]",3,1
426474c1,426474,"[1,-1,0,-738,2900]",3,2
426474c2,426474,"[1,-1,0,2742,20300]",3,2
426483c1,426483,"[1,-1,1,-623,-5642]",3,1
426498g1,426498,"[1,0,1,-150,-518]",3,1
426498j1,426498,"[1,0,0,-119927,15935529]",3,1
426575a1,426575,"[0,0,1,-35,106]",3,1
426590b1,426590,"[1,-1,1,-18513,973281]",3,1
426656a1,426656,"[0,-1,0,-34,-52]",3,1
426663a1,426663,"[1,-1,1,-248,1640]",3,1
426666b1,426666,"[1,1,0,-9391,345361]",3,2
426666b2,426666,"[1,1,0,-13621,-2345]",3,2
426702a1,426702,"[1,1,0,-159,711]",3,1
426702e1,426702,"[1,1,1,-43147,3590585]",3,1
426723a1,426723,"[0,-1,1,9954,111800]",3,1
426732d1,426732,"[0,1,0,-345,5544]",3,1
426754a1,426754,"[1,-1,0,-8863,323389]",3,1
426819b1,426819,"[1,0,0,-239,1374]",3,1
426832a1,426832,"[0,0,0,-307,1090]",3,1
426866b1,426866,"[1,0,0,-53040,4700416]",3,1
426866c1,426866,"[1,0,0,1287,14329]",3,1
426923a1,426923,"[0,1,1,128,470]",3,1
426926b1,426926,"[1,-1,1,336,32019]",3,1
426926c1,426926,"[1,1,1,-736,7905]",3,1
426940a1,426940,"[0,0,0,-143,342]",3,1
426944e1,426944,"[0,1,0,-1233,16207]",3,2
426944e2,426944,"[0,1,0,-673,31551]",3,2
426975a1,426975,"[0,-1,1,242,918]",3,1
426975c1,426975,"[0,1,1,-70508,7184144]",3,1
426976a1,426976,"[0,0,0,101,-146]",3,1
426990a1,426990,"[1,1,0,-228,2832]",3,1
426990g1,426990,"[1,0,1,35151,3446872]",3,1
427015a1,427015,"[0,-1,1,-180,1056]",3,1
427024d1,427024,"[0,0,0,-971,-5510]",3,1
427216a1,427216,"[0,-1,0,-181,-871]",3,1
427266n1,427266,"[1,-1,1,-212,14775]",3,1
427274a1,427274,"[1,-1,1,-5241,147225]",3,1
427287a1,427287,"[1,1,1,-3651,85422]",3,1
427300c1,427300,"[0,-1,0,-158,817]",3,1
427346a1,427346,"[1,1,0,27,-521]",3,1
427346b1,427346,"[1,1,1,-817,11727]",3,1
427372a1,427372,"[0,1,0,15,64]",3,1
427536a1,427536,"[0,0,0,-867,2050]",3,1
427536g1,427536,"[0,0,0,-13611,608474]",3,1
427587a1,427587,"[0,1,1,-5629,160693]",3,1
427594b1,427594,"[1,0,1,-816,8894]",3,1
427632n1,427632,"[0,1,0,-1480,29444]",3,1
427632s1,427632,"[0,1,0,-50336,4319988]",3,1
427644c1,427644,"[0,0,0,-1209,20081]",3,1
427650k1,427650,"[1,1,1,-1563,24681]",3,1
427670a1,427670,"[1,0,1,-64,162]",3,1
427866a1,427866,"[1,1,0,-5709,152541]",3,1
427888a1,427888,"[0,1,0,-20,124]",3,1
427888c1,427888,"[0,1,0,-188,940]",3,1
427915c1,427915,"[0,1,1,-4595,72474]",3,1
427915c2,427915,"[0,1,1,-157095,-24014901]",3,1
428002b1,428002,"[1,0,0,481,-64295]",3,1
428010c1,428010,"[1,0,1,-1349,8372]",3,1
428034a1,428034,"[1,0,1,20,230]",3,1
428034b1,428034,"[1,0,1,-50169,4326748]",3,1
428120b1,428120,"[0,0,0,-14668,680692]",3,1
428142d1,428142,"[1,1,1,-33757,2378675]",3,1
428197a1,428197,"[0,1,1,-675988,213723620]",3,1
428226a1,428226,"[1,1,0,1204,11664]",3,1
428241a1,428241,"[1,1,1,-20,56]",3,1
428275a1,428275,"[1,-1,1,-2230,41272]",3,1
428282b1,428282,"[1,1,1,-407,1197]",3,1
428352bg1,428352,"[0,1,0,-8689,705551]",3,2
428352bg2,428352,"[0,1,0,-183649,30203807]",3,2
428374a1,428374,"[1,1,0,-40,92]",3,1
428384a1,428384,"[0,1,0,-30,484]",3,1
428478b1,428478,"[1,0,1,-215,110]",3,1
428556a1,428556,"[0,1,0,-10417,129776]",3,1
428587a1,428587,"[0,-1,1,-2136,38718]",3,1
428603b1,428603,"[0,0,1,-10045,387504]",3,1
428630a1,428630,"[1,-1,0,-4414,113848]",3,1
428694a1,428694,"[1,1,0,-158599,24244741]",3,1
428712b1,428712,"[0,1,0,-107,114]",3,1
428780a1,428780,"[0,0,0,-577,-1079]",3,1
428870a1,428870,"[1,-1,0,-115,625]",3,1
428894a1,428894,"[1,0,1,-46,144]",3,1
429014b1,429014,"[1,-1,1,-711,8511]",3,1
429015a1,429015,"[0,1,1,-1010,1064]",3,1
429055a1,429055,"[1,0,0,-10406,407711]",3,1
429074a1,429074,"[1,-1,0,-23,35]",3,1
429077b1,429077,"[0,0,1,-3452,77786]",3,1
429088f1,429088,"[0,0,0,-2249,41084]",3,1
429136a1,429136,"[0,-1,0,-192,256]",3,1
429178a1,429178,"[1,1,1,-72,265]",3,1
429368c1,429368,"[0,0,0,37,-346]",3,1
429380a1,429380,"[0,0,0,-1588,24337]",3,1
429387b1,429387,"[1,1,1,-267,1560]",3,1
429394a1,429394,"[1,1,0,-182,1060]",3,1
429455a1,429455,"[0,1,1,-7090,227744]",3,1
429486d1,429486,"[1,0,1,-3518,-75328]",3,1
429486e1,429486,"[1,0,1,-161712,25016446]",3,1
429562b1,429562,"[1,-1,0,7,165]",3,1
429624b1,429624,"[0,0,0,-4239,110034]",3,1
429630f1,429630,"[1,0,1,-2518,46508]",3,1
429632i1,429632,"[0,1,0,-8689,307887]",3,2
429632i2,429632,"[0,1,0,-4769,590911]",3,2
429688a1,429688,"[0,0,0,-3919,94834]",3,1
429698a1,429698,"[1,0,0,326,1764]",3,1
429792bb1,429792,"[0,1,0,246,6840]",3,2
429792bb2,429792,"[0,1,0,-4209,96831]",3,2
429798a1,429798,"[1,1,0,-87,405]",3,1
429816a1,429816,"[0,1,0,-1977,32139]",3,1
429824a1,429824,"[0,1,0,-179,-959]",3,2
429824a2,429824,"[0,1,0,51,-3029]",3,2
429850c1,429850,"[1,-1,0,-2417,-44259]",3,1
429852b1,429852,"[0,-1,0,26,-47]",3,1
429873a1,429873,"[0,1,1,13,167]",3,1
430084a1,430084,"[0,0,0,73,78]",3,1
430094b1,430094,"[1,0,1,45,2]",3,1
430115a1,430115,"[0,1,1,-36,-24]",3,1
430160a1,430160,"[0,1,0,-936,11764]",3,1
430208a1,430208,"[0,1,0,-221,1243]",3,1
430243a1,430243,"[1,1,0,-16,101]",3,1
430308a1,430308,"[0,0,0,36,-71]",3,1
430336d1,430336,"[0,0,0,-82,0]",3,2
430336d2,430336,"[0,0,0,328,0]",3,2
430362f1,430362,"[1,-1,1,-6116,185991]",3,1
430368a1,430368,"[0,-1,0,30,36]",3,1
430419a1,430419,"[1,1,1,-715,-7474]",3,1
430458a1,430458,"[1,1,0,-241,1285]",3,2
430458a2,430458,"[1,1,0,-661,-5015]",3,2
430480a1,430480,"[0,0,0,-163,-62]",3,1
430548e1,430548,"[0,1,0,-389,2772]",3,1
430618a1,430618,"[1,-1,1,36,2847]",3,1
430725a1,430725,"[1,1,1,-633,5886]",3,1
430938b1,430938,"[1,-1,0,1548,19440]",3,1
430938f1,430938,"[1,-1,1,-3272,131595]",3,1
430987c1,430987,"[0,1,1,17,23]",3,1
431013a1,431013,"[1,0,0,-112,701]",3,1
431039a1,431039,"[1,1,1,14,30]",3,1
431039c1,431039,"[1,0,1,-4070,4272955]",3,1
431134b1,431134,"[1,0,1,-261042,51310916]",3,1
431135e1,431135,"[0,1,1,7759,899001]",3,1
431135e2,431135,"[0,1,1,-521241,144800226]",3,1
431139a1,431139,"[1,1,1,-223,1190]",3,1
431158h1,431158,"[1,-1,1,-76449,-3020943]",3,1
431260a1,431260,"[0,0,0,-112,841]",3,1
431266a1,431266,"[1,-1,1,-87,495]",3,1
431272a1,431272,"[0,1,0,-803497,276952251]",3,1
431272b1,431272,"[0,1,0,108,1849]",3,1
431313a1,431313,"[0,-1,1,-14,170]",3,1
431352a1,431352,"[0,0,0,189,675]",3,1
431528a1,431528,"[0,1,0,-8559,301942]",3,1
431550bd1,431550,"[1,-1,0,-4317,116441]",3,1
431610b1,431610,"[1,0,1,-1074,12616]",3,1
431613a1,431613,"[1,-1,1,-8298572,9203360150]",3,2
431613a2,431613,"[1,-1,1,-8077487,9716719520]",3,2
431614a1,431614,"[1,0,1,-139,498]",3,1
431623a1,431623,"[1,-1,1,-2267277,1314595320]",3,1
431623b1,431623,"[1,-1,1,-51,30]",3,1
431644b1,431644,"[0,-1,0,3619,-3398]",3,1
431757b1,431757,"[0,0,1,-300,-1998]",3,1
431770a1,431770,"[1,0,0,29,3201]",3,1
431784b1,431784,"[0,0,0,-156,-524]",3,1
431799a1,431799,"[1,1,1,-624,5742]",3,1
431830e1,431830,"[1,0,1,-16433,1521168]",3,2
431830e2,431830,"[1,0,1,-322683,70488668]",3,2
431840c1,431840,"[0,-1,0,-2766,56980]",3,1
431910h1,431910,"[1,-1,1,-2408,44331]",3,1
431977a1,431977,"[1,1,1,23030,59220576]",3,1
432016c1,432016,"[0,1,0,-13,2535]",3,1
432102a1,432102,"[1,1,0,-51,189]",3,1
432114a1,432114,"[1,1,0,-1,109]",3,1
432114c1,432114,"[1,1,1,-25999,1602965]",3,1
432134a1,432134,"[1,0,1,-30448,2042382]",3,1
432170a1,432170,"[1,-1,0,-364,3520]",3,1
432197a1,432197,"[0,1,1,-24,-42]",3,1
432231a1,432231,"[0,-1,1,-52,-30]",3,1
432232a1,432232,"[0,1,0,-97,291]",3,1
432278g1,432278,"[1,0,0,-46404,3729424]",3,2
432278g2,432278,"[1,0,0,-736324,243131664]",3,2
432304a1,432304,"[0,0,0,-475,4234]",3,1
432326a1,432326,"[1,-1,0,-232,1408]",3,1
432326b1,432326,"[1,1,0,-1212,1300]",3,1
432334a1,432334,"[1,0,0,-160,1536]",3,1
432360a1,432360,"[0,0,0,-3423,76322]",3,2
432360a2,432360,"[0,0,0,-723,193502]",3,2
432376a1,432376,"[0,1,0,-72,181]",3,1
432441c1,432441,"[0,0,1,18,46]",3,1
432498d1,432498,"[1,0,1,-3033,67312]",3,1
432761a1,432761,"[1,1,1,-56522,5148690]",3,1
432786d1,432786,"[1,0,1,302,10712]",3,1
432786e1,432786,"[1,0,1,-2925,59320]",3,1
432786f1,432786,"[1,0,1,-196154,33282668]",3,1
432804a1,432804,"[0,1,0,-85,1004]",3,1
432814b1,432814,"[1,0,0,-972,13456]",3,1
432814b2,432814,"[1,0,0,6788,-71904]",3,1
432834b1,432834,"[1,0,1,-1007,12206]",3,1
432876c1,432876,"[0,1,0,-730,7289]",3,1
432880b1,432880,"[0,0,0,-1027,6946]",3,1
432941a1,432941,"[1,0,0,-22,49]",3,1
432942e1,432942,"[1,1,1,-11170,449711]",3,1
432955b1,432955,"[0,1,1,-251,2296]",3,1
432978e1,432978,"[1,1,0,-861,9261]",3,2
432978e2,432978,"[1,1,0,-1641,-11175]",3,2
433014c1,433014,"[1,1,0,-503,3909]",3,1
433216g1,433216,"[0,0,0,-908,198896]",3,1
433243b1,433243,"[1,-1,1,14,20]",3,1
433280g1,433280,"[0,-1,0,-2221,41045]",3,1
433344b1,433344,"[0,-1,0,-305,3441]",3,1
433344j1,433344,"[0,-1,0,-2137121,1244531649]",3,1
433352a1,433352,"[0,0,0,-164,1124]",3,1
433384a1,433384,"[0,1,0,-385,2499]",3,1
433410e1,433410,"[1,1,1,-5510,128387]",3,1
433504c1,433504,"[0,-1,0,-41809,3352385]",3,1
433542a1,433542,"[1,1,0,-902,8100]",3,1
433557a1,433557,"[1,-1,1,-86,-88]",3,1
433608a1,433608,"[0,-1,0,-817,7189]",3,1
433638d1,433638,"[1,-1,0,-4815,129789]",3,1
433638g1,433638,"[1,-1,1,-12569,448377]",3,1
433654e1,433654,"[1,1,1,-5379,156385]",3,1
433686n1,433686,"[1,0,0,-13245,606321]",3,1
433752g1,433752,"[0,1,0,-5665,164579]",3,1
433776h1,433776,"[0,-1,0,-5272,156976]",3,1
433786a1,433786,"[1,-1,0,-797,8873]",3,1
433845a1,433845,"[0,0,1,-37947,1666120]",3,1
433914c1,433914,"[1,1,1,-807,-8835]",3,1
433916a1,433916,"[0,-1,0,100,-584]",3,1
433918c1,433918,"[1,-1,1,-11946,506601]",3,1
433974e1,433974,"[1,0,1,-1105,12560]",3,1
433974g1,433974,"[1,0,1,-290164,-56671630]",3,1
434048a1,434048,"[0,0,0,-58,-164]",3,1
434048e1,434048,"[0,-1,0,-111,487]",3,1
434070a1,434070,"[1,-1,0,-2700,56700]",3,2
434070a2,434070,"[1,-1,0,-43650,3521070]",3,2
434078g1,434078,"[1,0,0,-465,-2519]",3,1
434137b1,434137,"[1,0,1,-492,-3231]",3,1
434153a1,434153,"[1,1,1,-4,30]",3,1
434208b1,434208,"[0,-1,0,22,60]",3,1
434224c1,434224,"[0,-1,0,-264,1600]",3,1
434234a1,434234,"[1,0,0,-44,208]",3,1
434420a1,434420,"[0,1,0,-6881,186400]",3,2
434420a2,434420,"[0,1,0,11844,1040260]",3,2
434421a1,434421,"[1,-1,1,778,25940]",3,2
434421a2,434421,"[1,-1,1,-9887,345890]",3,2
434450a1,434450,"[1,-1,0,-8692,313966]",3,1
434450e1,434450,"[1,-1,1,-2490,31737]",3,1
434475g1,434475,"[0,0,1,-30900,2090781]",3,1
434616a1,434616,"[0,-1,0,-1225,17101]",3,1
434760b1,434760,"[0,1,0,-2201,37515]",3,1
434830a1,434830,"[1,-1,0,-385,3025]",3,1
434894a1,434894,"[1,0,1,-1633,25252]",3,1
434946b1,434946,"[1,1,0,-4,76]",3,1
434948a1,434948,"[0,-1,0,-9565,363881]",3,1
434995a1,434995,"[0,1,1,-370,2624]",3,1
434995b1,434995,"[0,0,1,26983,5180282]",3,1
435048a1,435048,"[0,1,0,-340,3584]",3,1
435115a1,435115,"[0,1,1,-6,30]",3,1
435115d1,435115,"[0,0,1,3118,-7575]",3,1
435116d1,435116,"[0,1,0,-18069,-824969]",3,1
435165c1,435165,"[0,1,1,739,13895]",3,1
435195c1,435195,"[1,-1,1,-6353,191356]",3,1
435198a1,435198,"[1,0,1,1415,-7348]",3,1
435318f1,435318,"[1,1,1,-1727,28325]",3,1
435342m1,435342,"[1,1,1,18453,-274983]",3,1
435366a1,435366,"[1,-1,0,-2034,35424]",3,2
435366a2,435366,"[1,-1,0,-324,91854]",3,2
435414y1,435414,"[1,1,1,-1142,14195]",3,1
435468d1,435468,"[0,1,0,-690,6489]",3,1
435477a1,435477,"[1,0,0,-132,2331]",3,1
435560a1,435560,"[0,1,0,-216,1045]",3,1
435734a1,435734,"[1,0,1,-47,126]",3,1
435735a1,435735,"[0,0,1,-93,1948]",3,1
435950a1,435950,"[1,-1,0,-247,1561]",3,1
436020d1,436020,"[0,-1,0,-6985,240850]",3,1
436025c1,436025,"[0,1,1,-20333,1109244]",3,1
436096a1,436096,"[0,0,0,-308,2096]",3,1
436140b1,436140,"[0,0,0,-813,58237]",3,1
436208d1,436208,"[0,-1,0,-104,688]",3,1
436247a1,436247,"[0,1,1,-4818,139878]",3,1
436278c1,436278,"[1,0,1,-21415,1204742]",3,1
436304a1,436304,"[0,1,0,-324640,71105364]",3,1
436305d1,436305,"[1,1,1,-696,4464]",3,2
436305d2,436305,"[1,1,1,1959,33138]",3,2
436345a1,436345,"[1,0,0,-196491,33569836]",3,1
436368a1,436368,"[0,-1,0,-144,288]",3,1
436376a1,436376,"[0,1,0,47,147]",3,1
436407a1,436407,"[0,-1,1,-150,722]",3,1
436416n1,436416,"[0,1,0,-897,-5121]",3,1
436434a1,436434,"[1,0,1,-223,-418]",3,1
436438c1,436438,"[1,1,0,-10706,421940]",3,1
436460a1,436460,"[0,0,0,-16912,861316]",3,1
436474a1,436474,"[1,0,1,-487,4074]",3,1
436475c1,436475,"[0,-1,1,-8,26418]",3,1
436592c1,436592,"[0,0,0,-179,-94]",3,1
436624a1,436624,"[0,0,0,-379,2794]",3,1
436624i1,436624,"[0,1,0,-4816,-52844]",3,1
436632d1,436632,"[0,1,0,-101417,12409851]",3,1
436688b1,436688,"[0,0,0,-1519,28126]",3,1
436715a1,436715,"[1,1,1,-191,888]",3,1
436734a1,436734,"[1,-1,0,-13551,411181]",3,1
436734c1,436734,"[1,-1,0,-630,5872]",3,1
436737a1,436737,"[0,-1,1,-16,-162]",3,1
436761a1,436761,"[1,-1,1,-1229,-3706]",3,1
436773a1,436773,"[0,1,1,-110200,15386020]",3,1
436802a1,436802,"[1,0,1,21,-22]",3,1
436806b1,436806,"[1,-1,0,-63,589]",3,1
436824a1,436824,"[0,0,0,-159,706]",3,1
436828a1,436828,"[0,1,0,-1310,28009]",3,1
437057a1,437057,"[0,0,1,5,2634]",3,1
437094b1,437094,"[1,-1,0,-1044,324]",3,1
437155f1,437155,"[0,-1,1,-465,-1569]",3,1
437163a1,437163,"[0,-1,1,-144,716]",3,1
437166b1,437166,"[1,-1,0,-276,-1584]",3,1
437445b1,437445,"[1,-1,1,-1037,13186]",3,1
437463a1,437463,"[1,-1,1,-2414,46234]",3,1
437530a1,437530,"[1,0,1,-353,2256]",3,1
437626a1,437626,"[1,0,1,-32,-54]",3,1
437630b1,437630,"[1,1,0,-23757,1514989]",3,1
437675e1,437675,"[1,-1,1,-10600,422602]",3,2
437675e2,437675,"[1,-1,1,-9375,523052]",3,2
437690d1,437690,"[1,-1,0,-65,231]",3,1
437904g1,437904,"[0,0,0,-1131,14746]",3,1
437980b1,437980,"[0,-1,0,-156,760]",3,1
438010b1,438010,"[1,0,1,-4223,105378]",3,1
438022f1,438022,"[1,-1,1,-1632,29955]",3,1
438066b1,438066,"[1,-1,0,-3666,86356]",3,1
438066c1,438066,"[1,-1,0,-396,-2592]",3,1
438090a1,438090,"[1,1,0,-198,1008]",3,1
438096a1,438096,"[0,-1,0,-64,1360]",3,1
438150c1,438150,"[1,1,0,-82250,8999400]",3,1
438176a1,438176,"[0,-1,0,-154,788]",3,1
438192d1,438192,"[0,0,0,-3099,69194]",3,1
438192m1,438192,"[0,0,0,-45363,4662034]",3,1
438340a1,438340,"[0,0,0,-2008,52057]",3,1
438399a1,438399,"[0,0,1,324,-2140]",3,1
438430c1,438430,"[1,1,0,-8,412]",3,1
438445a1,438445,"[1,-1,1,-207,306]",3,1
438448e1,438448,"[0,0,0,25,118]",3,1
438571a1,438571,"[0,0,1,-17,-42]",3,1
438571b1,438571,"[0,1,1,-1057,77285]",3,1
438571c1,438571,"[1,-1,0,-229328,42327529]",3,1
438592a1,438592,"[0,0,0,-6268,191056]",3,1
438592z1,438592,"[0,0,0,1369748,-630517680]",3,2
438592z2,438592,"[0,0,0,-8000492,-6009035440]",3,2
438634a1,438634,"[1,0,1,-1109,10848]",3,1
438760b1,438760,"[0,0,0,-9607,367306]",3,1
438792b1,438792,"[0,1,0,-1975,33134]",3,1
438798b1,438798,"[1,0,1,-165,592]",3,1
438878a1,438878,"[1,-1,0,-406,3256]",3,1
438949a1,438949,"[0,0,1,-19,0]",3,1
438990e1,438990,"[1,0,1,-9998,651728]",3,1
439003a1,439003,"[0,0,1,19,0]",3,1
439070h1,439070,"[1,0,1,19826,790972]",3,1
439070h2,439070,"[1,0,1,-443049,114843372]",3,1
439242j1,439242,"[1,0,0,-225352,41190464]",3,1
439264d1,439264,"[0,0,0,-96857,11602260]",3,2
439264d2,439264,"[0,0,0,-98572,11170080]",3,2
439305a1,439305,"[1,1,1,-565,-3328]",3,1
439350e1,439350,"[1,1,0,-1225,11125]",3,2
439350e2,439350,"[1,1,0,3275,78625]",3,2
439450h1,439450,"[1,1,0,-23650,1400900]",3,1
439472c1,439472,"[0,1,0,-216,-332]",3,1
439472f1,439472,"[0,0,0,-50699,4384314]",3,1
439494h1,439494,"[1,1,1,-2145,37791]",3,1
439536e1,439536,"[0,1,0,-784,7316]",3,1
439555a1,439555,"[1,0,0,-105,202]",3,1
439568a1,439568,"[0,1,0,-21,286]",3,1
439570d1,439570,"[1,0,0,-14866,699396]",3,1
439605b1,439605,"[1,-1,1,997,11206]",3,1
439639a1,439639,"[1,0,0,-16,39]",3,1
439704a1,439704,"[0,0,0,18,405]",3,1
439704h1,439704,"[0,0,0,3705,123626]",3,1
439706a1,439706,"[1,1,0,-26,16]",3,1
439723a1,439723,"[1,-1,1,14,-28]",3,1
439755a1,439755,"[0,1,1,-11440,461944]",3,1
439760b1,439760,"[0,0,0,-163,562]",3,1
439760d1,439760,"[0,0,0,-77707,7664506]",3,1
439794b1,439794,"[1,-1,0,-118581,15746741]",3,1
439802a1,439802,"[1,0,0,-1289,19993]",3,1
439835a1,439835,"[0,1,1,-1140,14394]",3,1
439842a1,439842,"[1,0,1,-367,5126]",3,1
439869a1,439869,"[0,1,1,-6474,155738]",3,1
439872b1,439872,"[0,-1,0,-6037,182581]",3,1
439872b2,439872,"[0,-1,0,-277,506581]",3,1
439890c1,439890,"[1,1,0,107,-227]",3,2
439890c2,439890,"[1,1,0,-513,-2583]",3,2
439938c1,439938,"[1,-1,1,-3074,68609]",3,1
439967a1,439967,"[0,-1,1,754,16758]",3,1
440090a1,440090,"[1,1,0,47,257]",3,1
440107a1,440107,"[1,-1,1,-225,1340]",3,1
440157a1,440157,"[1,1,1,16,56]",3,1
440185a1,440185,"[0,1,1,-165,681]",3,1
440253b1,440253,"[0,0,1,-5619,161100]",3,1
440253e1,440253,"[0,0,1,-2808,-57058]",3,1
440268b1,440268,"[0,-1,0,-3077,72246]",3,1
440401b1,440401,"[1,0,0,-352,2509]",3,1
440416a1,440416,"[0,-1,0,35,341]",3,1
440416b1,440416,"[0,1,0,35,-341]",3,1
440505a1,440505,"[1,-1,1,-353,1756]",3,1
440570c1,440570,"[1,0,0,-61,1041]",3,1
440575a1,440575,"[1,1,1,-363,2506]",3,1
440601a1,440601,"[0,1,1,-1520,220220]",3,1
440607a1,440607,"[0,-1,1,-112,-390]",3,1
440607c1,440607,"[0,-1,1,-21546,-733192]",3,1
440607d1,440607,"[0,-1,1,-187,1035]",3,1
440734c1,440734,"[1,-1,1,-2151,52767]",3,1
440748a1,440748,"[0,0,0,-489,4489]",3,1
440794a1,440794,"[1,0,1,-19807,1079154]",3,1
440838c1,440838,"[1,-1,0,-510,4904]",3,1
440871a1,440871,"[1,0,0,-79,-220]",3,1
440921a1,440921,"[1,1,1,-257,5520]",3,1
440946a1,440946,"[1,-1,0,-9018,331744]",3,2
440946a2,440946,"[1,-1,0,-10548,212710]",3,2
440975a1,440975,"[0,-1,1,-488,-3972]",3,1
441094a1,441094,"[1,-1,0,-43,129]",3,1
441095b1,441095,"[1,0,0,-1985,43522]",3,1
441266a1,441266,"[1,1,0,-95424,-9334784]",3,1
441273b1,441273,"[1,0,0,-76,5327]",3,1
441362a1,441362,"[1,0,1,-28,-48]",3,1
441362b1,441362,"[1,0,0,-1379,-18047]",3,1
441546b1,441546,"[1,1,1,-237,675]",3,1
441554c1,441554,"[1,-1,1,-537,-3975]",3,1
441554d1,441554,"[1,-1,1,-1588311,770493807]",3,1
441564b1,441564,"[0,1,0,-41045,3193239]",3,1
441573b1,441573,"[0,1,1,-1284,14528]",3,1
441646a1,441646,"[1,1,0,-1431,51589]",3,1
441662a1,441662,"[1,1,1,-150,211]",3,1
441674b1,441674,"[1,1,0,-25,-31]",3,1
441694d1,441694,"[1,-1,1,-11136,-53853]",3,1
441731a1,441731,"[1,1,1,-2784,56146]",3,1
441768d1,441768,"[0,1,0,-4,77]",3,1
441773a1,441773,"[0,0,1,-20,-13]",3,1
441786a1,441786,"[1,0,1,-1918,32192]",3,1
441842e1,441842,"[1,0,0,221,-5631]",3,1
441910b1,441910,"[1,0,1,-269,1692]",3,1
441928b1,441928,"[0,-1,0,-1032,18844]",3,1
441964a1,441964,"[0,1,0,-17,64]",3,1
441996a1,441996,"[0,-1,0,-9117,338121]",3,1
442016a1,442016,"[0,-1,0,1824,198484]",3,1
442060f1,442060,"[0,-1,0,-1436,82840]",3,1
442062a1,442062,"[1,-1,0,-9198,343764]",3,1
442071a1,442071,"[1,-1,1,-23,110]",3,1
442095a1,442095,"[0,-1,1,-680,-5194]",3,1
442176f1,442176,"[0,-1,0,1895,56281]",3,2
442176f2,442176,"[0,-1,0,-15745,638401]",3,2
442187f1,442187,"[0,0,1,-6586,205692]",3,1
442304a1,442304,"[0,0,0,-4,256]",3,1
442306b1,442306,"[1,-1,1,-2127,38295]",3,1
442326c1,442326,"[1,0,1,-12707,550046]",3,1
442336a1,442336,"[0,-1,0,22,16]",3,1
442352a1,442352,"[0,-1,0,0,4096]",3,1
442398d1,442398,"[1,1,1,-14005,632411]",3,1
442398e1,442398,"[1,1,1,3266,135035]",3,1
442422d1,442422,"[1,-1,1,-2,13825]",3,1
442428d1,442428,"[0,1,0,-5950,262889]",3,1
442432d1,442432,"[0,1,0,-29729,1967167]",3,1
442459a1,442459,"[0,-1,1,-164,876]",3,1
442465a1,442465,"[0,1,1,-2930,40584]",3,1
442491b1,442491,"[1,1,1,497,140222]",3,1
442538a1,442538,"[1,0,1,60,2]",3,1
442576d1,442576,"[0,-1,0,-336,-1088]",3,1
442595b1,442595,"[0,-1,1,-4215,108843]",3,1
442607b1,442607,"[0,1,1,-252405,48724210]",3,1
442663a1,442663,"[0,0,1,-419,3840]",3,1
442663b1,442663,"[0,1,1,1139,13097]",3,1
442715a1,442715,"[1,0,0,12739,23248966]",3,1
442722l1,442722,"[1,1,1,-8785,196271]",3,1
442738c1,442738,"[1,1,1,-2704,53361]",3,1
442762b1,442762,"[1,1,1,-5514,155287]",3,1
442818i1,442818,"[1,-1,1,-3461,-3459]",3,2
442818i2,442818,"[1,-1,1,13819,-38019]",3,2
442881a1,442881,"[1,-1,1,-3377,76600]",3,1
442910a1,442910,"[1,-1,0,-1510,37300]",3,1
442921c1,442921,"[0,1,1,-143,570]",3,1
442922a1,442922,"[1,0,1,-7,90]",3,1
443014j1,443014,"[1,-1,1,-72,49035]",3,1
443047a1,443047,"[0,1,1,-384,2526]",3,1
443103b1,443103,"[1,1,0,-581,3306]",3,1
443178a1,443178,"[1,-1,0,-2205,40837]",3,1
443208a1,443208,"[0,1,0,-1049,13035]",3,1
443224a1,443224,"[0,1,0,-297,2011]",3,1
443248a1,443248,"[0,0,0,-571,5866]",3,1
443270e1,443270,"[1,-1,1,-3192,-27909]",3,1
443272a1,443272,"[0,1,0,-24,1]",3,1
443313b1,443313,"[1,-1,1,-6158,191890]",3,1
443314b1,443314,"[1,0,0,68,144]",3,1
443373a1,443373,"[0,1,1,-14770,-312020]",3,1
443384a1,443384,"[0,-1,0,-204,868]",3,1
443400b1,443400,"[0,-1,0,-1233,18837]",3,1
443431a1,443431,"[1,1,1,-51,-158]",3,1
443456g1,443456,"[0,1,0,-225,9439]",3,1
443456j1,443456,"[0,1,0,607,-545]",3,1
443456j2,443456,"[0,1,0,-7713,283999]",3,1
443475b1,443475,"[0,0,1,-2025,35156]",3,1
443496d1,443496,"[0,1,0,-3132,66096]",3,1
443514b1,443514,"[1,1,0,7,81]",3,1
443641a1,443641,"[0,-1,1,-395,3375]",3,1
443650a1,443650,"[1,-1,0,-142,2116]",3,1
443808c1,443808,"[0,0,0,-876,-8224]",3,1
443870a1,443870,"[1,-1,0,-2539,49945]",3,1
443931a1,443931,"[0,1,1,-282,3080]",3,1
443936a1,443936,"[0,1,0,31,367]",3,1
443954f1,443954,"[1,1,1,-50502,1529155]",3,1
444035a1,444035,"[1,-1,1,-33,2]",3,1
444064a1,444064,"[0,0,0,-125,536]",3,1
444090a1,444090,"[1,1,0,-328,2128]",3,1
444099b1,444099,"[0,1,1,-2492,47690]",3,1
444129b1,444129,"[1,1,1,-1462,20912]",3,1
444142a1,444142,"[1,0,1,-148,702]",3,1
444164a1,444164,"[0,1,0,-85,3639]",3,1
444246e1,444246,"[1,0,1,-1317,40804]",3,1
444301a1,444301,"[1,0,0,-595,7734]",3,1
444402a1,444402,"[1,-1,0,-25431,1567853]",3,1
444418a1,444418,"[1,-1,0,-262,1732]",3,1
444462a1,444462,"[1,1,0,-1,55]",3,1
444534a1,444534,"[1,1,0,-5769,165969]",3,1
444534e1,444534,"[1,0,1,-530,4592]",3,1
444606b1,444606,"[1,0,1,-1272,16954]",3,1
444627a1,444627,"[0,0,1,-867969,311223782]",3,1
444643a1,444643,"[0,1,1,-171,-963]",3,1
444662a1,444662,"[1,1,0,-473612,125249680]",3,1
444662b1,444662,"[1,1,0,-3740,-86576]",3,1
444704a1,444704,"[0,0,0,-25,16]",3,1
444711a1,444711,"[0,-1,1,2515,664307]",3,1
444753a1,444753,"[0,0,1,231,652]",3,1
444808d1,444808,"[0,-1,0,-329,2989]",3,1
444869a1,444869,"[1,1,1,-171,790]",3,1
445018f1,445018,"[1,-1,0,-464186,125105588]",3,1
445053a1,445053,"[0,1,1,-364,2662]",3,1
445088c1,445088,"[0,0,0,184,16]",3,1
445137b1,445137,"[1,1,1,-1705,39236]",3,1
445140b1,445140,"[0,0,0,312,713]",3,1
445151a1,445151,"[1,-1,1,9042,55490]",3,1
445152a1,445152,"[0,-1,0,-225,1521]",3,1
445227a1,445227,"[0,-1,1,68,672]",3,1
445280c1,445280,"[0,0,0,-107932,13656544]",3,1
445306a1,445306,"[1,0,1,225,242]",3,1
445334a1,445334,"[1,1,0,-51,-131]",3,1
445406a1,445406,"[1,0,1,-255,1550]",3,1
445446a1,445446,"[1,-1,0,-18,144]",3,1
445480a1,445480,"[0,0,0,-3727,51154]",3,1
445488k1,445488,"[0,1,0,-992,324]",3,1
445506a1,445506,"[1,1,0,-764,7824]",3,1
445608a1,445608,"[0,0,0,-1431,20250]",3,1
445610a1,445610,"[1,0,1,92,306]",3,1
445612a1,445612,"[0,1,0,75,-41]",3,1
445744a1,445744,"[0,1,0,-3192,12244]",3,1
445771a1,445771,"[0,1,1,-80,252]",3,1
445776c1,445776,"[0,-1,0,-37,1369]",3,1
445878k1,445878,"[1,-1,1,711691,238546189]",3,1
445878m1,445878,"[1,-1,1,-779,9627]",3,1
445902d1,445902,"[1,0,0,-16917,833121]",3,1
445910a1,445910,"[1,-1,0,20,400]",3,1
445914a1,445914,"[1,-1,0,-3339,76549]",3,1
445938c1,445938,"[1,0,0,-3747,85761]",3,1
446055b1,446055,"[1,1,1,-131,794]",3,1
446080c1,446080,"[0,1,0,-431,4225]",3,2
446080c2,446080,"[0,1,0,-7401,242599]",3,2
446175b1,446175,"[1,-1,1,-2255,42122]",3,1
446187a1,446187,"[1,1,1,73,470]",3,1
446297a1,446297,"[1,1,1,-36652,2614650]",3,1
446361a1,446361,"[0,1,1,36,506]",3,1
446391b1,446391,"[1,-1,1,-263,1210]",3,1
446400p1,446400,"[0,0,0,-5700,216000]",3,2
446400p2,446400,"[0,0,0,-98700,11934000]",3,2
446416b1,446416,"[0,0,0,-67,-1470]",3,1
446534a1,446534,"[1,0,1,-378,6152]",3,1
446576b1,446576,"[0,-1,0,-3992,119536]",3,1
446621b1,446621,"[0,-1,1,-168,1086]",3,1
446755a1,446755,"[0,0,1,-452,3702]",3,1
446814b1,446814,"[1,-1,0,-5580,161892]",3,1
446830f1,446830,"[1,0,0,-181,6561]",3,1
446862b1,446862,"[1,1,0,-961,10465]",3,2
446862b2,446862,"[1,1,0,729,45279]",3,2
446894a1,446894,"[1,-1,0,-49,109]",3,1
446967a1,446967,"[0,0,1,-183,810]",3,1
446968a1,446968,"[0,1,0,-104,-224]",3,1
446979c1,446979,"[1,0,0,-2375,-18504]",3,2
446979c2,446979,"[1,0,0,8560,-138789]",3,2
446980a1,446980,"[0,1,0,-5261,145135]",3,1
446990b1,446990,"[1,1,1,4,1629]",3,1
447022a1,447022,"[1,-1,0,3397,-422551]",3,1
447084a1,447084,"[0,0,0,-669,3341]",3,1
447168a1,447168,"[0,-1,0,-58225,5424241]",3,2
447168a2,447168,"[0,-1,0,-47265,7517601]",3,2
447168e1,447168,"[0,-1,0,-1689,27225]",3,2
447168e2,447168,"[0,-1,0,-2369,3969]",3,2
447168f1,447168,"[0,-1,0,-27969,1809729]",3,2
447168f2,447168,"[0,-1,0,-28289,1766529]",3,4
447168f3,447168,"[0,-1,0,15551,6702913]",3,2
447168f4,447168,"[0,-1,0,-77249,-5939775]",3,2
447182a1,447182,"[1,-1,0,88,432]",3,1
447218e1,447218,"[1,1,1,-3427,75777]",3,1
447317d1,447317,"[0,0,1,-724,9972]",3,1
447398a1,447398,"[1,-1,0,-118606,15749716]",3,1
447408a1,447408,"[0,0,0,-147,-270]",3,1
447408d1,447408,"[0,0,0,-18651,969226]",3,1
447424a1,447424,"[0,0,0,20,1456]",3,1
447458f1,447458,"[1,1,0,-167,1225]",3,1
447458h1,447458,"[1,1,0,-2059,33389]",3,1
447458h2,447458,"[1,1,0,-28074,-1813676]",3,1
447458i1,447458,"[1,1,0,3239410,-946532792]",3,1
447458i2,447458,"[1,1,0,-58286065,-175484461291]",3,1
447578c1,447578,"[1,0,0,93,961]",3,1
447636m1,447636,"[0,1,0,-462,2601]",3,1
447636m2,447636,"[0,1,0,-13602,-614979]",3,1
447680d1,447680,"[0,1,0,-3185,-26417]",3,1
447680g1,447680,"[0,0,0,-188,-848]",3,1
447696a1,447696,"[0,0,0,-3819,91546]",3,1
447722a1,447722,"[1,0,1,-1811,29742]",3,1
447764a1,447764,"[0,1,0,-11517,471871]",3,3
447764a2,447764,"[0,1,0,-24397,-769761]",3,1
447780b1,447780,"[0,-1,0,-446,3921]",3,1
447826j1,447826,"[1,1,1,-113,639]",3,1
447864e1,447864,"[0,1,0,-1852,29936]",3,1
447865a1,447865,"[0,1,1,-15696,751560]",3,1
447877a1,447877,"[0,0,1,-25,-36]",3,1
447880a1,447880,"[0,0,0,-358,2557]",3,1
447897a1,447897,"[1,1,1,1,56]",3,1
447950a1,447950,"[1,-1,0,-1567,21841]",3,1
447950h1,447950,"[1,1,0,-163435,25358525]",3,1
447963a1,447963,"[0,-1,1,233938,-28057090]",3,1
448014a1,448014,"[1,1,0,-1584,26244]",3,1
448015a1,448015,"[0,0,1,-7,1800]",3,1
448023a1,448023,"[0,1,1,-5072,137282]",3,1
448120a1,448120,"[0,-1,0,-3881,94381]",3,1
448200i1,448200,"[0,0,0,-26175,1629875]",3,1
448208c1,448208,"[0,0,0,-131,469]",3,1
448224c1,448224,"[0,-1,0,-294,1764]",3,2
448224c2,448224,"[0,-1,0,511,9009]",3,2
448248b1,448248,"[0,-1,0,-233,-915]",3,1
448258b1,448258,"[1,-1,1,-231,927]",3,1
448296a1,448296,"[0,-1,0,-105,-339]",3,1
448296c1,448296,"[0,1,0,-19929,1068075]",3,1
448347b1,448347,"[1,1,0,80,1369]",3,1
448363a1,448363,"[0,1,1,-24,48]",3,1
448435a1,448435,"[1,0,0,-12155,415402]",3,1
448454a1,448454,"[1,0,1,-95,270]",3,1
448479a1,448479,"[0,0,1,-435,3150]",3,1
448528b1,448528,"[0,1,0,-232,1236]",3,1
448528g1,448528,"[0,0,0,-3179,-47974]",3,1
448600a1,448600,"[0,-1,0,-2583,51412]",3,1
448738a1,448738,"[1,0,1,-1959,34170]",3,1
448810g1,448810,"[1,0,0,534,12196]",3,1
448954c1,448954,"[1,-1,1,-6426,200025]",3,1
448968g1,448968,"[0,1,0,-46385,3826419]",3,1
449072l1,449072,"[0,0,0,8629,252666]",3,2
449072l2,449072,"[0,0,0,-45451,2296890]",3,4
449072l3,449072,"[0,0,0,-646571,200065370]",3,4
449072l4,449072,"[0,0,0,-309611,-64641254]",3,2
449136a1,449136,"[0,0,0,-2667,52090]",3,1
449136e1,449136,"[0,0,0,-1251,15714]",3,1
449218e1,449218,"[1,-1,1,-13452,597135]",3,1
449223a1,449223,"[0,-1,1,-112,492]",3,1
449274a1,449274,"[1,1,0,-819,8361]",3,1
449319d1,449319,"[1,0,0,-1514,62913]",3,1
449345a1,449345,"[1,-1,1,-5202,110826]",3,1
449352b1,449352,"[0,0,0,-6636,208244]",3,1
449358b1,449358,"[1,1,0,-59,249]",3,1
449400a1,449400,"[0,-1,0,-833,10437]",3,1
449407a1,449407,"[0,1,1,-1674,88746]",3,1
449409a1,449409,"[0,-1,1,86,-1506]",3,1
449511c1,449511,"[1,1,0,-784,8131]",3,1
449541a1,449541,"[0,0,1,-15267,726174]",3,1
449555a1,449555,"[0,0,1,-262,1640]",3,1
449590b1,449590,"[1,0,0,-1835,34225]",3,1
449600h1,449600,"[0,1,0,-121633,16288863]",3,1
449647a1,449647,"[0,1,1,-329,2086]",3,1
449694d1,449694,"[1,-1,0,-75,5509]",3,1
449734a1,449734,"[1,0,1,-42,44]",3,1
449734b1,449734,"[1,-1,1,-18442,968265]",3,1
449825a1,449825,"[0,0,1,-2725,54756]",3,1
449840b1,449840,"[0,-1,0,-136,-160]",3,1
449883c1,449883,"[1,-1,1,-1955,61146]",3,2
449883c2,449883,"[1,-1,1,-37970,2855910]",3,2
450098a1,450098,"[1,-1,0,-8788,504100]",3,1
450126a1,450126,"[1,-1,0,-2023506,1108318036]",3,1
450205a1,450205,"[0,1,1,-1506,22386]",3,1
450310q1,450310,"[1,-1,1,-50112,4176099]",3,1
450320a1,450320,"[0,1,0,-2720,54100]",3,1
450358a1,450358,"[1,1,0,-4,44]",3,1
450510a1,450510,"[1,1,0,-2042,34644]",3,1
450543a1,450543,"[1,1,1,-9,30]",3,1
450543b1,450543,"[1,0,0,16182,4140315]",3,1
450640a1,450640,"[0,0,0,-12547,539986]",3,1
450658a1,450658,"[1,-1,0,-13,169]",3,1
450675b1,450675,"[1,-1,1,-125,552]",3,1
450700a1,450700,"[0,1,0,167,8088]",3,1
450710b1,450710,"[1,0,1,-244418,46649556]",3,1
450710c1,450710,"[1,0,1,187,588]",3,1
450718a1,450718,"[1,-1,0,2774,101656]",3,1
450718c1,450718,"[1,0,0,-27028,1119120]",3,1
450754a1,450754,"[1,1,0,-277,1565]",3,1
450816a1,450816,"[0,-1,0,-107,471]",3,1
450818a1,450818,"[1,0,1,20,30]",3,1
450858d1,450858,"[1,0,0,-740,8976]",3,1
451005a1,451005,"[1,0,0,-35701,2649956]",3,1
451064a1,451064,"[0,1,0,60,64]",3,1
451146a1,451146,"[1,1,0,-1173,-14739]",3,1
451146b1,451146,"[1,0,1,-8340,277762]",3,1
451151a1,451151,"[1,-1,1,-411,3306]",3,1
451214d1,451214,"[1,-1,1,-261,-1155]",3,1
451356b1,451356,"[0,-1,0,-1077,13974]",3,1
451362a1,451362,"[1,1,1,-7009,223391]",3,1
451437a1,451437,"[1,1,1,1175,20726]",3,2
451437a2,451437,"[1,1,1,-7890,202026]",3,2
451444b1,451444,"[0,-1,0,-3409,79250]",3,1
451485b1,451485,"[1,-1,1,862,-111258]",3,1
451528a1,451528,"[0,0,0,-1006,11461]",3,1
451548a1,451548,"[0,0,0,-381,2869]",3,1
451648a1,451648,"[0,0,0,-196,1024]",3,1
451648e1,451648,"[0,-1,0,-105,361]",3,1
451659a1,451659,"[1,1,1,1221,6642]",3,1
451803a1,451803,"[0,-1,1,67,-310]",3,1
451824c1,451824,"[0,-1,0,8,256]",3,1
451864a1,451864,"[0,0,0,-143,-446]",3,1
451938b1,451938,"[1,0,1,-375,2470]",3,1
451953a1,451953,"[0,0,1,-297,4286]",3,1
451990a1,451990,"[1,0,1,256,-1458]",3,1
452010a1,452010,"[1,1,0,-158,-348]",3,2
452010a2,452010,"[1,1,0,-1378,18928]",3,2
452013a1,452013,"[1,0,0,-64124,6224193]",3,1
452016e1,452016,"[0,0,0,-3171,68706]",3,2
452016e2,452016,"[0,0,0,-3651,46530]",3,2
452021b1,452021,"[0,0,1,-46,-498]",3,1
452037a1,452037,"[1,0,0,373,3624]",3,1
452136b1,452136,"[0,1,0,-804,8541]",3,1
452151a1,452151,"[0,0,1,-18759,989320]",3,1
452151b1,452151,"[0,0,1,36,-123]",3,1
452235a1,452235,"[0,-1,1,-1246,18726]",3,1
452235f1,452235,"[0,-1,1,-24351,1471916]",3,1
452272a1,452272,"[0,0,0,-499,4306]",3,1
452272g1,452272,"[0,1,0,48,23444]",3,1
452334a1,452334,"[1,0,1,-79,-130]",3,1
452371a1,452371,"[1,0,0,-30465,2044324]",3,1
452470b1,452470,"[1,1,0,32,38]",3,1
452470d1,452470,"[1,-1,1,-5928,177387]",3,1
452475a1,452475,"[0,0,1,-1785,-27194]",3,1
452475b1,452475,"[0,0,1,-18075,934906]",3,1
452508a1,452508,"[0,-1,0,-2357,-20706]",3,1
452525a1,452525,"[1,0,0,52,-53]",3,1
452571a1,452571,"[1,1,1,-4,-58]",3,1
452587a1,452587,"[0,1,1,3,33]",3,1
452839b1,452839,"[1,-1,0,-365,2824]",3,1
452844d1,452844,"[0,0,0,-11856,496676]",3,1
452862g1,452862,"[1,-1,0,-240,1232]",3,1
452889a1,452889,"[1,-1,1,-212,-1020]",3,1
452907a1,452907,"[0,0,1,-80409,8779342]",3,1
453032a1,453032,"[0,-1,0,-377,2941]",3,1
453040c1,453040,"[0,1,0,-25240,1551588]",3,1
453050a1,453050,"[1,-1,0,-481567,128841841]",3,1
453050b1,453050,"[1,-1,0,-2002,43156]",3,1
453117a1,453117,"[0,1,1,-2870,20690]",3,1
453117b1,453117,"[0,-1,1,-106895,13487612]",3,1
453200a1,453200,"[0,0,0,-4915,132850]",3,1
453203a1,453203,"[0,1,1,1696,11938]",3,1
453203c1,453203,"[0,0,1,-22,51]",3,1
453294a1,453294,"[1,-1,0,-66,208]",3,1
453316a1,453316,"[0,-1,0,-34,-31]",3,1
453365a1,453365,"[1,-1,1,-123,606]",3,1
453400e1,453400,"[0,0,0,500,22500]",3,1
453416a1,453416,"[0,0,0,-190,-1007]",3,1
453416g1,453416,"[0,0,0,-102524,13141844]",3,1
453614a1,453614,"[1,-1,0,-406,3136]",3,1
453635a1,453635,"[0,1,1,-7210,208556]",3,1
453648d1,453648,"[0,-1,0,-2696,55104]",3,1
453666a1,453666,"[1,1,0,-94,436]",3,1
453714a1,453714,"[1,1,0,-174,756]",3,1
453834d1,453834,"[1,-1,0,-585,4617]",3,1
453854a1,453854,"[1,0,1,-6913,220632]",3,1
453855b1,453855,"[0,1,1,-6,650]",3,1
453872a1,453872,"[0,1,0,-56,1588]",3,1
453882w1,453882,"[1,0,1,-12558,2277232]",3,2
453882w2,453882,"[1,0,1,-347898,78734752]",3,2
453901a1,453901,"[0,1,1,0,600]",3,1
453907a1,453907,"[1,-1,1,-30,-46]",3,1
453920b1,453920,"[0,0,0,-728,6352]",3,1
453924a1,453924,"[0,0,0,-189,981]",3,1
453970a1,453970,"[1,0,1,-4,102]",3,1
454015a1,454015,"[1,-1,0,-25,-30]",3,1
454092a1,454092,"[0,-1,0,-302,2121]",3,1
454122c1,454122,"[1,-1,1,-797,5285]",3,1
454122d1,454122,"[1,-1,1,-267656,53334987]",3,1
454149b1,454149,"[0,0,1,-228,-995]",3,1
454151a1,454151,"[1,0,1,-20,-9]",3,1
454155a1,454155,"[0,-1,1,-47910,2079506]",3,1
454212a1,454212,"[0,0,0,-2352,121745]",3,2
454212a2,454212,"[0,0,0,-53967,4818710]",3,2
454224a1,454224,"[0,-1,0,-3512,81264]",3,1
454252b1,454252,"[0,1,0,-5,1852]",3,1
454307a1,454307,"[1,-1,1,-79,274]",3,1
454320a1,454320,"[0,0,0,717,20882]",3,1
454320c1,454320,"[0,0,0,-14043,642058]",3,1
454323a1,454323,"[0,-1,1,-204,-394]",3,1
454338a1,454338,"[1,-1,0,-459,3969]",3,1
454360a1,454360,"[0,1,0,-50505,4363003]",3,1
454401a1,454401,"[1,-1,1,-590,-7000]",3,1
454524b1,454524,"[0,-1,0,2483,32761]",3,1
454528a1,454528,"[0,0,0,-472,4960]",3,1
454596a1,454596,"[0,-1,0,-106825,13488826]",3,1
454596b1,454596,"[0,-1,0,-89,498]",3,1
454617a1,454617,"[0,0,1,21,42]",3,1
454716a1,454716,"[0,0,0,-981,12069]",3,1
454743a1,454743,"[0,0,1,-156,-554]",3,1
454825a1,454825,"[0,1,1,-148,3714]",3,1
454825d1,454825,"[0,0,1,-4115950,3217964781]",3,1
454890b1,454890,"[1,1,0,262,-108]",3,1
454890m1,454890,"[1,0,1,-1439,21062]",3,1
454996a1,454996,"[0,0,0,-2392,45028]",3,1
455090a1,455090,"[1,1,0,-10032,382576]",3,1
455101a1,455101,"[0,0,1,-307,2076]",3,1
455101b1,455101,"[0,1,1,2,156]",3,1
455101d1,455101,"[0,0,1,44,-108]",3,1
455126g1,455126,"[1,1,1,-35462,2607747]",3,1
455175bb1,455175,"[1,-1,1,-590,-2788]",3,2
455175bb2,455175,"[1,-1,1,-4415,111962]",3,2
455243a1,455243,"[0,-1,1,-25,67]",3,1
455248a1,455248,"[0,1,0,-272,-1004]",3,1
455273a1,455273,"[1,-1,1,90639,-34909548]",3,1
455362a1,455362,"[1,-1,0,194,2608]",3,1
455370e1,455370,"[1,1,1,-751,7349]",3,1
455409a1,455409,"[1,-1,1,4,96]",3,1
455544b1,455544,"[0,0,0,-9579,-360109]",3,1
455577a1,455577,"[1,0,1,-8239,-281905]",3,1
455646a1,455646,"[1,0,1,-873,9532]",3,1
455694b1,455694,"[1,1,0,-61307,5823453]",3,1
455722a1,455722,"[1,-1,0,-1012,12640]",3,1
455736d1,455736,"[0,1,0,-252,-1296]",3,1
455745a1,455745,"[1,0,0,-6820,216437]",3,1
455814a1,455814,"[1,-1,0,-1554,23444]",3,1
455829a1,455829,"[0,-1,1,-100,372]",3,1
455831a1,455831,"[1,1,1,-22,42]",3,1
455856a1,455856,"[0,-1,0,200,736]",3,1
455957a1,455957,"[0,1,1,-244,1388]",3,1
456036c1,456036,"[0,1,0,-1610,27969]",3,1
456039a1,456039,"[1,-1,1,-500,4394]",3,1
456144x1,456144,"[0,1,0,-58760,5461764]",3,2
456144x2,456144,"[0,1,0,-52000,6773204]",3,2
456198a1,456198,"[1,1,0,-11982,509940]",3,1
456201a1,456201,"[0,0,1,3,56]",3,1
456228a1,456228,"[0,0,0,-9597,367405]",3,1
456230a1,456230,"[1,-1,0,35,181]",3,1
456234b1,456234,"[1,1,1,-680,9641]",3,1
456350a1,456350,"[1,0,1,24,4598]",3,1
456402d1,456402,"[1,0,1,-180,8470]",3,1
456474b1,456474,"[1,0,1,-208,782]",3,1
456496a1,456496,"[0,1,0,248,1524]",3,1
456498a1,456498,"[1,-1,0,-1401,28961]",3,1
456544a1,456544,"[0,0,0,-25,508]",3,1
456589a1,456589,"[1,0,0,-20,91]",3,1
456612a1,456612,"[0,-1,0,19,102]",3,1
456616a1,456616,"[0,1,0,-39,70]",3,1
456680e1,456680,"[0,1,0,-1500,22000]",3,1
456763a1,456763,"[1,0,0,10,31]",3,1
456777b1,456777,"[1,-1,1,-461,-3374]",3,1
456788a1,456788,"[0,0,0,-32,25]",3,1
456807c1,456807,"[1,1,1,-205,866]",3,2
456807c2,456807,"[1,1,1,380,5546]",3,2
456942a1,456942,"[1,1,0,-98,324]",3,1
456942b1,456942,"[1,0,1,-935,10910]",3,1
456942c1,456942,"[1,0,0,-7177,171161]",3,1
456966f1,456966,"[1,-1,1,-797,7845]",3,1
457025a1,457025,"[1,-1,1,-9730,371272]",3,2
457025a2,457025,"[1,-1,1,-12855,115022]",3,4
457025a3,457025,"[1,-1,1,50270,872522]",3,4
457025a4,457025,"[1,-1,1,-125980,-17079978]",3,2
457044d1,457044,"[0,1,0,-9525,357084]",3,1
457067a1,457067,"[1,-1,1,-2596,51252]",3,1
457132c1,457132,"[0,0,0,-257,1505]",3,1
457210a1,457210,"[1,1,0,-7022,246184]",3,1
457240e1,457240,"[0,1,0,-385,-1725]",3,1
457330g1,457330,"[1,1,0,-21242,1164244]",3,1
457344d1,457344,"[0,0,0,-11784,492064]",3,1
457550a1,457550,"[1,-1,0,-1267,17641]",3,1
457565a1,457565,"[0,1,1,-1260,16314]",3,1
457710q1,457710,"[1,0,1,-7679,152606]",3,2
457710q2,457710,"[1,0,1,-53849,-4704478]",3,2
457755a1,457755,"[1,1,1,-4170,18132]",3,1
457789a1,457789,"[0,-1,1,-67,-188]",3,1
457794a1,457794,"[1,-1,0,-24,1664]",3,1
457800u1,457800,"[0,-1,0,317,31612]",3,2
457800u2,457800,"[0,-1,0,-13308,576612]",3,2
457840e1,457840,"[0,0,0,-848,9452]",3,1
457890c1,457890,"[1,0,1,-2079,36406]",3,1
457908a1,457908,"[0,-1,0,-6212,191016]",3,1
457914a1,457914,"[1,1,0,-73,-71]",3,1
458008a1,458008,"[0,0,0,41,154]",3,1
458079a1,458079,"[0,-1,1,-944,11804]",3,1
458186a1,458186,"[1,0,0,-112,-384]",3,1
458192a1,458192,"[0,1,0,-805,-6321]",3,1
458194a1,458194,"[1,0,1,-3216,70490]",3,1
458242c1,458242,"[1,-1,1,-7999,248807]",3,1
458244b1,458244,"[0,0,0,-129,529]",3,1
458284a1,458284,"[0,1,0,-77,244]",3,1
458312a1,458312,"[0,0,0,-7639,256986]",3,1
458345a1,458345,"[1,-1,1,-239002,45032304]",3,2
458345a2,458345,"[1,-1,1,-243207,43368806]",3,4
458345a3,458345,"[1,-1,1,215138,187472474]",3,2
458345a4,458345,"[1,-1,1,-768832,-207249194]",3,2
458354a1,458354,"[1,-1,0,-1261,26533]",3,1
458378a1,458378,"[1,1,0,4,34]",3,1
458378c1,458378,"[1,-1,1,-4035,99651]",3,1
458442j1,458442,"[1,-1,1,238,2065]",3,1
458516b1,458516,"[0,0,0,-284,1841]",3,1
458563a1,458563,"[0,-1,1,-152,450]",3,1
458602c1,458602,"[1,-1,1,-16470,817509]",3,1
458667b1,458667,"[1,-1,1,-1544,26102]",3,1
458688d1,458688,"[0,-1,0,-18849,560673]",3,1
458688j1,458688,"[0,-1,0,-353,225]",3,1
458795a1,458795,"[1,-1,1,-63,192]",3,1
458798a1,458798,"[1,0,0,-85,-159]",3,1
458865f1,458865,"[1,-1,1,-1982,29206]",3,1
458889a1,458889,"[1,0,0,-79,914]",3,1
458891a1,458891,"[0,0,1,-61,186]",3,1
458895a1,458895,"[0,1,1,-1210,18556]",3,1
458900a1,458900,"[0,0,0,-160,-575]",3,1
458991a1,458991,"[1,-1,1,-62,210]",3,1
459034h1,459034,"[1,1,1,-4729,123207]",3,1
459050a1,459050,"[1,1,0,-5250,146500]",3,1
459051c1,459051,"[1,0,0,-547,5306]",3,1
459086h1,459086,"[1,1,1,-40664,-3040743]",3,1
459200f1,459200,"[0,0,0,-1300,66400]",3,1
459200bh1,459200,"[0,-1,0,-105833,13354537]",3,1
459214a1,459214,"[1,-1,0,-64,2284]",3,1
459214c1,459214,"[1,1,0,-756,7696]",3,1
459214f1,459214,"[1,-1,1,-789,11757]",3,1
459261a1,459261,"[1,-1,1,9373,577010]",3,1
459306a1,459306,"[1,-1,0,-6441,367181]",3,1
459307a1,459307,"[0,0,1,10,30]",3,1
459336a1,459336,"[0,-1,0,-12,324]",3,1
459425b1,459425,"[1,1,1,3737,-99594]",3,1
459480a1,459480,"[0,-1,0,-316,2980]",3,1
459522e1,459522,"[1,-1,0,-576,5116]",3,1
459535a1,459535,"[0,-1,1,-611,-45654]",3,1
459536f1,459536,"[0,-1,0,-5549,160465]",3,1
459560a1,459560,"[0,0,0,-148,-668]",3,1
459648a1,459648,"[0,0,0,-4644,374544]",3,1
459655a1,459655,"[0,1,1,-350,5154]",3,1
459660c1,459660,"[0,-1,0,-4230,497025]",3,1
459714a1,459714,"[1,1,0,-68,204]",3,1
459775a1,459775,"[0,0,1,-11375,438306]",3,1
459858a1,459858,"[1,0,1,-150,292]",3,1
459902a1,459902,"[1,0,0,-715,7281]",3,1
460026g1,460026,"[1,-1,1,-3182,91005]",3,1
460032b1,460032,"[0,-1,0,-27,39]",3,1
460032l1,460032,"[0,1,0,-607,4181]",3,1
460040a1,460040,"[0,1,0,-1001,11515]",3,1
460083a1,460083,"[0,1,1,-11336,463982]",3,1
460108a1,460108,"[0,1,0,-74,-143]",3,1
460137a1,460137,"[1,0,0,-3435,105066]",3,1
460224a1,460224,"[0,0,0,-252,19440]",3,2
460224a2,460224,"[0,0,0,-12492,533520]",3,2
460293a1,460293,"[1,0,0,-1632,25281]",3,1
460386a1,460386,"[1,-1,0,54,238]",3,1
460440e1,460440,"[0,0,0,-4572,126036]",3,1
460525a1,460525,"[1,-1,1,-240,1512]",3,1
460579a1,460579,"[0,1,1,-1,32]",3,1
460592a1,460592,"[0,0,0,-2755,84226]",3,1
460598a1,460598,"[1,-1,0,-1188028,498745744]",3,1
460598c1,460598,"[1,1,0,-162,760]",3,1
460656f1,460656,"[0,0,0,-2547,23490]",3,2
460656f2,460656,"[0,0,0,-20187,-1087830]",3,2
460672a1,460672,"[0,1,0,-17705,908839]",3,1
460748a1,460748,"[0,0,0,-4168,103561]",3,1
460776d1,460776,"[0,1,0,-5964,174672]",3,1
460810k1,460810,"[1,0,0,-361,80985]",3,1
460866g1,460866,"[1,1,1,-7,317]",3,1
460866h1,460866,"[1,1,1,-110502,14128035]",3,1
460890c1,460890,"[1,-1,0,30,296]",3,1
460974d1,460974,"[1,1,1,-1005,11811]",3,1
461041a1,461041,"[1,1,1,-99,-344]",3,1
461241a1,461241,"[0,0,1,87,90]",3,1
461434a1,461434,"[1,1,0,-321,4021]",3,1
461453a1,461453,"[1,1,1,-247,-1538]",3,1
461482a1,461482,"[1,-1,0,-1969,206989]",3,1
461522a1,461522,"[1,-1,0,-131,1621]",3,1
461526c1,461526,"[1,0,1,-1927,29690]",3,2
461526c2,461526,"[1,0,1,-6787,-182206]",3,2
461560a1,461560,"[0,1,0,-276,1024]",3,2
461560a2,461560,"[0,1,0,824,8064]",3,2
461584a1,461584,"[0,0,0,-787,8530]",3,1
461584c1,461584,"[0,-1,0,-392,2704]",3,1
461587a1,461587,"[1,1,1,-130,456]",3,1
461616b1,461616,"[0,-1,0,-73216,7649632]",3,1
461619a1,461619,"[0,0,1,-171,866]",3,1
461619c1,461619,"[0,0,1,54,122681]",3,1
461672a1,461672,"[0,-1,0,-177,949]",3,1
461680e1,461680,"[0,-1,0,-1336,-18064]",3,1
461748b1,461748,"[0,-1,0,-4702,125689]",3,1
461775e1,461775,"[1,0,0,-4238,106317]",3,1
461788a1,461788,"[0,0,0,-73,361]",3,1
461817b1,461817,"[0,0,1,-4761,127092]",3,1
461844a1,461844,"[0,0,0,-18048,932996]",3,1
461852a1,461852,"[0,-1,0,-869,-2210]",3,1
461886b1,461886,"[1,0,1,-660,9142]",3,1
461886c1,461886,"[1,0,1,23540,629642]",3,1
461907a1,461907,"[0,0,1,-471,4032]",3,1
461907c1,461907,"[0,0,1,-822,45931]",3,1
461910e1,461910,"[1,0,1,-5213,170156]",3,1
461930a1,461930,"[1,-1,0,-880,11476]",3,1
461968b1,461968,"[0,-1,0,-117,169]",3,1
461988a1,461988,"[0,0,0,-1047,14830]",3,1
461988b1,461988,"[0,0,0,-96,580]",3,1
462001a1,462001,"[0,0,1,-100052,12181106]",3,1
462007a1,462007,"[0,0,1,-79561,8637660]",3,1
462007b1,462007,"[0,-1,1,-99,-186]",3,1
462042e1,462042,"[1,-1,0,-243,1505]",3,2
462042e2,462042,"[1,-1,0,-453,-1309]",3,2
462162b1,462162,"[1,1,0,-93,441]",3,1
462182a1,462182,"[1,0,0,-1309,18225]",3,1
462272a1,462272,"[0,0,0,-172,1360]",3,1
462272u1,462272,"[0,1,0,-29793,1969439]",3,1
462274a1,462274,"[1,1,1,-887,9645]",3,1
462318a1,462318,"[1,1,0,-147,585]",3,1
462318c1,462318,"[1,1,0,-6221,184221]",3,1
462318d1,462318,"[1,1,0,-4480,-117092]",3,1
462360f1,462360,"[0,1,0,-4001,76899]",3,1
462365a1,462365,"[1,0,0,-10025,385000]",3,2
462365a2,462365,"[1,0,0,-7080,616477]",3,2
462426h1,462426,"[1,0,0,-4175,95481]",3,1
462510a1,462510,"[1,-1,0,-195,1061]",3,1
462521a1,462521,"[0,-1,1,-62,90]",3,1
462528r1,462528,"[0,0,0,-3276,72080]",3,2
462528r2,462528,"[0,0,0,-4236,26384]",3,2
462582b1,462582,"[1,-1,0,243,-177147]",3,1
462582g1,462582,"[1,-1,1,-76262,8222325]",3,1
462635a1,462635,"[1,-1,1,-2127,38304]",3,1
462636a1,462636,"[0,0,0,-237,965]",3,1
462672j1,462672,"[0,0,0,-26379,1646874]",3,1
462690h1,462690,"[1,-1,0,-10095,368621]",3,2
462690h2,462690,"[1,-1,0,8985,1585925]",3,2
462784j1,462784,"[0,0,0,-1396,20064]",3,2
462784j2,462784,"[0,0,0,-1676,11440]",3,2
462842b1,462842,"[1,1,1,-207,1045]",3,1
462890b1,462890,"[1,0,0,-751,4281]",3,2
462890b2,462890,"[1,0,0,2449,31801]",3,2
462897a1,462897,"[1,-1,1,202,1878]",3,1
462922b1,462922,"[1,-1,1,-396,3471]",3,1
462931a1,462931,"[1,0,0,148,1459]",3,1
462944b1,462944,"[0,-1,0,-154349,23391685]",3,1
462952a1,462952,"[0,0,0,-7,490]",3,1
462997a1,462997,"[0,0,1,-97,366]",3,1
463005a1,463005,"[0,0,1,-18273,952128]",3,1
463010b1,463010,"[1,-1,1,-300117,63444141]",3,1
463030d1,463030,"[1,-1,0,10,900]",3,1
463071a1,463071,"[1,0,0,-1609,24818]",3,1
463114a1,463114,"[1,-1,0,-43,115]",3,1
463120m1,463120,"[0,0,0,-83,1682]",3,1
463185b1,463185,"[0,0,1,-1677,26410]",3,1
463211a1,463211,"[1,-1,0,107,406]",3,1
463255b1,463255,"[0,-1,1,409,-3678]",3,1
463295b1,463295,"[1,0,0,-855,10702]",3,1
463298a1,463298,"[1,-1,0,-121,2541]",3,1
463307a1,463307,"[1,-1,1,-9948,385310]",3,1
463312c1,463312,"[0,-1,0,544,1024]",3,1
463331a1,463331,"[0,-1,1,-802,9022]",3,1
463419a1,463419,"[1,-1,1,-14702,-366910]",3,1
463475a1,463475,"[0,-1,1,-158,4218]",3,1
463475b1,463475,"[0,-1,1,-8033,279843]",3,1
463485d1,463485,"[0,1,1,-11430,449084]",3,1
463488y1,463488,"[0,1,0,-3465,74439]",3,1
463538c1,463538,"[1,0,0,2138,116196]",3,1
463542c1,463542,"[1,0,1,-85683,-7700978]",3,1
463542e1,463542,"[1,0,1,-3022,63644]",3,1
463594a1,463594,"[1,0,1,-3728,86622]",3,1
463594b1,463594,"[1,0,1,-126,-544]",3,1
463606a1,463606,"[1,0,1,-36634,2695728]",3,1
463608a1,463608,"[0,0,0,-6804,-124444]",3,1
463738j1,463738,"[1,1,1,-2147,37377]",3,1
463771a1,463771,"[0,0,1,-559,6072]",3,1
463920f1,463920,"[0,-1,0,-3800,90000]",3,1
463943b1,463943,"[1,1,0,8,35]",3,1
463965a1,463965,"[1,0,0,94,1095]",3,1
464030c1,464030,"[1,0,1,-89,396]",3,1
464094b1,464094,"[1,-1,0,-171,513]",3,1
464094c1,464094,"[1,-1,0,-189351,26159193]",3,1
464187a1,464187,"[1,0,0,-9709,366638]",3,1
464202a1,464202,"[1,-1,0,-57456,5315836]",3,1
464202b1,464202,"[1,-1,0,276219,18430933]",3,1
464212b1,464212,"[0,-1,0,-8989,318473]",3,1
464256f1,464256,"[0,0,0,-511716,140894224]",3,1
464258a1,464258,"[1,0,0,-365,2641]",3,1
464266a1,464266,"[1,-1,0,-8195194,-9027628364]",3,1
464266d1,464266,"[1,-1,0,-383,11281]",3,1
464278a1,464278,"[1,1,0,-74,2116]",3,1
464292a1,464292,"[0,0,0,-477,4005]",3,1
464320o1,464320,"[0,-1,0,-641,6241]",3,1
464392a1,464392,"[0,1,0,-92,256]",3,1
464424a1,464424,"[0,-1,0,607,933]",3,1
464448c1,464448,"[0,-1,0,-177,81]",3,1
464512a1,464512,"[0,1,0,71,-105]",3,1
464518b1,464518,"[1,-1,1,-87,-145]",3,1
464595c1,464595,"[1,1,1,-31,494]",3,1
464666a1,464666,"[1,-1,1,-21,141]",3,1
464670b1,464670,"[1,-1,0,-1260,17536]",3,1
464700k1,464700,"[0,1,0,-4073,99408]",3,1
464768a1,464768,"[0,1,0,-153,631]",3,1
464788a1,464788,"[0,0,0,-400,-3068]",3,1
464808k1,464808,"[0,1,0,-1044,12960]",3,1
464831a1,464831,"[1,0,0,-26,37]",3,1
464832f1,464832,"[0,0,0,-156,1744]",3,1
464841a1,464841,"[0,0,1,-1641,32440]",3,1
464856a1,464856,"[0,-1,0,-488,4365]",3,1
464868b1,464868,"[0,0,0,-8544,304004]",3,1
464868c1,464868,"[0,0,0,1896,18596]",3,1
464919c1,464919,"[1,1,1,848,-2878]",3,1
464976a1,464976,"[0,0,0,-3387,81610]",3,1
464976j1,464976,"[0,0,0,-22035,1281746]",3,1
465087a1,465087,"[1,1,1,-181,710]",3,1
465131a1,465131,"[0,0,1,-217,-414]",3,1
465155a1,465155,"[0,-1,1,30,-162]",3,1
465155c1,465155,"[0,0,1,-31912,3862590]",3,1
465180a1,465180,"[0,-1,0,-166,841]",3,1
465246l1,465246,"[1,-1,1,-2954,49609]",3,1
465255c1,465255,"[1,-1,1,-83,956]",3,1
465258a1,465258,"[1,1,0,-19,49]",3,1
465384a1,465384,"[0,1,0,-1865,29979]",3,1
465480c1,465480,"[0,0,0,-228,452]",3,1
465519b1,465519,"[0,1,1,-58,-2]",3,1
465528a1,465528,"[0,-1,0,-7705,264061]",3,1
465549a1,465549,"[0,-1,1,-13050,578192]",3,1
465575b1,465575,"[1,1,1,-3388,74256]",3,1
465591a1,465591,"[0,1,1,-3402,80372]",3,1
465620a1,465620,"[0,1,0,-70,825]",3,1
465630c1,465630,"[1,1,0,-2723,54177]",3,1
465661a1,465661,"[1,1,1,-95,306]",3,1
465674a1,465674,"[1,1,0,2024,202796]",3,1
465731a1,465731,"[1,-1,1,24,600]",3,1
465738h1,465738,"[1,0,1,-36793,2793392]",3,1
465762b1,465762,"[1,1,0,72,-486]",3,1
465762c1,465762,"[1,1,1,-1802,33815]",3,1
465774b1,465774,"[1,0,1,-152,1190]",3,1
465795a1,465795,"[0,0,1,-273,1028]",3,1
465808j1,465808,"[0,1,0,-12360,524804]",3,1
465829a1,465829,"[0,1,1,-28054,1797552]",3,1
465894c1,465894,"[1,-1,0,-7803,372325]",3,2
465894c2,465894,"[1,-1,0,-138123,19790005]",3,2
465936b1,465936,"[0,-1,0,-192,864]",3,1
465942a1,465942,"[1,1,0,-28,-26]",3,1
465950a1,465950,"[1,1,0,-40,50]",3,1
465950d1,465950,"[1,-1,1,-11880,168747]",3,1
466010a1,466010,"[1,-1,0,-590,5716]",3,1
466032bc1,466032,"[0,1,0,-54320,4752804]",3,2
466032bc2,466032,"[0,1,0,7240,14971764]",3,2
466044a1,466044,"[0,-1,0,-1645,26521]",3,1
466088j1,466088,"[0,1,0,-352,1861]",3,1
466146a1,466146,"[1,-1,0,-54864,4964544]",3,1
466350a1,466350,"[1,1,0,-5400,162000]",3,1
466394b1,466394,"[1,-1,0,-103,-131]",3,1
466438a1,466438,"[1,1,1,-945,10831]",3,1
466474a1,466474,"[1,-1,0,-389,3029]",3,1
466498a1,466498,"[1,1,0,-81,319]",3,1
466498e1,466498,"[1,-1,1,-61245,5849349]",3,1
466498g1,466498,"[1,0,0,-61880,-6096544]",3,1
466593a1,466593,"[1,0,0,-19342,1033769]",3,1
466622b1,466622,"[1,0,0,-102342,15492964]",3,1
466623a1,466623,"[0,0,1,-1443,21042]",3,1
466744a1,466744,"[0,-1,0,-20,196]",3,1
466772a1,466772,"[0,0,0,-2071,36334]",3,1
466865a1,466865,"[1,-1,1,-93,306]",3,1
466880a1,466880,"[0,1,0,-481,2175]",3,1
466880g1,466880,"[0,0,0,-13388,595312]",3,1
466958c1,466958,"[1,0,0,-3697,86121]",3,1
466970c1,466970,"[1,1,0,-88,218]",3,1
467126b1,467126,"[1,1,0,94,3280]",3,1
467132a1,467132,"[0,-1,0,-34,113]",3,1
467154d1,467154,"[1,-1,1,-136541,19885285]",3,1
467176b1,467176,"[0,1,0,-203,-386]",3,1
467192a1,467192,"[0,1,0,-137,-101]",3,1
467200a1,467200,"[0,0,0,-70,-200]",3,1
467200k1,467200,"[0,-1,0,-383,1387]",3,1
467320b1,467320,"[0,1,0,-441,4459]",3,1
467376a1,467376,"[0,-1,0,-5832,178704]",3,1
467392b1,467392,"[0,1,0,-5921,186463]",3,1
467427a1,467427,"[0,1,1,-75,245]",3,1
467590c1,467590,"[1,0,1,-5298,181928]",3,1
467670a1,467670,"[1,1,0,-28,532]",3,1
467725a1,467725,"[0,0,1,-28028375,57113905156]",3,1
467728d1,467728,"[0,0,0,-347,-1830]",3,2
467728d2,467728,"[0,0,0,-1987,32610]",3,2
467800a1,467800,"[0,1,0,-3508,79488]",3,1
467810a1,467810,"[1,0,1,-56774,3754116]",3,2
467810a2,467810,"[1,0,1,146976,24618116]",3,2
467874a1,467874,"[1,-1,0,51,289]",3,1
467892a1,467892,"[0,0,0,-3432,77060]",3,1
467894a1,467894,"[1,-1,0,1129,3293]",3,1
467895b1,467895,"[1,0,0,-335,2172]",3,1
467920f1,467920,"[0,-1,0,-2720,-13568]",3,1
468032g1,468032,"[0,1,0,-70113,7122335]",3,1
468111a1,468111,"[1,1,1,-7382,249950]",3,1
468179a1,468179,"[1,1,1,-6947,220050]",3,1
468189a1,468189,"[1,-1,1,-320,-1492]",3,1
468204a1,468204,"[0,-1,0,187,1089]",3,1
468204e1,468204,"[0,1,0,-2949,67860]",3,1
468205a1,468205,"[1,1,1,-1086,-8042]",3,1
468240l1,468240,"[0,1,0,-576,324]",3,1
468434a1,468434,"[1,-1,1,-1248,17283]",3,1
468438a1,468438,"[1,1,0,-272,1620]",3,1
468494c1,468494,"[1,1,1,578,2427]",3,1
468530a1,468530,"[1,-1,1,-1608,25227]",3,1
468546d1,468546,"[1,0,1,-33540,2360722]",3,1
468608c1,468608,"[0,-1,0,-201,1369]",3,1
468626a1,468626,"[1,0,1,-238,1392]",3,1
468650a1,468650,"[1,-1,0,23,1981]",3,1
468705a1,468705,"[1,0,0,-16,221]",3,1
468787a1,468787,"[0,-1,1,-1605,63252]",3,1
468860a1,468860,"[0,0,0,-12337,512209]",3,1
468870c1,468870,"[1,1,0,-1303,17557]",3,1
468922a1,468922,"[1,1,1,-629,5787]",3,1
468928a1,468928,"[0,0,0,-388,3136]",3,1
468928d1,468928,"[0,-1,0,-34817,2513281]",3,1
468928h1,468928,"[0,-1,0,-481,18017]",3,1
468965a1,468965,"[0,0,1,-97,570]",3,1
468966a1,468966,"[1,1,0,21,81]",3,1
469006b1,469006,"[1,-1,0,-179,949]",3,1
469070a1,469070,"[1,-1,0,545,-2675]",3,1
469083a1,469083,"[0,-1,1,-104,446]",3,1
469086c1,469086,"[1,0,1,-3812,90416]",3,1
469123a1,469123,"[0,-1,1,-3444,78864]",3,1
469181a1,469181,"[1,-1,1,-358,128]",3,1
469233a1,469233,"[1,-1,1,-20,-2]",3,1
469290a1,469290,"[1,1,0,-108,-288]",3,1
469386c1,469386,"[1,-1,0,-96,396]",3,1
469402a1,469402,"[1,1,0,-369,2629]",3,1
469494a1,469494,"[1,-1,0,-1233,16929]",3,1
469526a1,469526,"[1,-1,0,-202,-332]",3,1
469545a1,469545,"[0,-1,1,-240,506]",3,1
469557b1,469557,"[0,0,1,-15093,712550]",3,1
469575b1,469575,"[1,-1,1,6520,-162228]",3,1
469605b1,469605,"[0,1,1,-2500,67054]",3,1
469635a1,469635,"[1,1,1,910,34472]",3,1
469660a1,469660,"[0,0,0,-6088,195012]",3,1
469692a1,469692,"[0,0,0,-471,3854]",3,1
469722o1,469722,"[1,0,0,-109810,13869956]",3,1
469736a1,469736,"[0,-1,0,-65,-59]",3,1
469755c1,469755,"[1,-1,1,-68,89606]",3,2
469755c2,469755,"[1,-1,1,-30443,2021456]",3,2
469790i1,469790,"[1,0,0,-1891,31425]",3,1
469790j1,469790,"[1,0,0,-137241,19550521]",3,1
469945a1,469945,"[0,0,1,25733,2400030]",3,1
469968a1,469968,"[0,-1,0,256,-7680]",3,1
470022q1,470022,"[1,0,1,-5708,502202]",3,2
470022q2,470022,"[1,0,1,-136048,19271162]",3,2
470046b1,470046,"[1,0,1,-108,-98]",3,1
470112h1,470112,"[0,1,0,-29249,1916367]",3,1
470134a1,470134,"[1,0,1,-470,3780]",3,1
470150c1,470150,"[1,0,0,-4963,146817]",3,1
470183a1,470183,"[1,1,1,8,90]",3,1
470210a1,470210,"[1,-1,0,56,5200]",3,1
470226c1,470226,"[1,0,1,-635,8930]",3,1
470258a1,470258,"[1,0,1,-1892,39990]",3,1
470260a1,470260,"[0,1,0,-145,4368]",3,1
470320e1,470320,"[0,1,0,-1256,-4300]",3,1
470334b1,470334,"[1,1,1,-307,3185]",3,1
470352t1,470352,"[0,1,0,-1000,-3916]",3,1
470560e1,470560,"[0,-1,0,-306,1156]",3,1
470582a1,470582,"[1,0,1,237,1022]",3,1
470662a1,470662,"[1,0,1,-25,0]",3,1
470665c1,470665,"[1,1,0,-54083,4818598]",3,1
470675a1,470675,"[1,1,1,-449088,114613906]",3,1
470757a1,470757,"[0,-1,1,-2786,-97372]",3,1
470775a1,470775,"[0,1,1,-27008,1700144]",3,1
470828a1,470828,"[0,0,0,-416,2916]",3,1
470851a1,470851,"[0,1,1,-2417,44940]",3,1
470859a1,470859,"[0,-1,1,-2578,-33276]",3,1
470919a1,470919,"[1,1,1,-80,236]",3,1
470943e1,470943,"[0,0,1,-1884,-30618]",3,1
470976ce1,470976,"[0,1,0,-857,78759]",3,1
471128b1,471128,"[0,1,0,-1337,18379]",3,1
471210d1,471210,"[1,1,0,-452,2916]",3,1
471274d1,471274,"[1,1,1,-17479,883005]",3,1
471372a1,471372,"[0,-1,0,-797,9006]",3,1
471378a1,471378,"[1,1,0,-102,-360]",3,1
471403a1,471403,"[0,1,1,-130,530]",3,1
471424a1,471424,"[0,0,0,26,-524]",3,1
471424c1,471424,"[0,1,0,-857,9271]",3,1
471424d1,471424,"[0,1,0,-697,6711]",3,1
471424o1,471424,"[0,0,0,-41924,3304016]",3,1
471435a1,471435,"[1,0,0,-2651,52656]",3,1
471472d1,471472,"[0,0,0,-107,4250]",3,1
471538a1,471538,"[1,0,0,30,2116]",3,1
471637a1,471637,"[1,1,1,-1939,32052]",3,1
471672c1,471672,"[0,0,0,-1119,15266]",3,1
471746c1,471746,"[1,0,1,348,-2286]",3,1
471753b1,471753,"[1,-1,1,-1679,32424]",3,1
471762b1,471762,"[1,-1,0,-153,81]",3,1
471822f1,471822,"[1,0,1,792,113122]",3,2
471822f2,471822,"[1,0,1,-30798,2008522]",3,2
471830a1,471830,"[1,-1,0,-655,3325]",3,1
471898a1,471898,"[1,0,1,-115,330]",3,1
471898d1,471898,"[1,0,0,-405,2401]",3,1
471936h1,471936,"[0,1,0,-377,-1641]",3,1
471969b1,471969,"[0,0,1,0,57]",3,1
471969b2,471969,"[0,0,1,0,-1546]",3,1
472005f1,472005,"[0,0,1,432,-61]",3,1
472144a1,472144,"[0,0,0,5,-374]",3,1
472192c1,472192,"[0,1,0,-735,-7871]",3,2
472192c2,472192,"[0,1,0,-1225,3399]",3,2
472197a1,472197,"[0,1,1,-2912,-22828]",3,1
472200b1,472200,"[0,-1,0,32,157]",3,1
472208a1,472208,"[0,1,0,-45,439]",3,1
472257a1,472257,"[1,-1,1,-7346,244162]",3,1
472304a1,472304,"[0,0,0,-403171,98533090]",3,1
472304b1,472304,"[0,-1,0,-264,4144]",3,1
472328a1,472328,"[0,-1,0,-116,484]",3,1
472329b1,472329,"[1,-1,1,-860,19878]",3,2
472329b2,472329,"[1,-1,1,-17375,885264]",3,2
472384g1,472384,"[0,1,0,-11777,496351]",3,1
472530f1,472530,"[1,1,1,-11221,453179]",3,1
472537a1,472537,"[0,0,1,1,422]",3,1
472554h1,472554,"[1,-1,1,-497,3745]",3,1
472668c1,472668,"[0,1,0,-30350,2017449]",3,1
472720a1,472720,"[0,1,0,-7456,245844]",3,1
472735a1,472735,"[0,-1,1,-380,3528]",3,1
472747b1,472747,"[1,-1,1,-496,4370]",3,1
472854b1,472854,"[1,0,0,-5862,181476]",3,1
472929a1,472929,"[0,-1,1,-20,182]",3,1
472930d1,472930,"[1,0,0,-681,6361]",3,1
472934a1,472934,"[1,0,1,-260,1362]",3,1
472958a1,472958,"[1,0,0,-364,3984]",3,1
473004b1,473004,"[0,0,0,-741,-2851]",3,1
473028c1,473028,"[0,1,0,-650,3249]",3,1
473052c1,473052,"[0,1,0,-9577,822536]",3,1
473190a1,473190,"[1,1,0,-123,333]",3,1
473272a1,473272,"[0,-1,0,24,-23]",3,1
473352a1,473352,"[0,-1,0,-2460,48996]",3,1
473358h1,473358,"[1,0,0,-807,8649]",3,1
473374a1,473374,"[1,0,0,76,-560]",3,1
473451b1,473451,"[1,1,1,-77,230]",3,1
473478k1,473478,"[1,0,0,-22380,974736]",3,2
473478k2,473478,"[1,0,0,-333420,74069136]",3,2
473690h1,473690,"[1,-1,1,-3393,72657]",3,1
473720f1,473720,"[0,1,0,-9420,358768]",3,1
473763a1,473763,"[1,1,1,-205,1154]",3,1
473800b1,473800,"[0,1,0,-87033,10151563]",3,1
473908a1,473908,"[0,1,0,-5438,152545]",3,1
473910h1,473910,"[1,1,1,-1296,23793]",3,1
473924a1,473924,"[0,1,0,-77,316]",3,1
473936a1,473936,"[0,-1,0,208,16]",3,1
473950d1,473950,"[1,-1,1,-7990,231237]",3,1
473956a1,473956,"[0,-1,0,-414,169]",3,1
474008d1,474008,"[0,0,0,-14,-51]",3,1
474084e1,474084,"[0,0,0,-3693,86461]",3,1
474168d1,474168,"[0,-1,0,-108,-252]",3,1
474177b1,474177,"[1,1,1,-4004,96590]",3,1
474208a1,474208,"[0,0,0,-76,1024]",3,1
474210a1,474210,"[1,-1,0,-240,3500]",3,2
474210a2,474210,"[1,-1,0,-5190,145070]",3,2
474225a1,474225,"[0,1,1,42,2594]",3,1
474254a1,474254,"[1,0,1,-18121,937356]",3,1
474320ci1,474320,"[0,-1,0,-1976,1196560]",3,1
474330b1,474330,"[1,1,0,-23,177]",3,1
474385b1,474385,"[1,1,1,-165,730]",3,1
474399a1,474399,"[1,-1,1,-122,20]",3,1
474450b1,474450,"[1,1,0,-675,6525]",3,1
474504b1,474504,"[0,-1,0,-209,1845]",3,1
474523a1,474523,"[1,1,1,-139,-204]",3,1
474573a1,474573,"[0,-1,1,-162,1790]",3,1
474573h1,474573,"[0,1,1,-254727,56463500]",3,1
474575c1,474575,"[1,0,0,-513,1642]",3,1
474594c1,474594,"[1,0,1,-2340,-18638]",3,1
474657a1,474657,"[0,-1,1,-210,1442]",3,1
474734e1,474734,"[1,0,1,-19721,1064280]",3,3
474734e2,474734,"[1,0,1,-14916,1596674]",3,1
474815a1,474815,"[0,1,1,6944,-23950]",3,1
474815b1,474815,"[0,0,1,-113,468]",3,1
474818b1,474818,"[1,1,0,-53,121]",3,1
474826a1,474826,"[1,-1,0,-13420,601744]",3,1
474854a1,474854,"[1,-1,1,194,2765]",3,1
474865a1,474865,"[0,1,1,-2290,41306]",3,1
474894i1,474894,"[1,-1,1,-4127,107655]",3,1
474898a1,474898,"[1,0,0,-55,201]",3,1
474906b1,474906,"[1,1,1,23,5207]",3,1
474912a1,474912,"[0,0,0,-777,8620]",3,1
474912d1,474912,"[0,0,0,216,2384]",3,1
474915c1,474915,"[0,1,1,-5040,85556]",3,1
474916a1,474916,"[0,-1,0,-125,526]",3,1
474931a1,474931,"[0,0,1,-74,247]",3,1
474936c1,474936,"[0,-1,0,-1617,-459]",3,1
474957e1,474957,"[1,-1,1,-4052,109540]",3,1
474986c1,474986,"[1,-1,1,-234514,43765009]",3,1
474990b1,474990,"[1,1,0,-20068,1086172]",3,2
474990b2,474990,"[1,1,0,-321118,69906202]",3,2
475006a1,475006,"[1,0,1,-810,-6520]",3,1
475056k1,475056,"[0,0,0,-723,22754]",3,1
475120a1,475120,"[0,1,0,-13080,571828]",3,1
475122a1,475122,"[1,1,0,-91,289]",3,1
475186b1,475186,"[1,0,0,-34515,6395041]",3,1
475243b1,475243,"[1,0,0,-518,4495]",3,1
475254s1,475254,"[1,-1,1,-9194,365609]",3,1
475280b1,475280,"[0,1,0,-216,820]",3,1
475300d1,475300,"[0,1,0,-100858,12296913]",3,1
475300e1,475300,"[0,1,0,-758,23113]",3,1
475316a1,475316,"[0,1,0,-40092,-2571356]",3,1
475326h1,475326,"[1,-1,1,-1361,19585]",3,1
475335b1,475335,"[0,0,1,-507,3262]",3,1
475376d1,475376,"[0,-1,0,3288,-28304]",3,1
475376d2,475376,"[0,-1,0,-37592,3307504]",3,1
475376e1,475376,"[0,-1,0,1928,54704]",3,1
475392d1,475392,"[0,-1,0,131,-347]",3,1
475518a1,475518,"[1,1,0,-21,81]",3,1
475536a1,475536,"[0,-1,0,-704,7488]",3,1
475560i1,475560,"[0,0,0,-35652,2596196]",3,1
475584u1,475584,"[0,1,0,-1057,-6529]",3,1
475594a1,475594,"[1,0,1,-351650,80233332]",3,1
475609a1,475609,"[0,0,1,-2182,38091]",3,1
475614a1,475614,"[1,-1,0,-189,-491]",3,1
475656a1,475656,"[0,1,0,-180,-891]",3,1
475744b1,475744,"[0,0,0,-236,1344]",3,1
475758d1,475758,"[1,-1,0,2133,-52731]",3,1
475758h1,475758,"[1,-1,1,-9932,400335]",3,1
475888b1,475888,"[0,1,0,-800,8644]",3,1
475912a1,475912,"[0,0,0,1916,480964]",3,1
475962f1,475962,"[1,1,1,-932,17957]",3,1
476002a1,476002,"[1,0,0,-62,4]",3,1
476007c1,476007,"[0,1,1,49,1157]",3,1
476055a1,476055,"[0,0,1,-214563,38255044]",3,1
476078a1,476078,"[1,-1,1,-6156,185871]",3,1
476118b1,476118,"[1,-1,1,-524,4879]",3,1
476224a1,476224,"[0,0,0,-124,16]",3,1
476224b1,476224,"[0,0,0,-724,7264]",3,1
476224k1,476224,"[0,-1,0,-20657,1149361]",3,1
476224n1,476224,"[0,-1,0,-721,-6223]",3,1
476279a1,476279,"[1,-1,1,-18,48]",3,1
476311a1,476311,"[0,-1,1,-15012,725052]",3,1
476320c1,476320,"[0,1,0,-19846,1069524]",3,2
476320c2,476320,"[0,1,0,-19841,1070095]",3,2
476350d1,476350,"[1,1,0,-8025,275125]",3,1
476352b1,476352,"[0,0,0,-684,-1296]",3,1
476357a1,476357,"[1,-1,1,-3831,92226]",3,1
476399a1,476399,"[0,-1,1,496,40284]",3,1
476418c1,476418,"[1,0,1,-1390,20180]",3,1
476464b1,476464,"[0,0,0,733,19490]",3,1
476585a1,476585,"[1,-1,1,-252,1554]",3,1
476588a1,476588,"[0,0,0,8,1860]",3,1
476683a1,476683,"[0,1,1,-320,2100]",3,1
476843a1,476843,"[0,-1,1,986,-1736]",3,1
476862e1,476862,"[1,0,1,10675,338312]",3,1
476864a1,476864,"[0,0,0,-28,66]",3,1
476870b1,476870,"[1,0,1,-5133,238556]",3,1
476920a1,476920,"[0,1,0,-16065,780163]",3,1
476961b1,476961,"[0,1,1,-16439,805721]",3,1
477008a1,477008,"[0,1,0,-180,-116]",3,1
477070g1,477070,"[1,0,0,-19296,1008640]",3,1
477088a1,477088,"[0,1,0,-320,2104]",3,1
477111a1,477111,"[1,1,1,-29273,1854020]",3,1
477140a1,477140,"[0,1,0,-41,64]",3,1
477152a1,477152,"[0,1,0,-11362,547296]",3,1
477179a1,477179,"[1,-1,0,-38,-75]",3,1
477185b1,477185,"[0,-1,1,-875,3906]",3,1
477202a1,477202,"[1,0,1,51,68]",3,1
477246g1,477246,"[1,1,1,-3500,63821]",3,2
477246g2,477246,"[1,1,1,-16940,-796339]",3,2
477318k1,477318,"[1,0,1,-1068,14062]",3,1
477318n1,477318,"[1,0,1,-376659,-87797330]",3,1
477365b1,477365,"[1,1,1,-14826,366574]",3,1
477378a1,477378,"[1,-1,0,-648,6556]",3,1
477414d1,477414,"[1,-1,0,-1338,6596]",3,1
477474m1,477474,"[1,0,0,-2740,23696]",3,1
477475a1,477475,"[0,1,1,-408,5094]",3,1
477476a1,477476,"[0,1,0,-54,121]",3,1
477482a1,477482,"[1,0,0,-1044,14224]",3,1
477568g1,477568,"[0,1,0,-495,-3791]",3,2
477568g2,477568,"[0,1,0,-2185,35079]",3,2
477598b1,477598,"[1,-1,1,-1341,30981]",3,1
477650a1,477650,"[1,-1,0,-17,241]",3,1
477698a1,477698,"[1,-1,0,-73,145]",3,1
477705b1,477705,"[1,1,1,-291,1788]",3,1
477724b1,477724,"[0,0,0,-56,289]",3,1
477778a1,477778,"[1,0,1,-88,282]",3,1
477802h1,477802,"[1,0,0,-106284,-5547632]",3,2
477802h2,477802,"[1,0,0,-888364,318389904]",3,2
477831a1,477831,"[0,-1,1,-3246,72470]",3,1
477845a1,477845,"[0,1,1,-431,3300]",3,1
477954a1,477954,"[1,-1,0,-108,544]",3,1
477960e1,477960,"[0,-1,0,-1940,32100]",3,2
477960e2,477960,"[0,-1,0,-5440,-112100]",3,2
477975c1,477975,"[0,1,1,-358,2344]",3,1
477979b1,477979,"[0,1,1,-1641,25047]",3,1
478047a1,478047,"[0,1,1,-352,2422]",3,1
478050m1,478050,"[1,0,1,-3001,62048]",3,1
478080u1,478080,"[0,0,0,-2982,184556]",3,2
478080u2,478080,"[0,0,0,-70212,7149584]",3,2
478098b1,478098,"[1,-1,0,-19023,1014641]",3,1
478098c1,478098,"[1,-1,0,-177,-803]",3,1
478134o1,478134,"[1,-1,1,46,97]",3,1
478134p1,478134,"[1,-1,1,-17609,979017]",3,1
478145a1,478145,"[0,0,1,-73,228]",3,1
478206a1,478206,"[1,-1,0,-2718,15444]",3,1
478227a1,478227,"[0,1,1,-584,9548]",3,1
478240a1,478240,"[0,0,0,-55468,5027008]",3,1
478240k1,478240,"[0,-1,0,-401,-2015]",3,1
478256a1,478256,"[0,1,0,-1760,27124]",3,1
478290d1,478290,"[1,0,1,-1319,18326]",3,1
478296c1,478296,"[0,0,0,-1524,36164]",3,1
478302c1,478302,"[1,0,1,-1145,15392]",3,1
478330a1,478330,"[1,-1,0,-2929,90253]",3,1
478378b1,478378,"[1,1,1,-2967,62125]",3,1
478400s1,478400,"[0,1,0,-4433,199663]",3,1
478464b1,478464,"[0,-1,0,-2359,40915]",3,2
478464b2,478464,"[0,-1,0,-8589,-259371]",3,2
478534b1,478534,"[1,0,1,-15790,763872]",3,1
478566a1,478566,"[1,-1,0,909,-5387]",3,1
478566b1,478566,"[1,-1,0,-231,1681]",3,1
478600a1,478600,"[0,-1,0,-908,-188]",3,1
478610c1,478610,"[1,0,1,-15188,718338]",3,2
478610c2,478610,"[1,0,1,-19368,290306]",3,2
478640d1,478640,"[0,1,0,-20576,1131124]",3,2
478640d2,478640,"[0,1,0,-329376,72649204]",3,2
478657a1,478657,"[1,-1,0,-209,-986]",3,1
478675a1,478675,"[0,1,1,42,144]",3,1
478675f1,478675,"[0,1,1,-21833,1246119]",3,1
478719a1,478719,"[1,-1,1,-119,-368]",3,1
478731a1,478731,"[0,-1,1,-4390,113562]",3,1
478815a1,478815,"[0,1,1,-1550,-3094]",3,1
478863a1,478863,"[0,0,1,-62877,5851926]",3,1
478881b1,478881,"[0,0,1,-50961,4393962]",3,1
478892c1,478892,"[0,0,0,20,57]",3,1
478920i1,478920,"[0,1,0,-2956,93200]",3,1
478926b1,478926,"[1,-1,0,54,328]",3,1
478947a1,478947,"[1,0,0,21,900]",3,1
478951a1,478951,"[1,0,0,-262,1611]",3,1
478958a1,478958,"[1,1,0,-41,91]",3,1
478958b1,478958,"[1,-1,1,594,17085]",3,1
478960b1,478960,"[0,-1,0,84,16]",3,1
478976c1,478976,"[0,0,0,-200,1152]",3,1
479017a1,479017,"[0,1,1,-7887,264657]",3,1
479020b1,479020,"[0,-1,0,1884,91816]",3,1
479025d1,479025,"[1,-1,1,-365,3012]",3,1
479036a1,479036,"[0,0,0,-13,69]",3,1
479052b1,479052,"[0,0,0,-237,3085]",3,1
479058a1,479058,"[1,1,0,-7161,230949]",3,1
479089a1,479089,"[0,1,1,-54711,-347121]",3,1
479154a1,479154,"[1,1,0,-1044,12384]",3,1
479164a1,479164,"[0,0,0,-8137,282385]",3,1
479202e1,479202,"[1,0,0,-1455,17721]",3,1
479259a1,479259,"[1,-1,1,-71,646]",3,2
479259a2,479259,"[1,-1,1,-1616,25366]",3,2
479286e1,479286,"[1,-1,1,-8672,305795]",3,1
479312b1,479312,"[0,1,0,-2472,46516]",3,1
479346a1,479346,"[1,1,0,-339,-1491]",3,1
479346m1,479346,"[1,0,1,-2880,54370]",3,1
479430a1,479430,"[1,-1,0,-1890,32400]",3,1
479436b1,479436,"[0,1,0,-2269,41471]",3,1
479446b1,479446,"[1,0,1,-173,1092]",3,1
479446c1,479446,"[1,0,1,-1599316,778417170]",3,3
479446c2,479446,"[1,0,1,107389,2328945534]",3,1
479493a1,479493,"[0,0,1,-126453,17933580]",3,1
479506a1,479506,"[1,1,0,-215,1129]",3,1
479536b1,479536,"[0,1,0,-4064,98116]",3,2
479536b2,479536,"[0,1,0,-5784,5236]",3,2
479572a1,479572,"[0,0,0,-40,-71]",3,1
479622b1,479622,"[1,1,0,-7439,253401]",3,1
479630a1,479630,"[1,0,1,-49,72]",3,1
479649b1,479649,"[1,0,0,-154,659]",3,1
479656a1,479656,"[0,1,0,-89,235]",3,1
479770a1,479770,"[1,-1,0,-70,100]",3,1
479770b1,479770,"[1,1,0,-252,1024]",3,1
479799b1,479799,"[1,-1,1,-386,3062]",3,1
479808m1,479808,"[0,0,0,-7644,-188944]",3,1
479808m2,479808,"[0,0,0,-219324,39522224]",3,1
479822d1,479822,"[1,1,0,-1078,-13276]",3,1
479828a1,479828,"[0,0,0,-296,-1959]",3,1
479877b1,479877,"[1,1,1,-42,102]",3,1
479877c1,479877,"[1,1,1,-84775,10948388]",3,1
479883a1,479883,"[0,-1,1,-2752,56700]",3,1
479920j1,479920,"[0,-1,0,-1176,15760]",3,1
479926a1,479926,"[1,1,0,600,2368]",3,1
479952a1,479952,"[0,0,0,-47859,-4021966]",3,1
479952a2,479952,"[0,0,0,-217539,35468226]",3,1
479987b1,479987,"[0,-1,1,-56,-12]",3,1
479988b1,479988,"[0,0,0,-273,5209]",3,1
480015c1,480015,"[1,-1,1,-473,4556]",3,1
480042a1,480042,"[1,-1,0,-1251,18981]",3,1
480043b1,480043,"[1,0,0,-55,156]",3,1
480048a1,480048,"[0,-1,0,280,7536]",3,1
480080a1,480080,"[0,0,0,-8707,311506]",3,1
480131a1,480131,"[1,-1,1,-87,300]",3,1
480153a1,480153,"[0,1,1,-8730,311060]",3,1
480178a1,480178,"[1,-1,0,-130,612]",3,1
480185a1,480185,"[0,1,1,-1030,12356]",3,1
480202a1,480202,"[1,0,0,-282,1636]",3,1
480267b1,480267,"[1,-1,1,-209,2394]",3,1
480311b1,480311,"[1,-1,1,-256,-120]",3,1
480326e1,480326,"[1,0,0,-9394,373380]",3,1
480392a1,480392,"[0,0,0,1436,151876]",3,1
480525a1,480525,"[0,1,1,-22658,1636844]",3,1
480560a1,480560,"[0,0,0,-6427,198346]",3,1
480560d1,480560,"[0,0,0,-139267,-19440126]",3,1
480563a1,480563,"[1,-1,1,15,20]",3,1
480606a1,480606,"[1,1,0,-359,2469]",3,1
480606b1,480606,"[1,1,0,-7534,247024]",3,1
480606l1,480606,"[1,1,1,-3007,50597]",3,1
480636b1,480636,"[0,0,0,-3432,51545]",3,2
480636b2,480636,"[0,0,0,-49647,4257110]",3,2
480694a1,480694,"[1,-1,1,-51,51]",3,1
480701a1,480701,"[1,0,0,-217,-174]",3,1
480816a1,480816,"[0,0,0,-9747,539730]",3,1
480824a1,480824,"[0,1,0,-328,2181]",3,1
480925b1,480925,"[1,1,1,-2728,53706]",3,1
481045a1,481045,"[1,1,1,-4075,98142]",3,1
481048a1,481048,"[0,0,0,-124,564]",3,1
481078a1,481078,"[1,0,1,-150,332]",3,1
481189a1,481189,"[0,0,1,73,174]",3,1
481270c1,481270,"[1,0,1,-164428,25648698]",3,2
481270c2,481270,"[1,0,1,-157208,28005306]",3,2
481392e1,481392,"[0,0,0,-2451,52306]",3,1
481404f1,481404,"[0,1,0,-4905,131544]",3,1
481422d1,481422,"[1,0,1,-688,6842]",3,1
481422f1,481422,"[1,0,1,-873166,110065052]",3,1
481461c1,481461,"[0,-1,1,-227,-1240]",3,1
481461c2,481461,"[0,-1,1,-1157,14477]",3,1
481510c1,481510,"[1,-1,1,-927,76551]",3,1
481510e1,481510,"[1,1,1,-1381,19179]",3,1
481523a1,481523,"[0,0,1,-11809,494520]",3,1
481574r1,481574,"[1,1,1,834083,183978675]",3,1
481574r2,481574,"[1,1,1,-17307972,28130000197]",3,1
481648a1,481648,"[0,0,0,77,274]",3,1
481686d1,481686,"[1,0,1,-282,1744]",3,1
481775a1,481775,"[1,-1,1,-915,4662]",3,1
481830b1,481830,"[1,1,0,-78,132]",3,1
481882a1,481882,"[1,0,1,22,192]",3,1
481926b1,481926,"[1,0,1,-3883,-49498]",3,1
481932a1,481932,"[0,0,0,-2784,57481]",3,1
481979a1,481979,"[0,-1,1,14,-32]",3,1
482112e1,482112,"[0,0,0,-3564,77904]",3,1
482162b1,482162,"[1,-1,1,-31,391]",3,1
482245a1,482245,"[1,1,1,-20,0]",3,1
482260a1,482260,"[0,0,0,-1372,19489]",3,1
482330f1,482330,"[1,0,0,539,3585]",3,1
482384d1,482384,"[0,-1,0,-25509,1576825]",3,1
482458a1,482458,"[1,0,1,12,-28]",3,1
482458b1,482458,"[1,0,0,-2693,53569]",3,1
482480a1,482480,"[0,0,0,77,-62]",3,1
482480d1,482480,"[0,-1,0,-523000,149000000]",3,1
482498a1,482498,"[1,0,1,15,-40]",3,1
482545a1,482545,"[0,-1,1,-2826,45666]",3,1
482568a1,482568,"[0,-1,0,-115,916]",3,1
482579a1,482579,"[1,-1,1,-1039,-8268]",3,1
482636a1,482636,"[0,1,0,-5874,171457]",3,1
483063a1,483063,"[0,1,1,-572,2210]",3,1
483092b1,483092,"[0,-1,0,-350,5581]",3,1
483112a1,483112,"[0,1,0,-497,4099]",3,1
483186a1,483186,"[1,1,0,-417389,103611741]",3,1
483198a1,483198,"[1,1,0,-49,319]",3,1
483300c1,483300,"[0,0,0,-1215,22950]",3,1
483314d1,483314,"[1,0,0,-1155,18241]",3,1
483384a1,483384,"[0,-1,0,-492,4356]",3,1
483384g1,483384,"[0,1,0,-11132,447216]",3,1
483425d1,483425,"[1,1,0,50,245]",3,1
483442d1,483442,"[1,0,0,-52102,4573284]",3,1
483522l1,483522,"[1,0,0,-40405,3113441]",3,1
483550m1,483550,"[1,1,1,3312,407281]",3,1
483552g1,483552,"[0,0,0,-381,11284]",3,2
483552g2,483552,"[0,0,0,-10236,397600]",3,2
483609a1,483609,"[1,0,0,-3490,79151]",3,1
483670a1,483670,"[1,0,1,36,236]",3,1
483723a1,483723,"[0,0,1,-4485,93118]",3,1
483754a1,483754,"[1,-1,0,-32,60]",3,1
483758m1,483758,"[1,1,1,-580,5061]",3,1
483792a1,483792,"[0,-1,0,568,1776]",3,1
483792e1,483792,"[0,-1,0,-296,3504]",3,1
483824a1,483824,"[0,1,0,-12768,558580]",3,1
483824c1,483824,"[0,0,0,-1211,-20246]",3,1
483849b1,483849,"[0,0,1,-210,1282]",3,1
483918c1,483918,"[1,1,0,-120,432]",3,1
484032c1,484032,"[0,-1,0,-1089,11745]",3,1
484038h1,484038,"[1,-1,1,-959,8039]",3,1
484094b1,484094,"[1,0,0,-742,9444]",3,1
484128a1,484128,"[0,0,0,-20172,-1075840]",3,1
484132a1,484132,"[0,-1,0,171,2230]",3,1
484152b1,484152,"[0,1,0,-1065,12699]",3,1
484160o1,484160,"[0,1,0,-48285,4067683]",3,2
484160o2,484160,"[0,1,0,-50065,3749775]",3,2
484160v1,484160,"[0,0,0,-10088,389992]",3,2
484160v2,484160,"[0,0,0,-10108,388368]",3,4
484160v3,484160,"[0,0,0,-3308,902448]",3,2
484160v4,484160,"[0,0,0,-17228,-229648]",3,2
484184a1,484184,"[0,1,0,-204,1072]",3,1
484311a1,484311,"[1,0,0,-1882,31169]",3,1
484314a1,484314,"[1,1,0,-3135,66249]",3,1
484435a1,484435,"[1,-1,1,-303,2112]",3,1
484440a1,484440,"[0,-1,0,44,3025]",3,1
484470a1,484470,"[1,-1,0,-7155,234625]",3,2
484470a2,484470,"[1,-1,0,-8505,140935]",3,2
484470d1,484470,"[1,-1,0,-5985,-151875]",3,2
484470d2,484470,"[1,-1,0,10215,-841995]",3,2
484496h1,484496,"[0,1,0,-36144,2676452]",3,1
484626q1,484626,"[1,1,1,-12812,565805]",3,1
484630a1,484630,"[1,0,1,-734,7632]",3,1
484650b1,484650,"[1,-1,0,-342,2416]",3,1
484737b1,484737,"[1,0,0,-339,2304]",3,2
484737b2,484737,"[1,0,0,-834,-6111]",3,2
484764e1,484764,"[0,-1,0,-446,4137]",3,1
484818a1,484818,"[1,0,1,50,110]",3,1
484818d1,484818,"[1,0,0,-20827,1164881]",3,1
484870b1,484870,"[1,-1,1,-3078,101781]",3,1
484904a1,484904,"[0,1,0,-177,979]",3,1
485051a1,485051,"[0,1,1,-7464,231606]",3,1
485078b1,485078,"[1,-1,0,-98,344]",3,1
485130a1,485130,"[1,1,0,-200788,34546768]",3,1
485175a1,485175,"[1,0,0,-4088,101667]",3,1
485218b1,485218,"[1,0,0,-1354,-5340]",3,1
485218d1,485218,"[1,1,1,-16182,710707]",3,1
485219a1,485219,"[0,1,1,-145,215]",3,1
485240f1,485240,"[0,-1,0,244,2500]",3,1
485246b1,485246,"[1,1,1,-938,-9033]",3,1
485247b1,485247,"[0,1,1,-3642,-36718]",3,1
485277a1,485277,"[0,-1,1,18,152]",3,1
485296a1,485296,"[0,1,0,-352,2484]",3,1
485312c1,485312,"[0,-1,0,-25,281]",3,1
485395a1,485395,"[1,0,0,185,4092]",3,1
485434b1,485434,"[1,0,0,-195,961]",3,1
485440h1,485440,"[0,1,0,-73641,5318359]",3,2
485440h2,485440,"[0,1,0,200159,35819679]",3,2
485486a1,485486,"[1,-1,0,-5623,163969]",3,1
485498e1,485498,"[1,-1,1,-26614,-1450491]",3,1
485532a1,485532,"[0,0,0,-864,9764]",3,1
485576e1,485576,"[0,-1,0,-1457,22069]",3,1
485590a1,485590,"[1,-1,0,-4909,132313]",3,1
485598a1,485598,"[1,1,0,-261,1521]",3,1
485600g1,485600,"[0,-1,0,-158,2812]",3,1
485670a1,485670,"[1,1,0,-11197,453709]",3,1
485717a1,485717,"[1,0,0,-175,876]",3,1
485786c1,485786,"[1,-1,1,-27327,1745895]",3,1
485786d1,485786,"[1,1,1,496,10737]",3,1
485810a1,485810,"[1,0,1,-4009,30252]",3,2
485810a2,485810,"[1,0,1,-36329,-2645844]",3,2
485822a1,485822,"[1,1,1,-970,11991]",3,1
485843a1,485843,"[1,0,0,-220,1101]",3,1
485982a1,485982,"[1,-1,0,-1059,-9451]",3,2
485982a2,485982,"[1,-1,0,-6099,177029]",3,2
486020a1,486020,"[0,1,0,-356,3844]",3,1
486048c1,486048,"[0,-1,0,-289,1873]",3,1
486080s1,486080,"[0,1,0,-1241,147559]",3,2
486080s2,486080,"[0,1,0,-50241,4292959]",3,2
486176a1,486176,"[0,0,0,-457,3760]",3,1
486200a1,486200,"[0,0,0,-29500,1942900]",3,1
486219a1,486219,"[0,1,1,-235,6400]",3,1
486275c1,486275,"[0,1,1,-233,1134]",3,1
486276c1,486276,"[0,1,0,-289557,40723479]",3,1
486291b1,486291,"[1,0,0,-3404,76143]",3,2
486291b2,486291,"[1,0,0,-3809,56784]",3,4
486291b3,486291,"[1,0,0,11356,399513]",3,4
486291b4,486291,"[1,0,0,-25454,-1523301]",3,2
486306b1,486306,"[1,-1,0,-441,3753]",3,1
486306c1,486306,"[1,-1,0,4950,45684]",3,1
486324c1,486324,"[0,0,0,-261,1845]",3,1
486328a1,486328,"[0,1,0,-372,3349]",3,1
486397a1,486397,"[0,0,1,-22,21]",3,1
486512a1,486512,"[0,1,0,-200,1684]",3,1
486519a1,486519,"[0,-1,1,-2377,49377]",3,1
486529a1,486529,"[0,-1,1,-94,526]",3,1
486624b1,486624,"[0,-1,0,143,1]",3,1
486624c1,486624,"[0,-1,0,-6817,218929]",3,1
486754a1,486754,"[1,-1,0,-614,5364]",3,1
486766a1,486766,"[1,1,0,-46,260]",3,1
486787a1,486787,"[1,0,0,-21,-98]",3,1
486837a1,486837,"[0,0,1,-849,9652]",3,1
486902a1,486902,"[1,0,0,316,1600]",3,1
486954k1,486954,"[1,-1,1,-1589,30989]",3,1
487041a1,487041,"[0,1,1,-2564,48356]",3,1
487070a1,487070,"[1,1,0,-8,688]",3,1
487086i1,487086,"[1,0,0,-2200,51776]",3,1
487090d1,487090,"[1,-1,0,-329,13553]",3,1
487136b1,487136,"[0,-1,0,-417,3121]",3,1
487142a1,487142,"[1,0,1,-897130,326987052]",3,1
487162c1,487162,"[1,1,0,-550,35732]",3,1
487168b1,487168,"[0,0,0,-58,64]",3,1
487222a1,487222,"[1,0,1,95,72]",3,1
487254a1,487254,"[1,1,0,-8106,277524]",3,2
487254a2,487254,"[1,1,0,-8786,227340]",3,2
487256a1,487256,"[0,1,0,-2564,-40160]",3,2
487256a2,487256,"[0,1,0,-13344,554896]",3,2
487270c1,487270,"[1,0,0,-5921,150601]",3,1
487278d1,487278,"[1,-1,0,-108,369360]",3,2
487278d2,487278,"[1,-1,0,-77868,8254224]",3,2
487380a1,487380,"[0,-1,0,-21,270]",3,1
487388a1,487388,"[0,-1,0,-1659797,843357649]",3,1
487520f1,487520,"[0,0,0,-188,-512]",3,1
487628a1,487628,"[0,0,0,-23296,1201924]",3,1
487650a1,487650,"[1,1,0,-80,300]",3,1
487680c1,487680,"[0,-1,0,-11,111]",3,1
487776b1,487776,"[0,1,0,-3434,76332]",3,1
487832a1,487832,"[0,1,0,-1252,16944]",3,1
487832c1,487832,"[0,1,0,-11,46]",3,1
487832e1,487832,"[0,0,0,-284954,58548221]",3,1
487836b1,487836,"[0,0,0,-21,205]",3,1
487878i1,487878,"[1,1,1,-244107,104615097]",3,1
487880a1,487880,"[0,1,0,-3055,-64650]",3,1
487928e1,487928,"[0,-1,0,-10984,281660]",3,1
487944e1,487944,"[0,0,0,-351,2466]",3,1
487952b1,487952,"[0,-1,0,-256,512]",3,1
487966c1,487966,"[1,1,0,25,1]",3,1
487968c1,487968,"[0,-1,0,-26494,1668580]",3,2
487968c2,487968,"[0,-1,0,-28449,1410129]",3,2
487982b1,487982,"[1,1,0,-869,15901]",3,1
488214b1,488214,"[1,-1,0,-108,436]",3,1
488262b1,488262,"[1,1,0,-36,-36]",3,1
488262e1,488262,"[1,0,1,-1973,32132]",3,1
488308a1,488308,"[0,0,0,-10024,386569]",3,1
488340g1,488340,"[0,0,0,-19137,883609]",3,1
488346b1,488346,"[1,1,0,-5,93]",3,1
488373a1,488373,"[1,0,0,-389,2874]",3,1
488406c1,488406,"[1,1,1,-237,1827]",3,1
488472a1,488472,"[0,-1,0,-44,93]",3,1
488498b1,488498,"[1,1,1,-10434,400591]",3,1
488514g1,488514,"[1,1,1,-1132,12557]",3,1
488530n1,488530,"[1,-1,1,-4248,127131]",3,1
488551c1,488551,"[1,0,0,-49140,4188671]",3,1
488592f1,488592,"[0,0,0,-2259,40914]",3,1
488645a1,488645,"[1,-1,1,-7357,249214]",3,1
488745g1,488745,"[0,0,1,-768,-5477]",3,1
488814a1,488814,"[1,0,1,-1367,19334]",3,1
488854a1,488854,"[1,0,1,41,90]",3,1
488854c1,488854,"[1,-1,0,-920,10974]",3,1
488862i1,488862,"[1,-1,1,-4514,169377]",3,1
488982b1,488982,"[1,1,0,-59,321]",3,1
488988a1,488988,"[0,0,0,-13872,1267265]",3,1
489057a1,489057,"[0,-1,1,-46,228]",3,1
489170a1,489170,"[1,1,0,-203,1153]",3,1
489185a1,489185,"[0,0,1,-8917,-320668]",3,1
489228a1,489228,"[0,-1,0,308,3544]",3,1
489288a1,489288,"[0,-1,0,-9,333]",3,1
489302b1,489302,"[1,-1,1,-324,5607]",3,1
489345a1,489345,"[1,1,1,-76070,8043770]",3,2
489345a2,489345,"[1,1,1,-76925,7852592]",3,2
489390a1,489390,"[1,1,0,-403,3553]",3,1
489396a1,489396,"[0,1,0,-970,11729]",3,1
489445a1,489445,"[1,1,1,-2241,-28412]",3,1
489546a1,489546,"[1,-1,0,-234,1944]",3,1
489616a1,489616,"[0,-1,0,-1056,16384]",3,1
489651a1,489651,"[0,-1,1,-346,2598]",3,1
489699a1,489699,"[1,-1,1,-380,-1430]",3,1
489706j1,489706,"[1,-1,0,-11951,577961]",3,1
489732a1,489732,"[0,-1,0,-537,4986]",3,1
489784a1,489784,"[0,1,0,36,-160]",3,1
489790d1,489790,"[1,-1,1,-1293,8757]",3,1
489854b1,489854,"[1,0,1,-4508,-395046]",3,1
489897a1,489897,"[0,0,1,-21,526]",3,1
489920f1,489920,"[0,0,0,-428,-48]",3,1
489953a1,489953,"[1,0,0,-54,-47]",3,1
489975e1,489975,"[1,0,0,-78,1197]",3,1
489985a1,489985,"[1,0,0,-11971,502740]",3,1
490072b1,490072,"[0,0,0,-203,1046]",3,1
490113e1,490113,"[0,0,1,-324,2190]",3,1
490150d1,490150,"[1,0,0,-1193,15577]",3,1
490180a1,490180,"[0,-1,0,-276,1960]",3,1
490196b1,490196,"[0,1,0,-4181,46423]",3,1
490240a1,490240,"[0,1,0,9,109]",3,1
490282e1,490282,"[1,0,0,8573,491841]",3,1
490308b1,490308,"[0,-1,0,-6669,21753]",3,1
490389a1,490389,"[0,1,1,-952,10660]",3,1
490410l1,490410,"[1,-1,1,-9113,338681]",3,1
490501c1,490501,"[0,-1,1,67983,6545922]",3,1
490590a1,490590,"[1,-1,0,-450,4900]",3,1
490593a1,490593,"[0,-1,1,-1487,23150]",3,1
490605a1,490605,"[0,-1,1,-520,4788]",3,1
490658a1,490658,"[1,0,1,-79934,8691120]",3,1
490696b1,490696,"[0,-1,0,212,-5116]",3,1
490704c1,490704,"[0,-1,0,-176,672]",3,1
490731c1,490731,"[0,1,1,-9851,373154]",3,1
490826a1,490826,"[1,-1,0,-61,-119]",3,1
490842c1,490842,"[1,-1,0,12,4480]",3,2
490842c2,490842,"[1,-1,0,-4008,96940]",3,2
490842e1,490842,"[1,-1,0,6822,-83484]",3,2
490842e2,490842,"[1,-1,0,-29358,-669600]",3,2
490851a1,490851,"[1,-1,1,-230,2126]",3,1
490893b1,490893,"[0,1,1,-794,37136]",3,1
490945j1,490945,"[0,1,1,-124271,16810785]",3,3
490945j2,490945,"[0,1,1,-404811,-79933434]",3,1
490976a1,490976,"[0,0,0,-1129,14596]",3,1
491077a1,491077,"[0,0,1,-61,180]",3,1
491144b1,491144,"[0,1,0,-193,-189]",3,1
491148a1,491148,"[0,0,0,-2064,-35516]",3,1
491172a1,491172,"[0,-1,0,-142,-479]",3,1
491232a1,491232,"[0,-1,0,-490,-4004]",3,2
491232a2,491232,"[0,-1,0,-705,81]",3,2
491241a1,491241,"[0,-1,1,6,56]",3,1
491304b1,491304,"[0,1,0,-12185,-93621]",3,1
491317a1,491317,"[0,-1,1,-84,324]",3,1
491370k1,491370,"[1,1,1,-3551,77573]",3,2
491370k2,491370,"[1,1,1,-56351,5125253]",3,2
491434a1,491434,"[1,-1,0,-286,-944]",3,1
491526d1,491526,"[1,-1,0,132,1616]",3,2
491526d2,491526,"[1,-1,0,-1548,21440]",3,2
491562b1,491562,"[1,-1,0,-474,-2908]",3,1
491598i1,491598,"[1,-1,1,-2021,32285]",3,1
491601a1,491601,"[1,1,1,32,194]",3,1
491637b1,491637,"[0,1,1,-1383533,625911137]",3,1
491715e1,491715,"[1,-1,1,-608,2202]",3,2
491715e2,491715,"[1,-1,1,-5333,-147108]",3,2
491754a1,491754,"[1,1,0,-1339,18781]",3,1
491760a1,491760,"[0,0,0,-2283,41882]",3,1
491776a1,491776,"[0,1,0,-5123,139441]",3,2
491776a2,491776,"[0,1,0,-5133,138859]",3,2
491835b1,491835,"[1,0,0,-84066,9386721]",3,1
491904r1,491904,"[0,0,0,-33204,2391856]",3,1
491960b1,491960,"[0,1,0,-625,1875]",3,1
491985s1,491985,"[0,0,1,-1218,318514]",3,1
491985s2,491985,"[0,0,1,-392718,94728739]",3,1
492001a1,492001,"[0,1,1,-242,-240]",3,1
492044a1,492044,"[0,0,0,-152,100]",3,1
492062a1,492062,"[1,0,1,20,90]",3,1
492099c1,492099,"[1,1,1,-29,2]",3,1
492154a1,492154,"[1,1,0,-5969,175081]",3,1
492168a1,492168,"[0,-1,0,-49,373]",3,1
492210c1,492210,"[1,-1,0,-3159,68665]",3,1
492264f1,492264,"[0,0,0,-3900,97652]",3,1
492265a1,492265,"[1,1,1,-141,688]",3,1
492273a1,492273,"[1,-1,1,-734,7314]",3,1
492288q1,492288,"[0,1,0,-72087,7424901]",3,1
492318g1,492318,"[1,-1,1,-2459,29899]",3,1
492321a1,492321,"[1,1,1,-34623,2872662]",3,1
492352e1,492352,"[0,1,0,-849,9967]",3,1
492378a1,492378,"[1,1,0,-295,1717]",3,1
492410b1,492410,"[1,0,1,-1043,12858]",3,2
492410b2,492410,"[1,0,1,-1293,6158]",3,2
492474b1,492474,"[1,1,1,-257,767]",3,1
492486c1,492486,"[1,0,0,-2717,89649]",3,1
492525a1,492525,"[0,0,1,-1875,30006]",3,1
492590a1,492590,"[1,-1,0,-1450,24436]",3,1
492624f1,492624,"[0,0,0,-48459,4099066]",3,1
492702b1,492702,"[1,0,1,1550,47840]",3,1
492708b1,492708,"[0,1,0,-92,55044]",3,1
492720a1,492720,"[0,-1,0,-456,3600]",3,1
492864p1,492864,"[0,-1,0,-1433,12249]",3,2
492864p2,492864,"[0,-1,0,4607,83521]",3,2
492960m1,492960,"[0,-1,0,-11070,451332]",3,2
492960m2,492960,"[0,-1,0,-14625,140625]",3,2
493031b1,493031,"[1,0,0,-336,2107]",3,1
493065b1,493065,"[1,-1,1,-26627,1682876]",3,1
493086f1,493086,"[1,0,1,-21655,1224782]",3,1
493086g1,493086,"[1,1,1,-3147,70905]",3,1
493116a1,493116,"[0,-1,0,-6169,188554]",3,2
493116a2,493116,"[0,-1,0,-6604,160888]",3,2
493118a1,493118,"[1,0,1,-577,5280]",3,1
493124a1,493124,"[0,1,0,-772,14436]",3,1
493130a1,493130,"[1,0,1,-474,4172]",3,1
493136e1,493136,"[0,1,0,-124917,17160751]",3,1
493136e2,493136,"[0,1,0,455243,86054751]",3,1
493176d1,493176,"[0,1,0,-180,5184]",3,1
493206g1,493206,"[1,1,1,-3717,34827]",3,1
493230n1,493230,"[1,1,1,-2656,45953]",3,2
493230n2,493230,"[1,1,1,3744,240513]",3,2
493344a1,493344,"[0,0,0,-171,-850]",3,1
493376a1,493376,"[0,1,0,-11497,468471]",3,1
493458a1,493458,"[1,1,0,-3178,68176]",3,1
493470l1,493470,"[1,-1,1,-3758,91581]",3,1
493518a1,493518,"[1,1,0,-337,2965]",3,1
493518b1,493518,"[1,1,0,-461150,132195828]",3,1
493578a1,493578,"[1,-1,0,-1179,16119]",3,1
493578h1,493578,"[1,-1,1,-21812,4166295]",3,1
493612h1,493612,"[0,-1,0,-9497,359674]",3,1
493648a1,493648,"[0,1,0,-416,-1292]",3,1
493651a1,493651,"[0,1,1,-7,32]",3,1
493696a1,493696,"[0,-1,0,-147,931]",3,1
493776a1,493776,"[0,0,0,-1107,14130]",3,1
493792a1,493792,"[0,1,0,-241,1311]",3,1
493866c1,493866,"[1,-1,1,-86,1381]",3,1
493938e1,493938,"[1,-1,1,-1361,23617]",3,1
493952a1,493952,"[0,0,0,-214,1204]",3,1
493952b1,493952,"[0,0,0,-7198,-7196]",3,1
494016c1,494016,"[0,-1,0,-55977,5116329]",3,1
494016ca1,494016,"[0,1,0,-2217,76311]",3,1
494054a1,494054,"[1,0,0,-3522,80836]",3,1
494058a1,494058,"[1,1,0,-1444,-11156]",3,1
494082d1,494082,"[1,-1,1,-41,2121]",3,1
494119a1,494119,"[1,0,1,-2177,38901]",3,1
494151a1,494151,"[1,0,0,-2842,57929]",3,1
494160w1,494160,"[0,-1,0,-19120,1062400]",3,2
494160w2,494160,"[0,-1,0,-309120,66254400]",3,2
494177a1,494177,"[1,0,0,-1327,18504]",3,1
494201a1,494201,"[1,-1,1,-90,306]",3,1
494205a1,494205,"[0,-1,1,-566,2786]",3,1
494243a1,494243,"[0,0,1,-76,257]",3,1
494312a1,494312,"[0,0,0,-21259,1193059]",3,1
494312g1,494312,"[0,-1,0,-996,-1931]",3,1
494312k1,494312,"[0,0,0,1225,18522]",3,1
494341a1,494341,"[0,-1,1,-26,48]",3,1
494361e1,494361,"[1,-1,1,-99896,-11928094]",3,2
494361e2,494361,"[1,-1,1,-207941,18540596]",3,4
494361e3,494361,"[1,-1,1,-2847326,1849218032]",3,2
494361e4,494361,"[1,-1,1,702724,136562780]",3,2
494400p1,494400,"[0,-1,0,167,2137]",3,1
494400en1,494400,"[0,1,0,-3033,66663]",3,1
494424b1,494424,"[0,0,0,-279,954]",3,1
494460a1,494460,"[0,0,0,-1008,12393]",3,1
494475a1,494475,"[0,-1,1,-91408,10601718]",3,1
494487d1,494487,"[1,-1,1,-1661,-24604]",3,2
494487d2,494487,"[1,-1,1,-4496,84260]",3,2
494495b1,494495,"[0,1,1,19,75]",3,1
494532a1,494532,"[0,0,0,324,7641]",3,1
494566a1,494566,"[1,1,0,15,49]",3,1
494578b1,494578,"[1,-1,1,-44466,3669681]",3,1
494598a1,494598,"[1,1,0,-15916,751360]",3,2
494598a2,494598,"[1,1,0,1424,2322364]",3,2
494614a1,494614,"[1,1,0,-2091,35389]",3,1
494712a1,494712,"[0,0,0,-426,3301]",3,1
494712e1,494712,"[0,0,0,-1695,-398]",3,1
494720g1,494720,"[0,-1,0,-745,8057]",3,1
494728a1,494728,"[0,1,0,71,5835]",3,1
494810a1,494810,"[1,-1,0,-595,5685]",3,1
494916a1,494916,"[0,-1,0,-34,49]",3,1
494973a1,494973,"[0,0,1,-237,1066]",3,1
494976e1,494976,"[0,-1,0,419,4837]",3,1
494980b1,494980,"[0,1,0,-525,2500]",3,1
495036a1,495036,"[0,0,0,231,-1231]",3,1
495072a1,495072,"[0,0,0,-9,144]",3,1
495100a1,495100,"[0,0,0,200,3625]",3,1
495206a1,495206,"[1,0,0,-247,1449]",3,1
495256a1,495256,"[0,0,0,-2731,54934]",3,1
495274b1,495274,"[1,0,0,-3532,95376]",3,1
495306d1,495306,"[1,-1,0,1647,48541]",3,1
495352a1,495352,"[0,0,0,-199,874]",3,1
495354b1,495354,"[1,0,1,-847,7874]",3,1
495450j1,495450,"[1,-1,0,-837,9621]",3,1
495466a1,495466,"[1,0,1,-515,4542]",3,1
495729a1,495729,"[0,0,1,153,226]",3,1
495729d1,495729,"[0,0,1,-1836,572690]",3,1
495783a1,495783,"[0,0,1,-291,1836]",3,1
495783b1,495783,"[1,-1,1,-860,10064]",3,1
495792a1,495792,"[0,0,0,-9507,343330]",3,2
495792a2,495792,"[0,0,0,-25347,-1098110]",3,2
495796a1,495796,"[0,1,0,-85,324]",3,1
495822j1,495822,"[1,1,1,-1002,9207]",3,1
495850c1,495850,"[1,1,0,-209325,-4707875]",3,1
495872c1,495872,"[0,-1,0,-107,-689]",3,1
495883a1,495883,"[0,1,1,5,35]",3,1
495895a1,495895,"[1,0,0,-12540,531367]",3,2
495895a2,495895,"[1,0,0,-445,1515900]",3,2
495942c1,495942,"[1,1,0,-445,3433]",3,1
495952f1,495952,"[0,0,0,-12803,557826]",3,1
495963e1,495963,"[0,0,1,9,32]",3,1
495963f1,495963,"[1,-1,1,21409,-1613438]",3,1
495963i1,495963,"[0,0,1,-3186,69230]",3,1
495963k1,495963,"[1,-1,0,-13713,621524]",3,1
495972a1,495972,"[0,0,0,2913,5830]",3,1
496032a1,496032,"[0,-1,0,-62,204]",3,1
496056a1,496056,"[0,1,0,-1332,20736]",3,1
496172a1,496172,"[0,1,0,-202,-759]",3,1
496188c1,496188,"[0,0,0,2976,14884]",3,1
496202c1,496202,"[1,0,1,-1564,24750]",3,1
496239a1,496239,"[0,-1,1,-33,56]",3,1
496337d1,496337,"[1,-1,0,-10397,-405382]",3,1
496382a1,496382,"[1,0,0,-16,192]",3,1
496400o1,496400,"[0,-1,0,-15008,32512]",3,1
496540a1,496540,"[0,0,0,-2113,38737]",3,1
496620e1,496620,"[0,0,0,-2568,50033]",3,1
496624a1,496624,"[0,-1,0,-672,-6464]",3,1
496638l1,496638,"[1,-1,1,-1139,11859]",3,1
496674b1,496674,"[1,-1,0,-509103,138824365]",3,1
496706d1,496706,"[1,-1,0,-2105,-31203]",3,1
496713g1,496713,"[1,0,0,-3550,-80389]",3,2
496713g2,496713,"[1,0,0,-7365,121806]",3,2
496737a1,496737,"[1,-1,1,-473,4038]",3,1
496767a1,496767,"[0,-1,1,-72,182]",3,1
496872a1,496872,"[0,0,0,-279,-486]",3,1
496982a1,496982,"[1,1,0,-229,1229]",3,1
497002c1,497002,"[1,1,0,-154,704]",3,1
497030a1,497030,"[1,0,1,11,192]",3,1
497030i1,497030,"[1,-1,1,-18612,959511]",3,1
497042a1,497042,"[1,0,0,-1574,-7196]",3,1
497055a1,497055,"[1,1,1,-87735,10343790]",3,1
497058d1,497058,"[1,1,1,-2172,35037]",3,1
497103a1,497103,"[1,1,1,-127,-208]",3,1
497120a1,497120,"[0,-1,0,-2886,63340]",3,1
497181a1,497181,"[0,1,1,-182,182]",3,1
497344c1,497344,"[0,1,0,535,2167]",3,1
497349g1,497349,"[0,0,1,-1560,-3321]",3,1
497398d1,497398,"[1,0,0,-11446,725412]",3,1
497408c1,497408,"[0,1,0,13,49]",3,1
497440a1,497440,"[0,1,0,-20465,1120063]",3,1
497440h1,497440,"[0,0,0,628,107136]",3,1
497462a1,497462,"[1,1,0,-136,-640]",3,1
497536i1,497536,"[0,-1,0,-537,6889]",3,1
497616e1,497616,"[0,-1,0,-2912,51936]",3,1
497637a1,497637,"[0,0,1,-129,13212]",3,1
497712m1,497712,"[0,1,0,-52600,4626644]",3,1
497728j1,497728,"[0,-1,0,-309,2245]",3,1
497789a1,497789,"[0,1,1,-268,1610]",3,1
497846a1,497846,"[1,-1,0,-64,64]",3,1
497926g1,497926,"[1,0,0,-7299,224065]",3,1
498015a1,498015,"[0,0,1,-89193,10626948]",3,1
498127a1,498127,"[1,-1,1,-72,-198]",3,1
498150bz1,498150,"[1,-1,1,-4430,104797]",3,1
498160f1,498160,"[0,-1,0,5960,767600]",3,1
498160f2,498160,"[0,-1,0,-488040,131474800]",3,1
498210b1,498210,"[1,1,0,-4137,100629]",3,1
498272a1,498272,"[0,1,0,-208,1080]",3,1
498294r1,498294,"[1,-1,1,-7682,-47615]",3,1
498310a1,498310,"[1,0,1,-64,1086]",3,1
498310b1,498310,"[1,0,1,7766,339996]",3,1
498471a1,498471,"[0,1,1,-365,-2290]",3,1
498525a1,498525,"[0,-1,1,-25528,1578408]",3,1
498536a1,498536,"[0,-1,0,-444,3748]",3,1
498675d1,498675,"[1,1,1,-3538,79406]",3,2
498675d2,498675,"[1,1,1,-4663,23156]",3,4
498675d3,498675,"[1,1,1,18212,206156]",3,2
498675d4,498675,"[1,1,1,-45538,-3737344]",3,2
498675h1,498675,"[1,0,0,-5488,100967]",3,2
498675h2,498675,"[1,0,0,-35863,-2541658]",3,2
498717c1,498717,"[1,-1,1,16,694]",3,1
498936c1,498936,"[0,1,0,-20,5184]",3,1
498942a1,498942,"[1,-1,0,-2511,49081]",3,1
498942b1,498942,"[1,-1,0,144,-5184]",3,1
498980b1,498980,"[0,1,0,-930,6553]",3,1
499052b1,499052,"[0,-1,0,-178,-55]",3,1
499070a1,499070,"[1,0,1,-884,11046]",3,1
499143a1,499143,"[1,0,0,118,1521]",3,1
499163a1,499163,"[0,0,1,245,-772]",3,1
499163e1,499163,"[1,0,0,-155,776]",3,1
499185a1,499185,"[1,-1,1,-25367,1574034]",3,1
499278b1,499278,"[1,1,0,-13026,561060]",3,2
499278b2,499278,"[1,1,0,-2646,1443360]",3,2
499280b1,499280,"[0,1,0,-816,8020]",3,1
499280b2,499280,"[0,1,0,-13456,-603756]",3,1
499284b1,499284,"[0,0,0,-281016,57344004]",3,1
499287b1,499287,"[0,1,1,-476,3842]",3,1
499341a1,499341,"[0,1,1,-222,812]",3,1
499400b1,499400,"[0,1,0,452,-1167]",3,1
499400g1,499400,"[0,0,0,-575,10375]",3,1
499467a1,499467,"[1,1,1,-1542,22662]",3,1
499520c1,499520,"[0,0,0,-412,16]",3,1
499522a1,499522,"[1,-1,0,-149,737]",3,1
499548a1,499548,"[0,-1,0,-1142,15321]",3,1
499617a1,499617,"[0,0,1,96,387]",3,1
499653b1,499653,"[1,-1,1,-104,382]",3,1
499662n1,499662,"[1,-1,1,-11462,128085]",3,1
499743a1,499743,"[0,0,1,-783,-1060]",3,1
499773a1,499773,"[1,1,1,-52,110]",3,1
499878d1,499878,"[1,-1,1,-149,429]",3,1
499881a1,499881,"[1,1,1,20,56]",3,1
499886a1,499886,"[1,0,0,100,16]",3,1
499975a1,499975,"[0,1,1,-9408,346344]",3,1
